Date,Open,High,Low,Close,Volume
2021-10-01,14663.1943359375,14686.46875,14476.994140625,14663.1943359375,13838721
2021-10-04,14570.09375,14616.6435546875,14244.2451171875,14430.4443359375,1215686717
2021-10-05,14430.4443359375,14663.1943359375,14430.4443359375,14663.1943359375,6256307
2021-10-06,14663.1943359375,14663.1943359375,14663.1943359375,14663.1943359375,0
2021-10-07,14663.1943359375,14663.1943359375,14523.5439453125,14523.5439453125,4644056
2021-10-08,14523.5439453125,14523.5439453125,14523.5439453125,14523.5439453125,0
2021-10-11,14523.5439453125,14523.5439453125,14523.5439453125,14523.5439453125,0
2021-10-12,15314.8916015625,15314.8916015625,15082.142578125,15175.2421875,7272423
2021-10-13,15175.2421875,15314.8916015625,15128.6923828125,15175.2421875,7968451
2021-10-14,15175.2421875,15175.2421875,15175.2421875,15175.2421875,0
2021-10-15,15128.6923828125,15151.966796875,14942.4931640625,14989.04296875,6394868
2021-10-18,14989.04296875,14989.04296875,14989.04296875,14989.04296875,0
2021-10-19,15082.142578125,15082.142578125,14849.3935546875,15035.5927734375,7766732
2021-10-20,15035.5927734375,15198.5166015625,14802.84375,15035.5927734375,8262974
2021-10-21,15035.5927734375,15035.5927734375,14779.568359375,14779.568359375,8876940
2021-10-22,14849.3935546875,14872.66796875,14639.9189453125,14709.744140625,8221513
2021-10-25,14709.744140625,14709.744140625,14709.744140625,14709.744140625,0
2021-10-26,14709.744140625,14709.744140625,14709.744140625,14709.744140625,0
2021-10-27,14709.744140625,14709.744140625,14709.744140625,14709.744140625,0
2021-10-28,14733.0185546875,14826.1181640625,14663.1943359375,14826.1181640625,9987363
2021-10-29,14826.1181640625,15361.44140625,14779.568359375,15361.44140625,29209778
2021-11-01,15361.44140625,15361.44140625,15361.44140625,15361.44140625,0
2021-11-02,15221.7919921875,15431.265625,15151.966796875,15431.265625,15057415
2021-11-03,15501.0908203125,15873.4892578125,15477.8154296875,15757.1142578125,28056176
2021-11-04,15850.2138671875,15850.2138671875,15570.9150390625,15594.1904296875,9017005
2021-11-05,15733.83984375,15733.83984375,15501.0908203125,15594.1904296875,8522911
2021-11-08,15594.1904296875,15664.0146484375,15454.541015625,15547.640625,11568894
2021-11-09,15547.640625,15733.83984375,15524.365234375,15570.9150390625,10844080
2021-11-10,15594.1904296875,15617.46484375,15431.265625,15547.640625,9382205
2021-11-11,15501.0908203125,15617.46484375,15128.6923828125,15361.44140625,15315633
2021-11-12,15361.44140625,15524.365234375,15198.5166015625,15524.365234375,9400895
2021-11-15,15547.640625,15640.740234375,15477.8154296875,15547.640625,10481028
2021-11-16,15524.365234375,15547.640625,15268.341796875,15431.265625,11195531
2021-11-17,15431.265625,15594.1904296875,15268.341796875,15501.0908203125,9367382
2021-11-18,15594.1904296875,15594.1904296875,15128.6923828125,15128.6923828125,11810141
2021-11-19,15128.6923828125,15128.6923828125,15128.6923828125,15128.6923828125,0
2021-11-22,15594.1904296875,16199.337890625,15361.44140625,15896.763671875,19658507
2021-11-23,15943.3134765625,15966.5888671875,15687.2900390625,15803.6640625,8248366
2021-11-24,15780.3896484375,16501.912109375,15710.564453125,16455.361328125,30710751
2021-11-25,16525.1875,16548.4609375,16269.1630859375,16362.2626953125,15216814
2021-11-26,16362.2626953125,16432.087890625,16106.23828125,16106.23828125,13338396
2021-11-29,15733.83984375,15966.5888671875,15733.83984375,15896.763671875,13094572
2021-11-30,16013.138671875,16059.6884765625,15454.541015625,15501.0908203125,13201769
2021-12-01,15407.9912109375,15594.1904296875,15384.7158203125,15594.1904296875,7777473
2021-12-02,15640.740234375,15640.740234375,15454.541015625,15454.541015625,5682084
2021-12-03,15547.640625,15617.46484375,15151.966796875,15151.966796875,10561372
2021-12-06,15035.5927734375,15268.341796875,14733.0185546875,15035.5927734375,13961385
2021-12-07,15128.6923828125,15338.166015625,14942.4931640625,15338.166015625,6074351
2021-12-08,15198.5166015625,15547.640625,15151.966796875,15407.9912109375,6230958
2021-12-09,15361.44140625,15501.0908203125,15268.341796875,15501.0908203125,4631596
2021-12-10,15454.541015625,15640.740234375,15407.9912109375,15547.640625,10162230
2021-12-13,15617.46484375,15733.83984375,15501.0908203125,15547.640625,6471990
2021-12-14,15501.0908203125,15594.1904296875,15407.9912109375,15501.0908203125,4571660
2021-12-15,15407.9912109375,15617.46484375,15384.7158203125,15547.640625,4560490
2021-12-16,15594.1904296875,15617.46484375,15361.44140625,15361.44140625,4953402
2021-12-17,15431.265625,15501.0908203125,15384.7158203125,15454.541015625,5163285
2021-12-20,15454.541015625,15501.0908203125,15291.6162109375,15407.9912109375,7080800
2021-12-21,15338.166015625,15338.166015625,15268.341796875,15268.341796875,5199590
2021-12-22,15198.5166015625,15338.166015625,15198.5166015625,15221.7919921875,7272208
2021-12-23,15175.2421875,15198.5166015625,14895.943359375,15128.6923828125,8883600
2021-12-24,15128.6923828125,15431.265625,14989.04296875,15361.44140625,9393376
2021-12-27,15501.0908203125,15501.0908203125,15314.8916015625,15431.265625,5283586
2021-12-28,15431.265625,15710.564453125,15384.7158203125,15664.0146484375,7470275
2021-12-29,15757.1142578125,15920.0390625,15687.2900390625,15733.83984375,8200246
2021-12-30,15687.2900390625,15826.939453125,15594.1904296875,15780.3896484375,3908930
2021-12-31,15826.939453125,16082.9638671875,15826.939453125,16059.6884765625,12141399
2022-01-03,16059.6884765625,16059.6884765625,16059.6884765625,16059.6884765625,0
2022-01-04,16199.337890625,16199.337890625,15943.3134765625,16013.138671875,9785214
2022-01-05,15989.8642578125,15989.8642578125,15664.0146484375,15687.2900390625,12748706
2022-01-06,15594.1904296875,15826.939453125,15407.9912109375,15710.564453125,12188446
2022-01-07,15780.3896484375,15803.6640625,15501.0908203125,15501.0908203125,7140306
2022-01-10,15361.44140625,15547.640625,15338.166015625,15361.44140625,12230336
2022-01-11,15361.44140625,15384.7158203125,15221.7919921875,15245.06640625,13738183
2022-01-12,15221.7919921875,15617.46484375,15151.966796875,15407.9912109375,16732609
2022-01-13,15664.0146484375,15943.3134765625,15431.265625,15524.365234375,13989097
2022-01-14,15524.365234375,15570.9150390625,15361.44140625,15384.7158203125,4169940
2022-01-17,15407.9912109375,15664.0146484375,15245.06640625,15245.06640625,15649254
2022-01-18,15245.06640625,15384.7158203125,15035.5927734375,15268.341796875,9178552
2022-01-19,15268.341796875,15501.0908203125,15268.341796875,15361.44140625,4519888
2022-01-20,15361.44140625,15431.265625,15221.7919921875,15338.166015625,7338159
2022-01-21,15338.166015625,15826.939453125,15314.8916015625,15570.9150390625,9460831
2022-01-24,15594.1904296875,16245.8876953125,15594.1904296875,15989.8642578125,28324705
2022-01-25,15989.8642578125,16315.712890625,15989.8642578125,16222.61328125,9200250
2022-01-26,16292.4375,16734.66015625,16292.4375,16501.912109375,18248190
2022-01-27,16478.63671875,16478.63671875,16082.9638671875,16245.8876953125,13027762
2022-01-28,16245.8876953125,16292.4375,16013.138671875,16082.9638671875,22036819
2022-01-31,16082.9638671875,16082.9638671875,16082.9638671875,16082.9638671875,0
2022-02-01,16082.9638671875,16082.9638671875,16082.9638671875,16082.9638671875,0
2022-02-02,16082.9638671875,16082.9638671875,16082.9638671875,16082.9638671875,0
2022-02-03,16082.9638671875,16082.9638671875,16082.9638671875,16082.9638671875,0
2022-02-04,16082.9638671875,16082.9638671875,16082.9638671875,16082.9638671875,0
2022-02-07,16292.4375,16362.2626953125,16129.513671875,16152.7880859375,9770177
2022-02-08,16152.7880859375,16757.935546875,16152.7880859375,16641.560546875,69734316
2022-02-09,16711.38671875,16734.66015625,16525.1875,16571.736328125,21803950
2022-02-10,16571.736328125,16664.8359375,16455.361328125,16548.4609375,16396410
2022-02-11,16432.087890625,16920.859375,16408.8125,16618.287109375,20569788
2022-02-14,16478.63671875,16571.736328125,15826.939453125,15826.939453125,28256176
2022-02-15,15826.939453125,15826.939453125,15826.939453125,15826.939453125,0
2022-02-16,16152.7880859375,16152.7880859375,15826.939453125,15920.0390625,10954929
2022-02-17,15896.763671875,16036.4140625,15873.4892578125,15966.5888671875,8406262
2022-02-18,15873.4892578125,15943.3134765625,15687.2900390625,15757.1142578125,15721649
2022-02-21,15780.3896484375,16013.138671875,15617.46484375,16013.138671875,15650113
2022-02-22,15826.939453125,16152.7880859375,15640.740234375,16152.7880859375,17389325
2022-02-23,16199.337890625,16338.9873046875,16106.23828125,16106.23828125,12583506
2022-02-24,15989.8642578125,16106.23828125,15570.9150390625,16036.4140625,19103617
2022-02-25,16059.6884765625,16176.0634765625,15966.5888671875,15989.8642578125,11833342
2022-02-28,15966.5888671875,15989.8642578125,15780.3896484375,15780.3896484375,8285960
2022-03-01,15826.939453125,15826.939453125,15617.46484375,15757.1142578125,12053537
2022-03-02,15687.2900390625,15826.939453125,15314.8916015625,15314.8916015625,29820951
2022-03-03,15361.44140625,15570.9150390625,15314.8916015625,15570.9150390625,17544857
2022-03-04,15547.640625,15966.5888671875,15361.44140625,15966.5888671875,14876748
2022-03-07,15594.1904296875,15733.83984375,15431.265625,15477.8154296875,10084893
2022-03-08,15361.44140625,15454.541015625,15151.966796875,15175.2421875,15514130
2022-03-09,15245.06640625,15338.166015625,15082.142578125,15221.7919921875,8962440
2022-03-10,15361.44140625,15547.640625,15314.8916015625,15314.8916015625,4725689
2022-03-11,15268.341796875,15338.166015625,15175.2421875,15221.7919921875,5832245
2022-03-14,15128.6923828125,15268.341796875,15105.4169921875,15221.7919921875,5853728
2022-03-15,15268.341796875,15431.265625,15221.7919921875,15268.341796875,5908078
2022-03-16,15314.8916015625,15384.7158203125,15198.5166015625,15268.341796875,7076718
2022-03-17,15431.265625,15454.541015625,15268.341796875,15268.341796875,5629022
2022-03-18,15361.44140625,15407.9912109375,15268.341796875,15268.341796875,5578968
2022-03-21,15314.8916015625,15361.44140625,15221.7919921875,15338.166015625,7094549
2022-03-22,15361.44140625,15547.640625,15361.44140625,15501.0908203125,7140736
2022-03-23,15454.541015625,15547.640625,15431.265625,15454.541015625,4425366
2022-03-24,15384.7158203125,15454.541015625,15291.6162109375,15314.8916015625,6172096
2022-03-25,15314.8916015625,15431.265625,15221.7919921875,15221.7919921875,7171241
2022-03-28,15221.7919921875,15268.341796875,15035.5927734375,15058.8671875,10474368
2022-03-29,15105.4169921875,15198.5166015625,15035.5927734375,15058.8671875,7873069
2022-03-30,15082.142578125,15314.8916015625,15035.5927734375,15175.2421875,8924846
2022-03-31,15221.7919921875,15454.541015625,15175.2421875,15384.7158203125,11865566
2022-04-01,15384.7158203125,15547.640625,15361.44140625,15547.640625,12600477
2022-04-04,15640.740234375,15687.2900390625,15547.640625,15594.1904296875,10299502
2022-04-05,15547.640625,15547.640625,15338.166015625,15361.44140625,9685106
2022-04-06,15291.6162109375,15501.0908203125,15245.06640625,15454.541015625,8929357
2022-04-07,15547.640625,15896.763671875,15477.8154296875,15640.740234375,20728113
2022-04-08,15687.2900390625,15826.939453125,15664.0146484375,15757.1142578125,19128752
2022-04-11,15757.1142578125,15757.1142578125,15757.1142578125,15757.1142578125,0
2022-04-12,15757.1142578125,15757.1142578125,15524.365234375,15570.9150390625,10576195
2022-04-13,15594.1904296875,15757.1142578125,15501.0908203125,15664.0146484375,10856969
2022-04-14,15664.0146484375,15896.763671875,15640.740234375,15733.83984375,10527859
2022-04-15,15733.83984375,15826.939453125,15570.9150390625,15617.46484375,11574910
2022-04-18,15594.1904296875,15640.740234375,15268.341796875,15268.341796875,12774270
2022-04-19,15175.2421875,15268.341796875,14709.744140625,14733.0185546875,11266208
2022-04-20,14756.2939453125,14989.04296875,14733.0185546875,14849.3935546875,9646653
2022-04-21,14895.943359375,15128.6923828125,14663.1943359375,14663.1943359375,12674162
2022-04-22,14756.2939453125,15175.2421875,14756.2939453125,15035.5927734375,11146766
2022-04-25,15035.5927734375,15105.4169921875,14197.6953125,14197.6953125,17707049
2022-04-26,14197.6953125,14546.8193359375,13964.9462890625,14383.89453125,13117128
2022-04-27,14290.794921875,14523.5439453125,14104.595703125,14383.89453125,6083374
2022-04-28,14244.2451171875,14523.5439453125,14244.2451171875,14430.4443359375,3230302
2022-04-29,14430.4443359375,15221.7919921875,14314.0703125,15221.7919921875,9969748
2022-05-02,15221.7919921875,15221.7919921875,15221.7919921875,15221.7919921875,0
2022-05-03,15221.7919921875,15221.7919921875,15221.7919921875,15221.7919921875,0
2022-05-04,15012.3173828125,15128.6923828125,14779.568359375,14779.568359375,4425795
2022-05-05,15035.5927734375,15035.5927734375,14570.09375,14756.2939453125,6893689
2022-05-06,14523.5439453125,14802.84375,14360.6201171875,14430.4443359375,4125257
2022-05-09,14430.4443359375,14430.4443359375,13825.296875,14244.2451171875,11119698
2022-05-10,14104.595703125,14430.4443359375,13918.396484375,14337.3447265625,8270923
2022-05-11,14337.3447265625,14709.744140625,14244.2451171875,14709.744140625,4982403
2022-05-12,14290.794921875,14546.8193359375,13732.197265625,13732.197265625,6719682
2022-05-13,13918.396484375,14104.595703125,12801.201171875,12801.201171875,13195754
2022-05-16,12871.025390625,13359.798828125,12801.201171875,12847.7509765625,11036776
2022-05-17,12847.7509765625,13662.373046875,12801.201171875,13615.8232421875,5623866
2022-05-18,13825.296875,13848.572265625,13406.3486328125,13476.173828125,7564153
2022-05-19,13220.1494140625,13499.4482421875,13080.5,13313.2490234375,3987985
2022-05-20,13313.2490234375,13639.09765625,13313.2490234375,13522.7236328125,4158984
2022-05-23,13545.998046875,13639.09765625,13173.599609375,13243.423828125,2551030
2022-05-24,13406.3486328125,13406.3486328125,13103.7744140625,13406.3486328125,3381538
2022-05-25,13406.3486328125,13964.9462890625,13406.3486328125,13964.9462890625,8196809
2022-05-26,14151.1455078125,14197.6953125,13964.9462890625,14127.87109375,5780258
2022-05-27,14337.3447265625,14802.84375,14244.2451171875,14802.84375,10549557
2022-05-30,14895.943359375,14895.943359375,14663.1943359375,14872.66796875,4821071
2022-05-31,14756.2939453125,14802.84375,14663.1943359375,14686.46875,5045132
2022-06-01,14802.84375,14802.84375,14476.994140625,14476.994140625,7569094
2022-06-02,14476.994140625,14476.994140625,14476.994140625,14476.994140625,0
2022-06-03,14837.755859375,14895.943359375,14488.6318359375,14721.380859375,2422350
2022-06-06,14721.380859375,14866.849609375,14663.1943359375,14721.380859375,2919538
2022-06-07,14721.380859375,14721.380859375,14139.5087890625,14517.7255859375,3875417
2022-06-08,14488.6318359375,14954.1298828125,14343.1640625,14954.1298828125,7724712
2022-06-09,15012.3173828125,15070.5048828125,14575.9130859375,14983.2236328125,5823266
2022-06-10,14663.1943359375,15012.3173828125,14634.1005859375,14663.1943359375,3915460
2022-06-13,14546.8193359375,14546.8193359375,13848.572265625,13906.7587890625,6582710
2022-06-14,13906.7587890625,14226.7890625,13674.009765625,14023.1337890625,3522419
2022-06-15,14226.7890625,14255.8828125,13441.2607421875,13732.197265625,6243804
2022-06-16,13732.197265625,14023.1337890625,13732.197265625,14023.1337890625,3309314
2022-06-17,13674.009765625,13877.666015625,13295.79296875,13441.2607421875,5432287
2022-06-20,13441.2607421875,13674.009765625,13266.69921875,13324.88671875,6798737
2022-06-21,13092.1376953125,13499.4482421875,13092.1376953125,13383.07421875,4599802
2022-06-22,13499.4482421875,13906.7587890625,13499.4482421875,13819.478515625,4351466
2022-06-23,13615.8232421875,13877.666015625,13412.1669921875,13819.478515625,3679326
2022-06-24,13790.384765625,13964.9462890625,13674.009765625,13848.572265625,2729290
2022-06-27,13848.572265625,14052.2275390625,13761.291015625,13935.8525390625,4206417
2022-06-28,13848.572265625,14430.4443359375,13790.384765625,14255.8828125,5148548
2022-06-29,14081.3212890625,14255.8828125,13964.9462890625,14081.3212890625,3369465
2022-06-30,14255.8828125,14255.8828125,13935.8525390625,13964.9462890625,3589100
2022-07-01,13877.666015625,13994.0400390625,13674.009765625,13994.0400390625,3182654
2022-07-04,14197.6953125,14255.8828125,13964.9462890625,14110.4150390625,3134534
2022-07-05,14226.7890625,14314.0703125,14110.4150390625,14226.7890625,5140298
2022-07-06,14197.6953125,14255.8828125,13732.197265625,14081.3212890625,3467768
2022-07-07,14139.5087890625,14255.8828125,14023.1337890625,14052.2275390625,4290800
2022-07-08,14081.3212890625,14197.6953125,13964.9462890625,13964.9462890625,3464674
2022-07-11,13877.666015625,13964.9462890625,13674.009765625,13674.009765625,2809377
2022-07-12,13674.009765625,13674.009765625,13674.009765625,13674.009765625,0
2022-07-13,13964.9462890625,14197.6953125,13848.572265625,13964.9462890625,3654063
2022-07-14,13848.572265625,14052.2275390625,13848.572265625,13994.0400390625,2456550
2022-07-15,14110.4150390625,14226.7890625,13964.9462890625,13964.9462890625,4541027
2022-07-18,14023.1337890625,14081.3212890625,13906.7587890625,13906.7587890625,4167577
2022-07-19,13906.7587890625,13935.8525390625,13848.572265625,13906.7587890625,2589913
2022-07-20,14023.1337890625,14168.6015625,13906.7587890625,14139.5087890625,5223306
2022-07-21,14139.5087890625,14488.6318359375,14081.3212890625,14343.1640625,7412273
2022-07-22,14343.1640625,14430.4443359375,14168.6015625,14168.6015625,3504889
2022-07-25,14081.3212890625,14197.6953125,13906.7587890625,13994.0400390625,3180592
2022-07-26,13964.9462890625,14110.4150390625,13964.9462890625,13994.0400390625,2551932
2022-07-27,13964.9462890625,14081.3212890625,13935.8525390625,14081.3212890625,1529543
2022-07-28,14372.2578125,14372.2578125,14197.6953125,14226.7890625,5752975
2022-07-29,14284.9765625,14372.2578125,14226.7890625,14314.0703125,6560368
2022-08-01,14343.1640625,14546.8193359375,14255.8828125,14546.8193359375,7657172
2022-08-02,14546.8193359375,14575.9130859375,14372.2578125,14488.6318359375,5828250
2022-08-03,14546.8193359375,14575.9130859375,14372.2578125,14517.7255859375,10452284
2022-08-04,14546.8193359375,14692.287109375,14488.6318359375,14546.8193359375,7544776
2022-08-05,14546.8193359375,14546.8193359375,14255.8828125,14459.5380859375,5624597
2022-08-08,14430.4443359375,14546.8193359375,14343.1640625,14401.3515625,5503093
2022-08-09,14488.6318359375,14546.8193359375,14372.2578125,14517.7255859375,6106661
2022-08-10,14517.7255859375,14575.9130859375,14401.3515625,14459.5380859375,3416038
2022-08-11,14546.8193359375,14605.0068359375,14372.2578125,14401.3515625,5915726
2022-08-12,14372.2578125,14459.5380859375,14314.0703125,14430.4443359375,2509139
2022-08-15,14488.6318359375,14634.1005859375,14430.4443359375,14517.7255859375,5421460
2022-08-16,14488.6318359375,14517.7255859375,14343.1640625,14459.5380859375,5558775
2022-08-17,14517.7255859375,14546.8193359375,14459.5380859375,14517.7255859375,5758303
2022-08-18,14517.7255859375,14692.287109375,14430.4443359375,14634.1005859375,10279738
2022-08-19,14634.1005859375,14634.1005859375,14430.4443359375,14459.5380859375,3280785
2022-08-22,14430.4443359375,14430.4443359375,14314.0703125,14343.1640625,3848435
2022-08-23,14168.6015625,14430.4443359375,14081.3212890625,14430.4443359375,4098834
2022-08-24,14372.2578125,14488.6318359375,14343.1640625,14459.5380859375,4648610
2022-08-25,14459.5380859375,14546.8193359375,14401.3515625,14546.8193359375,6241570
2022-08-26,14605.0068359375,14721.380859375,14401.3515625,14430.4443359375,6665890
2022-08-29,14226.7890625,14372.2578125,14139.5087890625,14284.9765625,5530934
2022-08-30,14314.0703125,14459.5380859375,14284.9765625,14284.9765625,3465362
2022-08-31,14284.9765625,14401.3515625,14284.9765625,14343.1640625,3380464
2022-09-01,14343.1640625,14343.1640625,14343.1640625,14343.1640625,0
2022-09-02,14343.1640625,14343.1640625,14343.1640625,14343.1640625,0
2022-09-05,14284.9765625,14401.3515625,14226.7890625,14255.8828125,3965987
2022-09-06,14255.8828125,14372.2578125,14226.7890625,14343.1640625,4133549
2022-09-07,14255.8828125,14314.0703125,14139.5087890625,14139.5087890625,5524231
2022-09-08,14197.6953125,14226.7890625,13964.9462890625,13964.9462890625,3575867
2022-09-09,14081.3212890625,14081.3212890625,13819.478515625,13964.9462890625,3828843
2022-09-12,13964.9462890625,14081.3212890625,13819.478515625,13819.478515625,2390213
2022-09-13,13906.7587890625,13964.9462890625,13732.197265625,13848.572265625,2525466
2022-09-14,13674.009765625,13732.197265625,13586.7294921875,13674.009765625,3612645
2022-09-15,13732.197265625,13732.197265625,13644.9169921875,13703.103515625,2724994
2022-09-16,13674.009765625,13732.197265625,13441.2607421875,13470.3544921875,3643580
2022-09-19,13470.3544921875,13499.4482421875,13208.51171875,13295.79296875,4397696
2022-09-20,13324.88671875,13353.98046875,13150.32421875,13324.88671875,3279067
2022-09-21,13295.79296875,13295.79296875,13150.32421875,13150.32421875,2220760
2022-09-22,13092.1376953125,13266.69921875,13092.1376953125,13266.69921875,3139517
2022-09-23,13179.41796875,13353.98046875,13150.32421875,13150.32421875,2518763
2022-09-26,13033.9501953125,13092.1376953125,12684.826171875,12917.5751953125,7813563
2022-09-27,12917.5751953125,13063.0439453125,12859.388671875,13033.9501953125,2524435
2022-09-28,12830.294921875,12946.6689453125,12772.107421875,12801.201171875,4318985
2022-09-29,12888.4814453125,12888.4814453125,12743.013671875,12801.201171875,6626018
2022-09-30,12801.201171875,13063.0439453125,12713.919921875,12917.5751953125,7251241
2022-10-03,12830.294921875,12975.7626953125,12393.8896484375,12568.4521484375,6286425
2022-10-04,12626.638671875,12772.107421875,12219.328125,12219.328125,5967799
2022-10-05,12277.515625,12481.1708984375,12102.9541015625,12102.9541015625,5595381
2022-10-06,12132.046875,12335.703125,11637.455078125,11637.455078125,4895228
2022-10-07,11375.6123046875,11579.2685546875,10822.833984375,10851.9267578125,14582912
2022-10-10,10590.083984375,11113.76953125,10590.083984375,10881.0205078125,11124424
2022-10-11,10881.0205078125,10881.0205078125,10153.6796875,10182.7734375,11057400
2022-10-12,10415.5224609375,10881.0205078125,10357.3349609375,10881.0205078125,5783910
2022-10-13,10881.0205078125,11608.361328125,10764.646484375,11608.361328125,6705589
2022-10-14,11928.3916015625,12161.140625,11753.830078125,12132.046875,5393275
2022-10-17,11812.017578125,12219.328125,11782.923828125,12190.234375,6456050
2022-10-18,12393.8896484375,12510.2646484375,12277.515625,12452.0771484375,4756366
2022-10-19,12568.4521484375,12568.4521484375,12219.328125,12277.515625,2484563
2022-10-20,12277.515625,12510.2646484375,12044.7666015625,12422.9833984375,6914741
2022-10-21,12422.9833984375,12422.9833984375,11782.923828125,11870.2041015625,5818282
2022-10-24,11899.2978515625,11928.3916015625,11171.95703125,11346.51953125,4808267
2022-10-25,11462.8935546875,12132.046875,11142.86328125,11870.2041015625,8467143
2022-10-26,11986.5791015625,12161.140625,11753.830078125,12015.6728515625,3727790
2022-10-27,12044.7666015625,12830.294921875,11928.3916015625,12830.294921875,8328281
2022-10-28,13033.9501953125,13121.2314453125,12830.294921875,12975.7626953125,6103911
2022-10-31,13004.8564453125,13092.1376953125,12597.5458984375,13033.9501953125,6440067
2022-11-01,13092.1376953125,13383.07421875,13004.8564453125,13063.0439453125,5766552
2022-11-02,13033.9501953125,13063.0439453125,12684.826171875,12684.826171875,6080710
2022-11-03,12510.2646484375,12801.201171875,12422.9833984375,12422.9833984375,5635768
2022-11-04,12422.9833984375,12452.0771484375,11608.361328125,11724.736328125,21682403
2022-11-07,12161.140625,12219.328125,11753.830078125,12015.6728515625,8435864
2022-11-08,11986.5791015625,12655.732421875,11724.736328125,12393.8896484375,6987609
2022-11-09,12452.0771484375,12626.638671875,12044.7666015625,12073.8603515625,5634736
2022-11-10,12015.6728515625,12161.140625,11346.51953125,11637.455078125,9391571
2022-11-11,12044.7666015625,12335.703125,11899.2978515625,12102.9541015625,7433755
2022-11-14,11928.3916015625,12044.7666015625,11608.361328125,11812.017578125,9034792
2022-11-15,11782.923828125,11899.2978515625,11113.76953125,11113.76953125,11279613
2022-11-16,10997.3955078125,11870.2041015625,10415.5224609375,11870.2041015625,12713775
2022-11-17,12102.9541015625,12422.9833984375,12102.9541015625,12248.421875,7398008
2022-11-18,12102.9541015625,12481.1708984375,11986.5791015625,12306.609375,6078132
2022-11-21,12335.703125,12335.703125,11986.5791015625,11986.5791015625,3916663
2022-11-22,11870.2041015625,12422.9833984375,11841.111328125,11841.111328125,7608879
2022-11-23,11870.2041015625,12190.234375,11841.111328125,12015.6728515625,4386010
2022-11-24,11986.5791015625,12335.703125,11870.2041015625,12219.328125,3964268
2022-11-25,12510.2646484375,12510.2646484375,12248.421875,12510.2646484375,4863606
2022-11-28,12568.4521484375,12946.6689453125,12539.3583984375,12946.6689453125,9006608
2022-11-29,12946.6689453125,12946.6689453125,12626.638671875,12888.4814453125,6775879
2022-11-30,12946.6689453125,13063.0439453125,12684.826171875,12859.388671875,7077835
2022-12-01,12975.7626953125,13295.79296875,12801.201171875,13092.1376953125,11707198
2022-12-02,13092.1376953125,13674.009765625,12888.4814453125,13674.009765625,8234446
2022-12-05,13703.103515625,13964.9462890625,13499.4482421875,13732.197265625,8104348
2022-12-06,13732.197265625,13819.478515625,12975.7626953125,12975.7626953125,8865168
2022-12-07,13092.1376953125,13092.1376953125,12655.732421875,12975.7626953125,5662749
2022-12-08,13063.0439453125,13848.572265625,12859.388671875,13179.41796875,8242179
2022-12-09,13237.60546875,13499.4482421875,13063.0439453125,13412.1669921875,5705370
2022-12-12,13412.1669921875,13557.6357421875,13092.1376953125,13092.1376953125,5468205
2022-12-13,13033.9501953125,13412.1669921875,12946.6689453125,13412.1669921875,4629362
2022-12-14,13441.2607421875,13644.9169921875,13237.60546875,13470.3544921875,5659312
2022-12-15,13383.07421875,13674.009765625,13383.07421875,13499.4482421875,7069586
2022-12-16,13383.07421875,13615.8232421875,13295.79296875,13383.07421875,3816126
2022-12-19,13324.88671875,13528.5419921875,13237.60546875,13237.60546875,5813298
2022-12-20,13237.60546875,13324.88671875,12917.5751953125,13121.2314453125,4411445
2022-12-21,13150.32421875,13383.07421875,12975.7626953125,13266.69921875,3243492
2022-12-22,13383.07421875,13383.07421875,13237.60546875,13324.88671875,3365684
2022-12-23,13324.88671875,13324.88671875,12975.7626953125,13324.88671875,2981923
2022-12-26,13324.88671875,13324.88671875,12859.388671875,12859.388671875,3055650
2022-12-27,12859.388671875,13150.32421875,12801.201171875,12859.388671875,3506092
2022-12-28,12859.388671875,13063.0439453125,12772.107421875,12801.201171875,3138830
2022-12-29,12801.201171875,13033.9501953125,12684.826171875,12801.201171875,3109098
2022-12-30,12801.201171875,12917.5751953125,12684.826171875,12743.013671875,2302049
2023-01-02,12743.013671875,12743.013671875,12743.013671875,12743.013671875,0
2023-01-03,12801.201171875,13208.51171875,12772.107421875,13208.51171875,2659859
2023-01-04,13295.79296875,13295.79296875,13121.2314453125,13179.41796875,2820891
2023-01-05,13237.60546875,13383.07421875,13179.41796875,13295.79296875,3616770
2023-01-06,13266.69921875,13586.7294921875,13150.32421875,13470.3544921875,5848529
2023-01-09,13586.7294921875,13586.7294921875,13353.98046875,13441.2607421875,3001858
2023-01-10,13528.5419921875,13644.9169921875,13353.98046875,13644.9169921875,5260772
2023-01-11,13732.197265625,14226.7890625,13644.9169921875,14081.3212890625,9171248
2023-01-12,14081.3212890625,14343.1640625,14081.3212890625,14255.8828125,4948848
2023-01-13,14314.0703125,14430.4443359375,14052.2275390625,14052.2275390625,3702527
2023-01-16,14052.2275390625,14546.8193359375,14052.2275390625,14546.8193359375,6080538
2023-01-17,14575.9130859375,14808.662109375,14517.7255859375,14721.380859375,6846685
2023-01-18,14721.380859375,14954.1298828125,14605.0068359375,14837.755859375,9342076
2023-01-19,14837.755859375,15128.6923828125,14808.662109375,15128.6923828125,9489359
2023-01-20,15128.6923828125,15128.6923828125,15128.6923828125,15128.6923828125,0
2023-01-23,15128.6923828125,15128.6923828125,15128.6923828125,15128.6923828125,0
2023-01-24,15128.6923828125,15128.6923828125,15128.6923828125,15128.6923828125,0
2023-01-25,15128.6923828125,15128.6923828125,15128.6923828125,15128.6923828125,0
2023-01-26,15128.6923828125,15128.6923828125,15128.6923828125,15128.6923828125,0
2023-01-27,15332.34765625,15419.62890625,15070.5048828125,15332.34765625,6455019
2023-01-30,15303.25390625,15332.34765625,14779.568359375,14779.568359375,9278660
2023-01-31,14779.568359375,15157.7861328125,14546.8193359375,15157.7861328125,5981548
2023-02-01,15186.87890625,15274.16015625,14605.0068359375,14663.1943359375,5985500
2023-02-02,14634.1005859375,14895.943359375,14430.4443359375,14546.8193359375,4957097
2023-02-03,14546.8193359375,14692.287109375,14197.6953125,14255.8828125,16381759
2023-02-06,14197.6953125,14634.1005859375,14052.2275390625,14488.6318359375,4117223
2023-02-07,14546.8193359375,14605.0068359375,14197.6953125,14314.0703125,4243711
2023-02-08,14430.4443359375,14575.9130859375,14284.9765625,14343.1640625,3303815
2023-02-09,14343.1640625,14605.0068359375,14255.8828125,14255.8828125,5544339
2023-02-10,14314.0703125,14401.3515625,14081.3212890625,14081.3212890625,3450066
2023-02-13,14052.2275390625,14052.2275390625,13848.572265625,13906.7587890625,4453894
2023-02-14,14023.1337890625,14023.1337890625,13848.572265625,13877.666015625,2472361
2023-02-15,13906.7587890625,14343.1640625,13819.478515625,14284.9765625,5723587
2023-02-16,14430.4443359375,14430.4443359375,14197.6953125,14430.4443359375,2790128
2023-02-17,14459.5380859375,14517.7255859375,14284.9765625,14430.4443359375,2949442
2023-02-20,14372.2578125,15012.3173828125,14343.1640625,15012.3173828125,8423662
2023-02-21,15012.3173828125,15128.6923828125,14837.755859375,14837.755859375,2951504
2023-02-22,14663.1943359375,14866.849609375,14459.5380859375,14459.5380859375,4558728
2023-02-23,14401.3515625,14837.755859375,14110.4150390625,14779.568359375,6634783
2023-02-24,14546.8193359375,14721.380859375,14284.9765625,14314.0703125,3828328
2023-02-27,14255.8828125,14314.0703125,14023.1337890625,14110.4150390625,5340858
2023-02-28,14255.8828125,14401.3515625,14110.4150390625,14197.6953125,10567602
2023-03-01,14197.6953125,14663.1943359375,14081.3212890625,14634.1005859375,4358169
2023-03-02,14546.8193359375,14808.662109375,14546.8193359375,14575.9130859375,5735961
2023-03-03,14575.9130859375,14721.380859375,14255.8828125,14255.8828125,4117738
2023-03-06,14459.5380859375,14605.0068359375,14139.5087890625,14139.5087890625,8979110
2023-03-07,14401.3515625,14546.8193359375,14139.5087890625,14255.8828125,7977345
2023-03-08,14110.4150390625,14546.8193359375,14110.4150390625,14546.8193359375,4786097
2023-03-09,14546.8193359375,14808.662109375,14488.6318359375,14750.474609375,6423053
2023-03-10,14575.9130859375,14663.1943359375,14401.3515625,14488.6318359375,4162421
2023-03-13,14401.3515625,14517.7255859375,14168.6015625,14255.8828125,6904258
2023-03-14,14284.9765625,14372.2578125,13935.8525390625,13994.0400390625,11627284
2023-03-15,14314.0703125,14430.4443359375,14226.7890625,14430.4443359375,3367574
2023-03-16,14255.8828125,14401.3515625,14052.2275390625,14197.6953125,4294581
2023-03-17,14284.9765625,14343.1640625,14168.6015625,14168.6015625,2145486
2023-03-20,14081.3212890625,14168.6015625,13964.9462890625,13964.9462890625,4221025
2023-03-21,14197.6953125,14197.6953125,13877.666015625,14081.3212890625,2557260
2023-03-22,14168.6015625,14168.6015625,13994.0400390625,14052.2275390625,3198465
2023-03-23,14023.1337890625,14314.0703125,13935.8525390625,14255.8828125,12166233
2023-03-24,14314.0703125,14459.5380859375,14255.8828125,14284.9765625,2890494
2023-03-27,14314.0703125,14401.3515625,14168.6015625,14226.7890625,4224291
2023-03-28,14343.1640625,14430.4443359375,14226.7890625,14226.7890625,14240398
2023-03-29,14255.8828125,14314.0703125,14168.6015625,14197.6953125,26087833
2023-03-30,14314.0703125,14372.2578125,14284.9765625,14314.0703125,3644954
2023-03-31,14372.2578125,14692.287109375,14343.1640625,14546.8193359375,10108910
2023-04-03,14692.287109375,14779.568359375,14546.8193359375,14692.287109375,17127455
2023-04-04,14692.287109375,14750.474609375,14575.9130859375,14634.1005859375,12353903
2023-04-05,14605.0068359375,14721.380859375,14575.9130859375,14721.380859375,5703652
2023-04-06,14779.568359375,14808.662109375,14488.6318359375,14488.6318359375,7443379
2023-04-07,14517.7255859375,14605.0068359375,14488.6318359375,14575.9130859375,5402211
2023-04-10,14605.0068359375,14634.1005859375,14459.5380859375,14546.8193359375,6250679
2023-04-11,14488.6318359375,14575.9130859375,14372.2578125,14517.7255859375,2745445
2023-04-12,14546.8193359375,14575.9130859375,14430.4443359375,14459.5380859375,5534199
2023-04-13,14517.7255859375,14575.9130859375,14459.5380859375,14517.7255859375,4328265
2023-04-14,14575.9130859375,14605.0068359375,14459.5380859375,14517.7255859375,8629721
2023-04-17,14517.7255859375,14546.8193359375,14430.4443359375,14546.8193359375,2833265
2023-04-18,14546.8193359375,14546.8193359375,14401.3515625,14401.3515625,3614879
2023-04-19,14430.4443359375,14430.4443359375,14197.6953125,14197.6953125,7897602
2023-04-20,14255.8828125,14284.9765625,14081.3212890625,14110.4150390625,4245429
2023-04-21,14139.5087890625,14197.6953125,14110.4150390625,14110.4150390625,4249210
2023-04-24,14139.5087890625,14226.7890625,14023.1337890625,14081.3212890625,3908070
2023-04-25,14139.5087890625,14226.7890625,14023.1337890625,14052.2275390625,10609192
2023-04-26,14052.2275390625,14081.3212890625,13935.8525390625,14052.2275390625,6627737
2023-04-27,14081.3212890625,14226.7890625,14023.1337890625,14052.2275390625,3748585
2023-04-28,14081.3212890625,14197.6953125,14052.2275390625,14081.3212890625,16790783
2023-05-01,14081.3212890625,14081.3212890625,14081.3212890625,14081.3212890625,0
2023-05-02,14081.3212890625,14081.3212890625,14081.3212890625,14081.3212890625,0
2023-05-03,14081.3212890625,14081.3212890625,14081.3212890625,14081.3212890625,0
2023-05-04,14139.5087890625,14401.3515625,14139.5087890625,14372.2578125,7397321
2023-05-05,14255.8828125,14401.3515625,14255.8828125,14343.1640625,4509405
2023-05-08,14343.1640625,14546.8193359375,14314.0703125,14517.7255859375,3959456
2023-05-09,14546.8193359375,14575.9130859375,14430.4443359375,14488.6318359375,5338624
2023-05-10,14488.6318359375,14517.7255859375,14430.4443359375,14488.6318359375,3368090
2023-05-11,14546.8193359375,14605.0068359375,14430.4443359375,14488.6318359375,4389791
2023-05-12,14546.8193359375,14575.9130859375,14430.4443359375,14546.8193359375,4033012
2023-05-15,14663.1943359375,14721.380859375,14517.7255859375,14546.8193359375,10969751
2023-05-16,14546.8193359375,14575.9130859375,14488.6318359375,14546.8193359375,2512920
2023-05-17,14546.8193359375,14634.1005859375,14459.5380859375,14488.6318359375,5925694
2023-05-18,14488.6318359375,14605.0068359375,14459.5380859375,14546.8193359375,5759678
2023-05-19,14575.9130859375,14575.9130859375,14401.3515625,14517.7255859375,6885525
2023-05-22,14546.8193359375,14575.9130859375,14488.6318359375,14575.9130859375,7879041
2023-05-23,14663.1943359375,14895.943359375,14546.8193359375,14750.474609375,37331872
2023-05-24,14750.474609375,14750.474609375,14750.474609375,14750.474609375,0
2023-05-25,14663.1943359375,14663.1943359375,14488.6318359375,14605.0068359375,15107082
2023-05-26,14663.1943359375,14663.1943359375,14517.7255859375,14546.8193359375,14712150
2023-05-29,14605.0068359375,14721.380859375,14546.8193359375,14634.1005859375,28481140
2023-05-30,14721.380859375,14721.380859375,14546.8193359375,14663.1943359375,38832543
2023-05-31,14663.1943359375,14779.568359375,14546.8193359375,14779.568359375,50102877
2023-06-01,14386.8046875,14554.0927734375,14219.515625,14319.888671875,19070656
2023-06-02,14386.8046875,14788.296875,14353.3466796875,14587.55078125,22461207
2023-06-05,14721.380859375,14821.75390625,14487.177734375,14554.0927734375,20687026
2023-06-06,14587.55078125,14621.0078125,14520.634765625,14587.55078125,14856377
2023-06-07,14587.55078125,14721.380859375,14587.55078125,14621.0078125,13715982
2023-06-08,14587.55078125,14654.4658203125,14453.7197265625,14453.7197265625,14461550
2023-06-09,14487.177734375,14487.177734375,14252.9736328125,14420.26171875,11154537
2023-06-12,14487.177734375,14487.177734375,14286.431640625,14353.3466796875,6404208
2023-06-13,14386.8046875,14453.7197265625,14319.888671875,14453.7197265625,11909820
2023-06-14,14487.177734375,14654.4658203125,14453.7197265625,14487.177734375,12000979
2023-06-15,14487.177734375,14520.634765625,14420.26171875,14520.634765625,8078712
2023-06-16,14520.634765625,14788.296875,14453.7197265625,14587.55078125,21535411
2023-06-19,14587.55078125,14621.0078125,14453.7197265625,14487.177734375,6962077
2023-06-20,14487.177734375,14520.634765625,14386.8046875,14487.177734375,8424970
2023-06-21,14453.7197265625,14520.634765625,14420.26171875,14520.634765625,8192587
2023-06-22,14520.634765625,14520.634765625,14520.634765625,14520.634765625,0
2023-06-23,14520.634765625,14654.4658203125,14453.7197265625,14654.4658203125,17086059
2023-06-26,14855.2119140625,15055.9580078125,14721.380859375,14888.669921875,17611200
2023-06-27,15089.416015625,15089.416015625,14855.2119140625,14855.2119140625,8398519
2023-06-28,14855.2119140625,14989.04296875,14788.296875,14922.126953125,12299416
2023-06-29,14922.126953125,14989.04296875,14654.4658203125,14654.4658203125,12181357
2023-06-30,14654.4658203125,14754.8388671875,14587.55078125,14754.8388671875,7648317
2023-07-03,14754.8388671875,14788.296875,14687.923828125,14754.8388671875,6022383
2023-07-04,14687.923828125,14754.8388671875,14654.4658203125,14721.380859375,6495667
2023-07-05,14721.380859375,14788.296875,14687.923828125,14687.923828125,12141306
2023-07-06,14687.923828125,14721.380859375,14487.177734375,14520.634765625,9600783
2023-07-07,14520.634765625,14554.0927734375,14386.8046875,14520.634765625,10674378
2023-07-10,14554.0927734375,14788.296875,14520.634765625,14687.923828125,13497646
2023-07-11,14922.126953125,14922.126953125,14687.923828125,14721.380859375,13223419
2023-07-12,14855.2119140625,14855.2119140625,14587.55078125,14621.0078125,7748593
2023-07-13,14721.380859375,14721.380859375,14587.55078125,14721.380859375,10074068
2023-07-14,14754.8388671875,14788.296875,14587.55078125,14721.380859375,10308095
2023-07-17,14754.8388671875,14754.8388671875,14654.4658203125,14721.380859375,9763825
2023-07-18,14654.4658203125,14721.380859375,14621.0078125,14721.380859375,10132799
2023-07-19,14721.380859375,14821.75390625,14687.923828125,14721.380859375,14275195
2023-07-20,14721.380859375,14754.8388671875,14654.4658203125,14721.380859375,9391863
2023-07-21,14721.380859375,14788.296875,14654.4658203125,14788.296875,9981862
2023-07-24,14788.296875,14855.2119140625,14687.923828125,14754.8388671875,10102163
2023-07-25,14721.380859375,15055.9580078125,14721.380859375,14922.126953125,20479450
2023-07-26,14922.126953125,15022.5,14855.2119140625,14922.126953125,8917532
2023-07-27,14922.126953125,14955.5849609375,14754.8388671875,14821.75390625,10771367
2023-07-28,14855.2119140625,14989.04296875,14754.8388671875,14855.2119140625,12867298
2023-07-31,15055.9580078125,15357.0771484375,15022.5,15357.0771484375,28701926
2023-08-01,15557.8232421875,15557.8232421875,15223.24609375,15290.162109375,20494843
2023-08-02,15256.7041015625,15490.908203125,15256.7041015625,15457.4501953125,18539985
2023-08-03,15423.9921875,15725.111328125,15390.53515625,15691.654296875,25415088
2023-08-04,15792.02734375,16327.349609375,15557.8232421875,16327.349609375,27904351
2023-08-07,16026.23046875,16093.146484375,15792.02734375,15892.400390625,41971972
2023-08-08,15925.857421875,15992.7734375,15591.28125,15658.1962890625,22814340
2023-08-09,15658.1962890625,15792.02734375,15490.908203125,15524.365234375,23247125
2023-08-10,15557.8232421875,15624.73828125,15323.619140625,15323.619140625,18967242
2023-08-11,15357.0771484375,15390.53515625,15122.873046875,15323.619140625,13685047
2023-08-14,15323.619140625,15423.9921875,15256.7041015625,15423.9921875,15601049
2023-08-15,15490.908203125,15557.8232421875,15290.162109375,15290.162109375,9652042
2023-08-16,15290.162109375,15423.9921875,15256.7041015625,15323.619140625,12548686
2023-08-17,15357.0771484375,15390.53515625,15189.7890625,15189.7890625,15124328
2023-08-18,15189.7890625,15189.7890625,14654.4658203125,14654.4658203125,30563083
2023-08-21,14621.0078125,14855.2119140625,14621.0078125,14721.380859375,11917740
2023-08-22,14788.296875,14821.75390625,14453.7197265625,14754.8388671875,13551296
2023-08-23,14855.2119140625,14922.126953125,14621.0078125,14621.0078125,8285540
2023-08-24,14621.0078125,14888.669921875,14621.0078125,14754.8388671875,7937040
2023-08-25,14721.380859375,14754.8388671875,14621.0078125,14687.923828125,8037316
2023-08-28,14721.380859375,14788.296875,14687.923828125,14754.8388671875,7705703
2023-08-29,14754.8388671875,14855.2119140625,14687.923828125,14754.8388671875,8629856
2023-08-30,14754.8388671875,15055.9580078125,14754.8388671875,15022.5,10792886
2023-08-31,15022.5,15122.873046875,15022.5,15122.873046875,10769723
2023-09-01,15122.873046875,15122.873046875,15122.873046875,15122.873046875,0
2023-09-04,15122.873046875,15122.873046875,15122.873046875,15122.873046875,0
2023-09-05,15189.7890625,15423.9921875,15156.3310546875,15223.24609375,11397680
2023-09-06,15223.24609375,15357.0771484375,15122.873046875,15357.0771484375,7140512
2023-09-07,15390.53515625,15490.908203125,15223.24609375,15323.619140625,14727408
2023-09-08,15323.619140625,15357.0771484375,15189.7890625,15223.24609375,8257893
2023-09-11,15256.7041015625,15323.619140625,14888.669921875,14955.5849609375,15745112
2023-09-12,14955.5849609375,15223.24609375,14855.2119140625,15223.24609375,9985000
2023-09-13,15223.24609375,15256.7041015625,15022.5,15089.416015625,10369516
2023-09-14,15055.9580078125,15256.7041015625,14989.04296875,15022.5,9253479
2023-09-15,15122.873046875,15223.24609375,15022.5,15156.3310546875,7845581
2023-09-18,15122.873046875,15156.3310546875,14922.126953125,15022.5,6520176
2023-09-19,15022.5,15022.5,15022.5,15022.5,0
2023-09-20,14922.126953125,15089.416015625,14888.669921875,15022.5,7912532
2023-09-21,14989.04296875,15089.416015625,14955.5849609375,14989.04296875,8108750
2023-09-22,14855.2119140625,15055.9580078125,14788.296875,14922.126953125,14634904
2023-09-25,14922.126953125,14955.5849609375,14721.380859375,14721.380859375,11392001
2023-09-26,14754.8388671875,14888.669921875,14621.0078125,14654.4658203125,14053871
2023-09-27,14654.4658203125,14721.380859375,14554.0927734375,14721.380859375,8495806
2023-09-28,14621.0078125,14721.380859375,14520.634765625,14554.0927734375,7459870
2023-09-29,14587.55078125,14754.8388671875,14587.55078125,14621.0078125,3495011
2023-10-02,14587.55078125,14687.923828125,14520.634765625,14654.4658203125,5692713
2023-10-03,14587.55078125,14654.4658203125,14453.7197265625,14453.7197265625,8230695
2023-10-04,14420.26171875,14520.634765625,14386.8046875,14453.7197265625,4749730
2023-10-05,14554.0927734375,14687.923828125,14453.7197265625,14453.7197265625,5007369
2023-10-06,14453.7197265625,14654.4658203125,14420.26171875,14587.55078125,3647592
2023-10-09,14520.634765625,15089.416015625,14520.634765625,15055.9580078125,13416947
2023-10-10,15055.9580078125,15290.162109375,15055.9580078125,15256.7041015625,9766216
2023-10-11,15256.7041015625,15256.7041015625,15089.416015625,15189.7890625,4250891
2023-10-12,15189.7890625,15323.619140625,15055.9580078125,15189.7890625,8419291
2023-10-13,15122.873046875,15189.7890625,15055.9580078125,15156.3310546875,7011543
2023-10-16,15089.416015625,15189.7890625,14989.04296875,15122.873046875,6306174
2023-10-17,15122.873046875,15156.3310546875,15022.5,15022.5,5465859
2023-10-18,15022.5,15022.5,14754.8388671875,14754.8388671875,9278585
2023-10-19,14754.8388671875,14821.75390625,14587.55078125,14587.55078125,9279333
2023-10-20,14587.55078125,14788.296875,14587.55078125,14654.4658203125,5484988
2023-10-23,14788.296875,14788.296875,14520.634765625,14587.55078125,3584079
2023-10-24,14687.923828125,14788.296875,14587.55078125,14654.4658203125,3811829
2023-10-25,14855.2119140625,14888.669921875,14654.4658203125,14654.4658203125,3716933
2023-10-26,14554.0927734375,14554.0927734375,14018.76953125,14119.142578125,18819891
2023-10-27,14353.3466796875,14520.634765625,14186.05859375,14420.26171875,4753616
2023-10-30,14453.7197265625,14487.177734375,14252.9736328125,14252.9736328125,5763250
2023-10-31,14286.431640625,14420.26171875,14219.515625,14319.888671875,5214646
2023-11-01,14319.888671875,14487.177734375,14286.431640625,14453.7197265625,7222257
2023-11-02,14554.0927734375,14922.126953125,14453.7197265625,14922.126953125,7693449
2023-11-03,14922.126953125,14989.04296875,14754.8388671875,14754.8388671875,7300863
2023-11-06,14855.2119140625,14955.5849609375,14788.296875,14855.2119140625,5662525
2023-11-07,14788.296875,14888.669921875,14788.296875,14788.296875,3475135
2023-11-08,14788.296875,15323.619140625,14754.8388671875,15256.7041015625,11823741
2023-11-09,15323.619140625,15323.619140625,15089.416015625,15089.416015625,7119291
2023-11-10,14989.04296875,15122.873046875,14888.669921875,14989.04296875,7543409
2023-11-13,15022.5,15122.873046875,14855.2119140625,15022.5,5103909
2023-11-14,15022.5,15323.619140625,15022.5,15189.7890625,15394370
2023-11-15,15390.53515625,15725.111328125,15357.0771484375,15557.8232421875,48319841
2023-11-16,15557.8232421875,15658.1962890625,15457.4501953125,15591.28125,12076298
2023-11-17,15658.1962890625,15658.1962890625,15089.416015625,15189.7890625,18456746
2023-11-20,14989.04296875,15357.0771484375,14821.75390625,15055.9580078125,15254492
2023-11-21,15156.3310546875,15256.7041015625,15055.9580078125,15122.873046875,5545811
2023-11-22,15055.9580078125,15223.24609375,14955.5849609375,15189.7890625,6564112
2023-11-23,15189.7890625,15223.24609375,14855.2119140625,14855.2119140625,7743960
2023-11-24,14922.126953125,14922.126953125,14587.55078125,14754.8388671875,11803416
2023-11-27,14754.8388671875,14788.296875,14621.0078125,14621.0078125,4870331
2023-11-28,14654.4658203125,14788.296875,14520.634765625,14654.4658203125,6257306
2023-11-29,14721.380859375,14955.5849609375,14721.380859375,14754.8388671875,7216279
2023-11-30,14754.8388671875,14922.126953125,14687.923828125,14687.923828125,7836166
2023-12-01,14821.75390625,14821.75390625,14554.0927734375,14687.923828125,8570079
2023-12-04,14754.8388671875,15022.5,14721.380859375,14922.126953125,13511096
2023-12-05,14922.126953125,15022.5,14754.8388671875,14821.75390625,5316416
2023-12-06,14821.75390625,14922.126953125,14721.380859375,14922.126953125,4172285
2023-12-07,14922.126953125,15055.9580078125,14855.2119140625,14989.04296875,10816050
2023-12-08,14989.04296875,15089.416015625,14922.126953125,14989.04296875,5697495
2023-12-11,15022.5,15055.9580078125,14888.669921875,14989.04296875,3398920
2023-12-12,15022.5,15055.9580078125,14922.126953125,15055.9580078125,4824302
2023-12-13,15055.9580078125,15089.416015625,14922.126953125,14922.126953125,5872791
2023-12-14,14989.04296875,15223.24609375,14922.126953125,15055.9580078125,10379827
2023-12-15,15122.873046875,15290.162109375,15089.416015625,15223.24609375,9249145
2023-12-18,15189.7890625,15256.7041015625,15156.3310546875,15256.7041015625,9546386
2023-12-19,15256.7041015625,15457.4501953125,15256.7041015625,15423.9921875,17142399
2023-12-20,15423.9921875,15557.8232421875,15423.9921875,15524.365234375,13239260
2023-12-21,15524.365234375,15557.8232421875,15423.9921875,15557.8232421875,10584563
2023-12-22,15524.365234375,15591.28125,15524.365234375,15524.365234375,6739856
2023-12-25,15557.8232421875,15691.654296875,15524.365234375,15624.73828125,11331328
2023-12-26,15658.1962890625,15658.1962890625,15557.8232421875,15557.8232421875,8561261
2023-12-27,15524.365234375,15658.1962890625,15524.365234375,15591.28125,7271872
2023-12-28,15591.28125,16026.23046875,15591.28125,15892.400390625,15710890
2023-12-29,15992.7734375,16126.603515625,15925.857421875,15992.7734375,13741387
2024-01-01,15992.7734375,15992.7734375,15992.7734375,15992.7734375,0
2024-01-02,16026.23046875,16561.5546875,16026.23046875,16360.8076171875,20747849
2024-01-03,16394.265625,16728.841796875,16226.9765625,16728.841796875,14650446
2024-01-04,16862.673828125,17163.79296875,16795.7578125,16929.587890625,35250198
2024-01-05,16929.587890625,17029.9609375,16762.30078125,17029.9609375,13856458
2024-01-08,17197.25,17230.70703125,16862.673828125,16963.046875,18515327
2024-01-09,16896.130859375,16963.046875,16695.384765625,16728.841796875,23088119
2024-01-10,16862.673828125,17063.419921875,16728.841796875,16896.130859375,26306811
2024-01-11,16996.50390625,17230.70703125,16829.21484375,16896.130859375,14844870
2024-01-12,16829.21484375,17531.826171875,16762.30078125,17264.166015625,38199296
2024-01-15,17397.99609375,17397.99609375,16929.587890625,16929.587890625,17513614
2024-01-16,16996.50390625,17096.876953125,16762.30078125,16996.50390625,18501280
2024-01-17,17029.9609375,17264.166015625,16963.046875,16996.50390625,14517292
2024-01-18,17029.9609375,17230.70703125,16963.046875,17130.333984375,14363367
2024-01-19,17264.166015625,17364.5390625,17163.79296875,17364.5390625,19085750
2024-01-22,17531.826171875,17598.7421875,17264.166015625,17598.7421875,17934893
2024-01-23,17565.28515625,17699.115234375,17431.453125,17431.453125,17531846
2024-01-24,17431.453125,17464.912109375,17197.25,17264.166015625,16949618
2024-01-25,17264.166015625,17264.166015625,17264.166015625,17264.166015625,0
2024-01-26,17297.623046875,17665.658203125,17297.623046875,17598.7421875,10245777
2024-01-29,17732.572265625,17732.572265625,17364.5390625,17364.5390625,13863182
2024-01-30,17431.453125,17531.826171875,17331.080078125,17364.5390625,9532937
2024-01-31,17464.912109375,17464.912109375,17096.876953125,17230.70703125,18169368
2024-02-01,17197.25,17464.912109375,17197.25,17397.99609375,9386632
2024-02-02,17397.99609375,17397.99609375,17397.99609375,17397.99609375,0
2024-02-05,17565.28515625,18736.302734375,17498.369140625,18602.47265625,42025323
2024-02-06,18635.9296875,18669.388671875,18502.099609375,18635.9296875,8140581
2024-02-07,18635.9296875,18870.134765625,18635.9296875,18736.302734375,17774541
2024-02-08,18736.302734375,18736.302734375,18736.302734375,18736.302734375,0
2024-02-09,18736.302734375,18736.302734375,18736.302734375,18736.302734375,0
2024-02-12,18736.302734375,18736.302734375,18736.302734375,18736.302734375,0
2024-02-13,18736.302734375,18736.302734375,18736.302734375,18736.302734375,0
2024-02-14,18736.302734375,18736.302734375,18736.302734375,18736.302734375,0
2024-02-15,18769.76171875,19003.96484375,18200.98046875,18200.98046875,21287038
2024-02-16,18401.7265625,18468.642578125,18267.896484375,18468.642578125,14190163
2024-02-19,18535.556640625,18535.556640625,18200.98046875,18535.556640625,17719247
2024-02-20,18401.7265625,18569.015625,18301.353515625,18435.18359375,10933811
2024-02-21,18401.7265625,18669.388671875,18334.810546875,18535.556640625,15320695
2024-02-22,18535.556640625,18569.015625,18401.7265625,18502.099609375,11061434
2024-02-23,18535.556640625,19003.96484375,18267.896484375,18267.896484375,38818586
2024-02-26,18267.896484375,18535.556640625,18134.064453125,18401.7265625,14623845
2024-02-27,18535.556640625,18535.556640625,18301.353515625,18468.642578125,18014994
2024-02-28,18502.099609375,18736.302734375,18435.18359375,18736.302734375,15632881
2024-02-29,18803.21875,18903.591796875,18535.556640625,18736.302734375,14871620
2024-03-01,18736.302734375,18736.302734375,18435.18359375,18602.47265625,15233869
2024-03-04,18602.47265625,18870.134765625,18334.810546875,18602.47265625,19751068
2024-03-05,18602.47265625,18736.302734375,18435.18359375,18702.845703125,9463595
2024-03-06,18736.302734375,18836.67578125,18435.18359375,18468.642578125,14632811
2024-03-07,18468.642578125,18535.556640625,18334.810546875,18401.7265625,15192025
2024-03-08,18401.7265625,18502.099609375,18067.150390625,18100.607421875,34397180
2024-03-11,18100.607421875,18134.064453125,17832.9453125,17899.861328125,17956711
2024-03-12,17832.9453125,17966.77734375,17799.48828125,17899.861328125,12422557
2024-03-13,17899.861328125,18502.099609375,17899.861328125,18502.099609375,13353135
2024-03-14,18468.642578125,18468.642578125,18100.607421875,18234.4375,12290599
2024-03-15,18234.4375,18334.810546875,18067.150390625,18301.353515625,11690587
2024-03-18,18200.98046875,18301.353515625,17866.404296875,18000.234375,21100234
2024-03-19,17933.318359375,18100.607421875,17899.861328125,17966.77734375,10642248
2024-03-20,17966.77734375,18535.556640625,17933.318359375,18401.7265625,20925536
2024-03-21,18535.556640625,18736.302734375,18435.18359375,18736.302734375,19155838
2024-03-22,18903.591796875,19372.0,18669.388671875,18836.67578125,33887880
2024-03-25,18769.76171875,18769.76171875,18401.7265625,18401.7265625,15223856
2024-03-26,18468.642578125,18702.845703125,18301.353515625,18702.845703125,9390219
2024-03-27,18702.845703125,18769.76171875,18468.642578125,18736.302734375,8904083
2024-03-28,18937.048828125,19137.794921875,18870.134765625,18970.5078125,18565839
2024-03-29,19003.96484375,19171.25390625,18836.67578125,19070.880859375,20159494
2024-04-01,19070.880859375,19070.880859375,19070.880859375,19070.880859375,0
2024-04-02,18937.048828125,19003.96484375,18669.388671875,19003.96484375,15556515
2024-04-03,18870.134765625,19003.96484375,18669.388671875,18736.302734375,15242238
2024-04-04,18769.76171875,18769.76171875,18435.18359375,18435.18359375,16671655
2024-04-05,18267.896484375,18334.810546875,18134.064453125,18167.5234375,18365736
2024-04-08,18167.5234375,18234.4375,18033.69140625,18167.5234375,10265653
2024-04-09,18167.5234375,18267.896484375,18100.607421875,18267.896484375,8027303
2024-04-10,18368.26953125,18468.642578125,18134.064453125,18134.064453125,7654444
2024-04-11,18067.150390625,18167.5234375,18000.234375,18167.5234375,16866827
2024-04-12,18200.98046875,18736.302734375,18067.150390625,18736.302734375,14596945
2024-04-15,18602.47265625,18736.302734375,17966.77734375,17966.77734375,24290085
2024-04-16,17966.77734375,18167.5234375,17899.861328125,18167.5234375,25928871
2024-04-17,18200.98046875,18234.4375,17899.861328125,17899.861328125,15661125
2024-04-18,17899.861328125,17899.861328125,17899.861328125,17899.861328125,0
2024-04-19,17799.48828125,17933.318359375,17699.115234375,17799.48828125,16233191
2024-04-22,18000.234375,18033.69140625,17866.404296875,17933.318359375,9435351
2024-04-23,17933.318359375,18033.69140625,17766.03125,17832.9453125,12763136
2024-04-24,17933.318359375,18134.064453125,17866.404296875,18100.607421875,9984552
2024-04-25,18067.150390625,18100.607421875,17899.861328125,17933.318359375,7683735
2024-04-26,17933.318359375,18067.150390625,17799.48828125,17966.77734375,8135649
2024-04-29,17966.77734375,17966.77734375,17966.77734375,17966.77734375,0
2024-04-30,17966.77734375,17966.77734375,17966.77734375,17966.77734375,0
2024-05-01,17966.77734375,17966.77734375,17966.77734375,17966.77734375,0
2024-05-02,17966.77734375,18167.5234375,17933.318359375,18067.150390625,7170101
2024-05-03,18134.064453125,18401.7265625,18134.064453125,18401.7265625,13029592
2024-05-06,18401.7265625,18535.556640625,18301.353515625,18468.642578125,11125994
2024-05-07,18569.015625,18602.47265625,18401.7265625,18502.099609375,6427073
2024-05-08,18401.7265625,18502.099609375,18267.896484375,18435.18359375,6034039
2024-05-09,18468.642578125,18602.47265625,18401.7265625,18468.642578125,6128487
2024-05-10,18468.642578125,18535.556640625,18368.26953125,18535.556640625,7337327
2024-05-13,18736.302734375,18736.302734375,18502.099609375,18535.556640625,8295852
2024-05-14,18535.556640625,18669.388671875,18502.099609375,18569.015625,6680976
2024-05-15,18635.9296875,18635.9296875,18535.556640625,18535.556640625,11661596
2024-05-16,18736.302734375,19003.96484375,18602.47265625,18903.591796875,45137313
2024-05-17,18903.591796875,19003.96484375,18870.134765625,18903.591796875,12708739
2024-05-20,19070.880859375,19104.337890625,18870.134765625,18903.591796875,13947916
2024-05-21,18903.591796875,18937.048828125,18635.9296875,18870.134765625,16175656
2024-05-22,18870.134765625,18903.591796875,18669.388671875,18702.845703125,13872896
2024-05-23,18736.302734375,19070.880859375,18736.302734375,19037.421875,15616292
2024-05-24,19037.421875,20208.44140625,18903.591796875,19572.74609375,50583596
2024-05-27,19740.033203125,19974.23828125,19572.74609375,19706.576171875,11261239
2024-05-28,19873.865234375,19873.865234375,19606.203125,19840.40625,15970471
2024-05-29,19873.865234375,19907.322265625,19572.74609375,19572.74609375,20095532
2024-05-30,19505.830078125,19673.119140625,19305.083984375,19673.119140625,19593555
2024-05-31,19238.16796875,19469.02734375,18968.833984375,18968.833984375,14453558
2024-06-03,18968.833984375,18968.833984375,18968.833984375,18968.833984375,0
2024-06-04,19084.263671875,19084.263671875,18814.9296875,18853.404296875,12633998
2024-06-05,19045.787109375,19045.787109375,18699.5,18737.9765625,14015367
2024-06-06,18776.453125,18853.404296875,18699.5,18737.9765625,10431996
2024-06-07,18891.880859375,18968.833984375,18699.5,18930.357421875,7650286
2024-06-10,18930.357421875,19007.310546875,18699.5,18776.453125,9968334
2024-06-11,18776.453125,18814.9296875,18545.59375,18584.0703125,11956049
2024-06-12,18584.0703125,18891.880859375,18391.689453125,18891.880859375,13500375
2024-06-13,18891.880859375,19161.216796875,18776.453125,19084.263671875,15221693
2024-06-14,19007.310546875,19161.216796875,18930.357421875,18930.357421875,14343881
2024-06-17,18930.357421875,18930.357421875,18661.0234375,18891.880859375,8275995
2024-06-18,19007.310546875,19007.310546875,18776.453125,18891.880859375,7439117
2024-06-19,18891.880859375,19007.310546875,18661.0234375,18968.833984375,9892443
2024-06-20,18891.880859375,19122.740234375,18776.453125,19084.263671875,13217084
2024-06-21,19122.740234375,19122.740234375,18853.404296875,18891.880859375,6656039
2024-06-24,18930.357421875,18930.357421875,18391.689453125,18545.59375,18472782
2024-06-25,18468.642578125,18622.546875,18391.689453125,18507.1171875,8704570
2024-06-26,18468.642578125,18545.59375,18160.83203125,18545.59375,13170562
2024-06-27,18468.642578125,18545.59375,18314.736328125,18430.166015625,6369369
2024-06-28,18314.736328125,18468.642578125,18276.259765625,18314.736328125,7473424
2024-07-01,18314.736328125,18353.212890625,18160.83203125,18314.736328125,5111583
2024-07-02,18314.736328125,18545.59375,18237.783203125,18507.1171875,7402341
2024-07-03,18584.0703125,18776.453125,18430.166015625,18661.0234375,7600515
2024-07-04,18699.5,18737.9765625,18430.166015625,18584.0703125,8275345
2024-07-05,18584.0703125,18699.5,18468.642578125,18699.5,8232332
2024-07-08,18699.5,18737.9765625,18545.59375,18661.0234375,6424078
2024-07-09,18584.0703125,18776.453125,18507.1171875,18699.5,10378326
2024-07-10,18853.404296875,18853.404296875,18661.0234375,18661.0234375,8408024
2024-07-11,18737.9765625,18737.9765625,18584.0703125,18584.0703125,6484894
2024-07-12,18545.59375,18584.0703125,18314.736328125,18468.642578125,9293244
2024-07-15,18468.642578125,18507.1171875,18391.689453125,18430.166015625,5823709
2024-07-16,18468.642578125,18699.5,18430.166015625,18545.59375,9087013
2024-07-17,18699.5,19392.07421875,18622.546875,18853.404296875,37543074
2024-07-18,18853.404296875,19315.12109375,18853.404296875,19084.263671875,13851890
2024-07-19,19084.263671875,19469.02734375,18968.833984375,19315.12109375,22179606
2024-07-22,19315.12109375,19392.07421875,18968.833984375,19045.787109375,19683266
2024-07-23,19084.263671875,19161.216796875,18468.642578125,18468.642578125,19628947
2024-07-24,18468.642578125,18776.453125,18314.736328125,18622.546875,15916795
2024-07-25,18584.0703125,18584.0703125,18314.736328125,18507.1171875,9298962
2024-07-26,18545.59375,18584.0703125,18468.642578125,18545.59375,4479896
2024-07-29,18699.5,18699.5,18507.1171875,18584.0703125,5331328
2024-07-30,18468.642578125,18584.0703125,18430.166015625,18584.0703125,7133215
2024-07-31,18622.546875,18891.880859375,18545.59375,18891.880859375,11109035
2024-08-01,18853.404296875,18930.357421875,18430.166015625,18430.166015625,11922522
2024-08-02,18391.689453125,18468.642578125,18199.306640625,18430.166015625,17810947
2024-08-05,18160.83203125,18353.212890625,17814.544921875,17853.01953125,26102406
2024-08-06,18083.87890625,18199.306640625,17891.49609375,18083.87890625,10423159
2024-08-07,18160.83203125,18160.83203125,17929.97265625,18006.92578125,5718189
2024-08-08,17891.49609375,18083.87890625,17891.49609375,17891.49609375,4742655
2024-08-09,18006.92578125,18160.83203125,17929.97265625,18160.83203125,3907466
2024-08-12,18160.83203125,18314.736328125,17929.97265625,18314.736328125,5454391
2024-08-13,18122.35546875,18314.736328125,18083.87890625,18160.83203125,3703575
2024-08-14,18237.783203125,18314.736328125,18122.35546875,18122.35546875,4310181
2024-08-15,18122.35546875,18160.83203125,18045.40234375,18083.87890625,3450302
2024-08-16,18083.87890625,18468.642578125,18083.87890625,18468.642578125,8467801
2024-08-19,18468.642578125,18584.0703125,18430.166015625,18507.1171875,4985661
2024-08-20,18507.1171875,18699.5,18468.642578125,18545.59375,7034193
2024-08-21,18507.1171875,18776.453125,18507.1171875,18776.453125,8520691
2024-08-22,18853.404296875,18891.880859375,18699.5,18776.453125,8822435
2024-08-23,18776.453125,18853.404296875,18661.0234375,18814.9296875,5058823
2024-08-26,18891.880859375,18891.880859375,18776.453125,18814.9296875,6395229
2024-08-27,18814.9296875,18853.404296875,18776.453125,18814.9296875,5399032
2024-08-28,18853.404296875,18891.880859375,18776.453125,18853.404296875,6786638
2024-08-29,18891.880859375,19161.216796875,18891.880859375,18968.833984375,11160106
2024-08-30,18968.833984375,19084.263671875,18968.833984375,19084.263671875,5826698
2024-09-02,19084.263671875,19084.263671875,19084.263671875,19084.263671875,0
2024-09-03,19084.263671875,19084.263671875,19084.263671875,19084.263671875,0
2024-09-04,18853.404296875,19007.310546875,18814.9296875,18968.833984375,7319953
2024-09-05,18968.833984375,19007.310546875,18814.9296875,18853.404296875,4593342
2024-09-06,18853.404296875,18930.357421875,18814.9296875,18930.357421875,6502048
2024-09-09,18891.880859375,18930.357421875,18699.5,18814.9296875,6090106
2024-09-10,18814.9296875,18891.880859375,18545.59375,18661.0234375,7970483
2024-09-11,18584.0703125,18661.0234375,18545.59375,18584.0703125,4657537
2024-09-12,18661.0234375,18853.404296875,18622.546875,18814.9296875,3401701
2024-09-13,18776.453125,18814.9296875,18661.0234375,18776.453125,3080854
2024-09-16,18776.453125,18891.880859375,18584.0703125,18584.0703125,4824263
2024-09-17,18584.0703125,18853.404296875,18545.59375,18853.404296875,5299490
2024-09-18,18853.404296875,19045.787109375,18737.9765625,18968.833984375,11329690
2024-09-19,19045.787109375,19122.740234375,18930.357421875,19084.263671875,6782610
2024-09-20,19161.216796875,19853.7890625,19161.216796875,19738.361328125,44587014
2024-09-23,19776.837890625,20007.6953125,19699.884765625,19738.361328125,11142042
2024-09-24,19738.361328125,19853.7890625,19545.978515625,19853.7890625,16601762
2024-09-25,20007.6953125,20161.6015625,19853.7890625,20161.6015625,29907082
2024-09-26,20238.552734375,20277.029296875,20007.6953125,20007.6953125,23614773
2024-09-27,20007.6953125,20315.505859375,19930.7421875,19930.7421875,14044216
2024-09-30,19776.837890625,19969.21875,19776.837890625,19815.314453125,10987662
2024-10-01,19815.314453125,20123.125,19815.314453125,19815.314453125,13525585
2024-10-02,19776.837890625,20084.6484375,19699.884765625,19853.7890625,13141063
2024-10-03,19969.21875,20238.552734375,19776.837890625,19776.837890625,19230520
2024-10-04,19776.837890625,19815.314453125,19545.978515625,19545.978515625,11258997
2024-10-07,19622.931640625,19776.837890625,19507.501953125,19584.455078125,8797225
2024-10-08,19622.931640625,19738.361328125,19507.501953125,19622.931640625,8476248
2024-10-09,19699.884765625,20200.076171875,19661.408203125,20200.076171875,25994158
2024-10-10,20315.505859375,20392.458984375,20046.171875,20161.6015625,11798680
2024-10-11,20084.6484375,20123.125,19930.7421875,20084.6484375,8524720
2024-10-14,20123.125,20200.076171875,19969.21875,19969.21875,11730456
2024-10-15,19969.21875,20161.6015625,19853.7890625,19892.265625,9239185
2024-10-16,19815.314453125,19892.265625,19699.884765625,19815.314453125,7011582
2024-10-17,19930.7421875,20123.125,19815.314453125,20123.125,11948902
2024-10-18,20200.076171875,20392.458984375,19969.21875,20084.6484375,14931644
2024-10-21,20007.6953125,20084.6484375,19853.7890625,19853.7890625,7188834
2024-10-22,19853.7890625,19892.265625,19545.978515625,19545.978515625,15743832
2024-10-23,19545.978515625,19661.408203125,19353.59765625,19545.978515625,10006279
2024-10-24,19545.978515625,19584.455078125,19238.16796875,19238.16796875,11600246
2024-10-25,19238.16796875,19315.12109375,19122.740234375,19161.216796875,11981909
2024-10-28,19161.216796875,19353.59765625,19045.787109375,19353.59765625,6491782
2024-10-29,19469.02734375,19469.02734375,19315.12109375,19392.07421875,5427751
2024-10-30,19392.07421875,19430.55078125,19199.69140625,19315.12109375,5032183
2024-10-31,19315.12109375,19584.455078125,19276.64453125,19545.978515625,6594312
2024-11-01,19469.02734375,19545.978515625,19161.216796875,19161.216796875,10208092
2024-11-04,19238.16796875,19276.64453125,18968.833984375,19045.787109375,11847151
2024-11-05,19084.263671875,19161.216796875,19045.787109375,19045.787109375,3984396
2024-11-06,19161.216796875,19392.07421875,19084.263671875,19315.12109375,8111998
2024-11-07,19392.07421875,19469.02734375,19161.216796875,19315.12109375,6291139
2024-11-08,19315.12109375,19392.07421875,19045.787109375,19161.216796875,10683709
2024-11-11,19161.216796875,19238.16796875,18968.833984375,19122.740234375,8761358
2024-11-12,19084.263671875,19199.69140625,18968.833984375,19122.740234375,5383698
2024-11-13,19084.263671875,19161.216796875,18930.357421875,19161.216796875,8303934
2024-11-14,18968.833984375,19122.740234375,18891.880859375,18891.880859375,7530992
2024-11-15,18891.880859375,18930.357421875,18699.5,18776.453125,12056111
2024-11-18,18776.453125,18930.357421875,18545.59375,18853.404296875,10534526
2024-11-19,18853.404296875,18891.880859375,18699.5,18699.5,7517217
2024-11-20,18622.546875,18891.880859375,18584.0703125,18853.404296875,8105761
2024-11-21,18853.404296875,19122.740234375,18661.0234375,19122.740234375,9852809
2024-11-22,19122.740234375,19199.69140625,18968.833984375,19199.69140625,7399093
2024-11-25,19199.69140625,19238.16796875,19084.263671875,19161.216796875,5339255
2024-11-26,19161.216796875,19315.12109375,19122.740234375,19238.16796875,4624400
2024-11-27,19199.69140625,19392.07421875,19199.69140625,19276.64453125,3566737
2024-11-28,19353.59765625,19392.07421875,19199.69140625,19353.59765625,5967433
2024-11-29,19353.59765625,19392.07421875,19238.16796875,19392.07421875,5042060
2024-12-02,19430.55078125,19507.501953125,19276.64453125,19353.59765625,3232766
2024-12-03,19392.07421875,19392.07421875,19199.69140625,19238.16796875,7962426
2024-12-04,19199.69140625,19276.64453125,19122.740234375,19276.64453125,5998492
2024-12-05,19238.16796875,19776.837890625,19199.69140625,19776.837890625,10743096
2024-12-06,19622.931640625,19815.314453125,19622.931640625,19738.361328125,7861325
2024-12-09,19699.884765625,19738.361328125,19507.501953125,19622.931640625,7035752
2024-12-10,19622.931640625,19622.931640625,19507.501953125,19507.501953125,4417130
2024-12-11,19507.501953125,19622.931640625,19392.07421875,19545.978515625,11471076
2024-12-12,19545.978515625,19622.931640625,19430.55078125,19469.02734375,7619618
2024-12-13,19469.02734375,19469.02734375,19315.12109375,19353.59765625,7849239
2024-12-16,19353.59765625,19430.55078125,19276.64453125,19353.59765625,6706849
2024-12-17,19430.55078125,19430.55078125,19276.64453125,19392.07421875,4326295
2024-12-18,19430.55078125,19430.55078125,19315.12109375,19353.59765625,4394259
2024-12-19,19276.64453125,19276.64453125,19007.310546875,19084.263671875,12620744
2024-12-20,19122.740234375,19161.216796875,19045.787109375,19084.263671875,6138838
2024-12-23,19122.740234375,19199.69140625,19084.263671875,19161.216796875,4503027
2024-12-24,19161.216796875,19238.16796875,19084.263671875,19238.16796875,4198294
2024-12-25,19238.16796875,19699.884765625,19199.69140625,19584.455078125,12361233
2024-12-26,19584.455078125,19661.408203125,19545.978515625,19661.408203125,7250300
2024-12-27,19699.884765625,19776.837890625,19622.931640625,19661.408203125,9993025
2024-12-30,19507.501953125,19738.361328125,19507.501953125,19545.978515625,6498019
2024-12-31,19545.978515625,19853.7890625,19507.501953125,19853.7890625,11488879
2025-01-01,19853.7890625,19853.7890625,19853.7890625,19853.7890625,0
2025-01-02,19699.884765625,19776.837890625,19545.978515625,19699.884765625,5935986
2025-01-03,19622.931640625,19661.408203125,19315.12109375,19315.12109375,6519981
2025-01-06,19238.16796875,19276.64453125,19045.787109375,19084.263671875,15662483
2025-01-07,19084.263671875,19276.64453125,19084.263671875,19238.16796875,6526218
2025-01-08,19238.16796875,19238.16796875,19084.263671875,19238.16796875,5312485
2025-01-09,19199.69140625,19238.16796875,19122.740234375,19199.69140625,4989040
2025-01-10,19161.216796875,19199.69140625,19007.310546875,19007.310546875,6121814
2025-01-13,18853.404296875,19122.740234375,18853.404296875,19045.787109375,6010837
2025-01-14,19045.787109375,19084.263671875,18853.404296875,18968.833984375,6575340
2025-01-15,19122.740234375,19199.69140625,18968.833984375,19161.216796875,9648917
2025-01-16,19122.740234375,19199.69140625,18968.833984375,19161.216796875,9648917
2025-01-17,19122.740234375,19238.16796875,19084.263671875,19199.69140625,3091380
2025-01-20,19199.69140625,19276.64453125,19084.263671875,19238.16796875,5203717
2025-01-21,19276.64453125,19315.12109375,19122.740234375,19199.69140625,5643208
2025-01-22,19238.16796875,19238.16796875,19084.263671875,19122.740234375,3622876
2025-01-23,19161.216796875,19545.978515625,19161.216796875,19469.02734375,11561391
2025-01-24,19392.07421875,19622.931640625,19392.07421875,19507.501953125,6365730
2025-01-27,19507.501953125,19507.501953125,19507.501953125,19507.501953125,0
2025-01-28,19507.501953125,19507.501953125,19507.501953125,19507.501953125,0
2025-01-29,19507.501953125,19507.501953125,19507.501953125,19507.501953125,0
2025-01-30,19507.501953125,19507.501953125,19507.501953125,19507.501953125,0
2025-01-31,19507.501953125,19507.501953125,19507.501953125,19507.501953125,0
2025-02-03,19276.64453125,19469.02734375,19161.216796875,19315.12109375,6195886
2025-02-04,19430.55078125,19507.501953125,19276.64453125,19430.55078125,6372228
2025-02-05,19430.55078125,19545.978515625,19392.07421875,19545.978515625,9735983
2025-02-06,19622.931640625,19738.361328125,19545.978515625,19622.931640625,7269143
2025-02-07,19622.931640625,19853.7890625,19545.978515625,19776.837890625,12833342
2025-02-10,19738.361328125,20123.125,19622.931640625,19853.7890625,18235103
2025-02-11,19892.265625,19969.21875,19776.837890625,19892.265625,7043939
2025-02-12,19930.7421875,20007.6953125,19738.361328125,19738.361328125,8822305
2025-02-13,19738.361328125,19815.314453125,19661.408203125,19776.837890625,7471995
2025-02-14,19969.21875,19969.21875,19776.837890625,19815.314453125,10576890
2025-02-17,19969.21875,19969.21875,19815.314453125,19853.7890625,7452372
2025-02-18,19853.7890625,20007.6953125,19815.314453125,19815.314453125,6702041
2025-02-19,19815.314453125,19930.7421875,19776.837890625,19853.7890625,6534275
2025-02-20,19892.265625,19969.21875,19815.314453125,19969.21875,7419365
2025-02-21,20007.6953125,20277.029296875,19969.21875,20161.6015625,16528730
2025-02-24,20046.171875,20200.076171875,20046.171875,20123.125,8312771
2025-02-25,20123.125,20200.076171875,20007.6953125,20007.6953125,8415432
2025-02-26,20046.171875,20084.6484375,19969.21875,19969.21875,6570661
2025-02-27,20007.6953125,20084.6484375,19892.265625,20084.6484375,7351011
2025-02-28,20007.6953125,20161.6015625,19853.7890625,20007.6953125,7108135
2025-03-03,20007.6953125,20046.171875,19853.7890625,20007.6953125,7274471
2025-03-04,19930.7421875,20161.6015625,19853.7890625,20123.125,12939511
2025-03-05,20238.552734375,20507.88671875,20123.125,20123.125,15166074
2025-03-06,20200.076171875,20315.505859375,20123.125,20315.505859375,6589764
2025-03-07,20392.458984375,20623.31640625,20277.029296875,20507.88671875,13911797
2025-03-10,20546.36328125,20584.83984375,20315.505859375,20353.982421875,11038992
2025-03-11,20238.552734375,20353.982421875,20084.6484375,20353.982421875,11880029
2025-03-12,20392.458984375,20546.36328125,20161.6015625,20238.552734375,10131161
2025-03-13,20277.029296875,20353.982421875,20084.6484375,20084.6484375,11546707
2025-03-14,20161.6015625,20161.6015625,19930.7421875,20007.6953125,15007405
2025-03-17,20084.6484375,20200.076171875,20007.6953125,20161.6015625,7360887
2025-03-18,20238.552734375,20430.935546875,20200.076171875,20238.552734375,7808045
2025-03-19,20238.552734375,20238.552734375,20046.171875,20161.6015625,10283723
2025-03-20,20315.505859375,20353.982421875,20123.125,20200.076171875,6318948
2025-03-21,20200.076171875,20238.552734375,20084.6484375,20084.6484375,5369404
2025-03-24,20200.076171875,20277.029296875,20046.171875,20277.029296875,10250845
2025-03-25,20315.505859375,20353.982421875,20123.125,20238.552734375,7273691
2025-03-26,20238.552734375,20353.982421875,20084.6484375,20123.125,9660353
2025-03-27,20007.6953125,20161.6015625,19969.21875,20007.6953125,8640505
2025-03-28,20007.6953125,20046.171875,19892.265625,19969.21875,12642315
2025-03-31,19892.265625,20007.6953125,19853.7890625,20007.6953125,11859496
2025-04-01,20007.6953125,20046.171875,19930.7421875,20046.171875,3962825
2025-04-02,20084.6484375,20161.6015625,19930.7421875,19969.21875,9721429
2025-04-03,19353.59765625,19507.501953125,18584.0703125,18584.0703125,51571047
2025-04-04,17468.2578125,18314.736328125,17314.3515625,18314.736328125,93888095
2025-04-07,18314.736328125,18314.736328125,18314.736328125,18314.736328125,0
2025-04-08,17776.068359375,17929.97265625,17045.017578125,17045.017578125,56758131
2025-04-09,15967.6796875,17583.685546875,15967.6796875,16775.68359375,47892422
2025-04-10,17929.97265625,17929.97265625,17929.97265625,17929.97265625,1295211
2025-04-11,19084.263671875,19161.216796875,18430.166015625,19122.740234375,46760558
2025-04-14,19122.740234375,19507.501953125,18930.357421875,19084.263671875,25162868
2025-04-15,18930.357421875,19007.310546875,18545.59375,18545.59375,19130979
2025-04-16,18814.9296875,19007.310546875,18584.0703125,18699.5,14336213
2025-04-17,18853.404296875,18891.880859375,18545.59375,18699.5,13176800
2025-04-18,18853.404296875,19045.787109375,18814.9296875,18853.404296875,14289951
2025-04-21,18737.9765625,18853.404296875,18545.59375,18545.59375,9416177
2025-04-22,18699.5,18776.453125,17429.78125,18545.59375,17682556
2025-04-23,18930.357421875,18930.357421875,18584.0703125,18930.357421875,8878313
2025-04-24,18776.453125,18891.880859375,18584.0703125,18584.0703125,8416341
2025-04-25,18776.453125,18776.453125,18391.689453125,18391.689453125,17357421
2025-04-28,18507.1171875,18507.1171875,18353.212890625,18430.166015625,5205147
2025-04-29,18430.166015625,18622.546875,18430.166015625,18507.1171875,4654549
2025-04-30,18507.1171875,18507.1171875,18507.1171875,18507.1171875,0
2025-05-01,18507.1171875,18507.1171875,18507.1171875,18507.1171875,0
2025-05-02,18507.1171875,18507.1171875,18507.1171875,18507.1171875,0
2025-05-05,18661.0234375,18661.0234375,18468.642578125,18507.1171875,6015385
2025-05-06,18661.0234375,18661.0234375,18468.642578125,18507.1171875,6015385
2025-05-07,18507.1171875,18622.546875,18468.642578125,18468.642578125,10958033
2025-05-08,18622.546875,18622.546875,18430.166015625,18468.642578125,10078662
2025-05-09,18545.59375,18584.0703125,18430.166015625,18584.0703125,9462439
2025-05-12,18661.0234375,18814.9296875,18584.0703125,18776.453125,11942145
2025-05-13,18661.0234375,18814.9296875,18584.0703125,18776.453125,11942145
2025-05-14,18891.880859375,19007.310546875,18814.9296875,18930.357421875,12540434
2025-05-15,18968.833984375,19199.69140625,18968.833984375,19084.263671875,14189370
2025-05-16,19622.931640625,19738.361328125,19315.12109375,19661.408203125,32029036
2025-05-19,19584.455078125,19776.837890625,19469.02734375,19545.978515625,18084101
2025-05-20,19584.455078125,19776.837890625,19469.02734375,19545.978515625,18084101
2025-05-21,19622.931640625,19738.361328125,19545.978515625,19699.884765625,14328027
2025-05-22,19815.314453125,19930.7421875,19699.884765625,19738.361328125,16064678
2025-05-23,22743.36328125,22787.611328125,22566.37109375,22610.619140625,20377516
2025-05-26,19115.044921875,19159.29296875,18672.56640625,19026.548828125,11231296
2025-05-27,19115.044921875,19159.29296875,18672.56640625,19026.548828125,11231296
2025-05-28,19115.044921875,19115.044921875,18938.052734375,18982.30078125,10528549
2025-05-29,19026.548828125,19070.796875,18893.8046875,18938.052734375,8880557
2025-05-30,18982.30078125,19026.548828125,18849.556640625,18849.556640625,10250908
2025-06-02,18672.56640625,18761.0625,18584.0703125,18672.56640625,9251875
2025-06-03,18672.56640625,18761.0625,18584.0703125,18672.56640625,9251875
2025-06-04,18716.814453125,792.7728271484375,18716.814453125,18805.310546875,8225383
2025-06-05,18716.814453125,792.7728271484375,18716.814453125,18805.310546875,8225383
2025-06-06,18716.814453125,18761.0625,18584.0703125,18584.0703125,281822
2025-06-09,18584.0703125,18628.318359375,18495.576171875,18539.822265625,6446876
2025-06-10,18584.0703125,18628.318359375,18495.576171875,18539.822265625,6446876
2025-06-11,18628.318359375,18628.318359375,18495.576171875,18539.822265625,6455125
2025-06-12,18584.0703125,18628.318359375,18495.576171875,18539.822265625,4047547
2025-06-13,18628.318359375,18716.814453125,18539.822265625,18628.318359375,7398675
2025-06-16,18584.0703125,18849.556640625,18539.822265625,18849.556640625,10154858
2025-06-17,18584.0703125,18849.556640625,18539.822265625,18849.556640625,10154858
2025-06-18,18938.052734375,18982.30078125,18716.814453125,18761.0625,7938815
2025-06-19,18761.0625,18893.8046875,18716.814453125,18849.556640625,8390476
2025-06-20,18849.556640625,18893.8046875,18716.814453125,18849.556640625,8225835
2025-06-23,18938.052734375,18982.30078125,18805.310546875,18893.8046875,10152372
2025-06-24,18938.052734375,18982.30078125,18805.310546875,18893.8046875,10152372
2025-06-25,18982.30078125,19115.044921875,18849.556640625,18849.556640625,9685908
2025-06-26,18893.8046875,18982.30078125,18805.310546875,18805.310546875,8782021
2025-06-27,18849.556640625,18893.8046875,18716.814453125,18761.0625,11184062
2025-06-30,18805.310546875,18849.556640625,18716.814453125,18849.556640625,6619653
2025-07-01,18805.310546875,18849.556640625,18716.814453125,18849.556640625,6619653
2025-07-02,18849.556640625,18938.052734375,18805.310546875,18849.556640625,8506188
2025-07-03,18849.556640625,18982.30078125,18805.310546875,18849.556640625,8621335
2025-07-04,18893.8046875,19115.044921875,18849.556640625,18938.052734375,17091815
2025-07-07,19513.2734375,19778.76171875,19380.53125,19690.265625,19567193
2025-07-08,19513.2734375,19778.76171875,19380.53125,19690.265625,19567193
2025-07-09,19823.009765625,19823.009765625,19557.521484375,19690.265625,16583202
2025-07-10,19690.265625,19911.50390625,19690.265625,19867.255859375,21135407
2025-07-11,20044.248046875,20088.49609375,19823.009765625,19955.751953125,10319725
2025-07-14,20132.744140625,20221.23828125,19778.76171875,20088.49609375,13903181
2025-07-15,20132.744140625,20221.23828125,19778.76171875,20088.49609375,13903181
2025-07-16,20088.49609375,20176.990234375,19867.255859375,19867.255859375,14337553
2025-07-17,19867.255859375,19955.751953125,19734.513671875,19867.255859375,12355985
2025-07-18,19867.255859375,19955.751953125,19823.009765625,19867.255859375,17077577
2025-07-21,20088.49609375,20442.478515625,20044.248046875,20221.23828125,19365036
2025-07-22,20088.49609375,20442.478515625,20044.248046875,20221.23828125,19365036
2025-07-23,20221.23828125,20265.486328125,20000.0,20265.486328125,13602827
2025-07-24,20398.23046875,20486.7265625,20265.486328125,20353.982421875,17173288
2025-07-25,20486.7265625,20796.4609375,20442.478515625,20530.97265625,17138710
2025-07-28,20973.451171875,21106.1953125,20796.4609375,21106.1953125,19063665
2025-07-29,20973.451171875,21106.1953125,20796.4609375,21106.1953125,19063665
2025-07-30,21150.443359375,21194.689453125,20132.744140625,20132.744140625,38448476
2025-07-31,20132.744140625,20442.478515625,20088.49609375,20353.982421875,16951243
2025-08-01,20530.97265625,20575.220703125,20088.49609375,20353.982421875,11984102
2025-08-04,20353.982421875,20619.46875,20176.990234375,20619.46875,12585601
2025-08-05,20353.982421875,20619.46875,20176.990234375,20619.46875,12585601
2025-08-06,20796.4609375,21681.416015625,20619.46875,20752.212890625,47825442
2025-08-07,20973.451171875,21592.919921875,20973.451171875,21415.9296875,18363630
2025-08-08,21592.919921875,21814.16015625,21327.43359375,21592.919921875,21580514
2025-08-11,21504.423828125,21858.40625,21460.177734375,21592.919921875,18143619
2025-08-12,21504.423828125,21858.40625,21460.177734375,21592.919921875,18143619
2025-08-13,21681.416015625,21725.6640625,21327.43359375,21460.177734375,16529753
2025-08-14,21592.919921875,21814.16015625,21371.681640625,21681.416015625,21800073
2025-08-15,21902.654296875,23185.83984375,21858.40625,23185.83984375,39425135
2025-08-18,23716.814453125,24336.283203125,23318.583984375,23938.052734375,32179914
2025-08-19,23716.814453125,24336.283203125,23318.583984375,23938.052734375,32179914
2025-08-20,23938.052734375,25398.23046875,23893.8046875,25176.990234375,46534643
2025-08-21,25221.23828125,25221.23828125,23805.310546875,24778.76171875,37595100
2025-08-22,25044.248046875,26106.1953125,24778.76171875,26061.947265625,51749932
2025-08-25,24955.751953125,25132.744140625,22964.6015625,23185.83984375,42273639
2025-08-26,24955.751953125,25132.744140625,22964.6015625,23185.83984375,42273639
2025-08-27,23230.087890625,24247.787109375,23097.345703125,24203.5390625,23517673
2025-08-28,24601.76953125,25309.734375,24380.53125,24469.02734375,21279934
2025-08-29,24601.76953125,24911.50390625,23982.30078125,24380.53125,15738301
2025-09-01,24380.53125,24380.53125,24380.53125,24380.53125,0
2025-09-02,24380.53125,24380.53125,24380.53125,24380.53125,0
2025-09-03,24513.2734375,24557.521484375,24070.796875,24336.283203125,21148176
2025-09-04,24513.2734375,24557.521484375,24070.796875,24336.283203125,21148176
2025-09-05,24424.779296875,24557.521484375,24247.787109375,24469.02734375,12746287
2025-09-08,23893.8046875,24424.779296875,23495.576171875,23495.576171875,29552551
2025-09-09,23893.8046875,24424.779296875,23495.576171875,23495.576171875,29552551
2025-09-10,23849.556640625,23849.556640625,23407.080078125,23495.576171875,17181085
2025-09-11,23628.318359375,23761.0625,23407.080078125,23495.576171875,15922943
2025-09-12,23451.328125,23495.576171875,22831.859375,23185.83984375,23108387
2025-09-15,23185.83984375,23185.83984375,23185.83984375,23185.83984375,0
2025-09-16,23274.3359375,23584.0703125,23097.345703125,23362.83203125,31526774
2025-09-17,23539.822265625,23539.822265625,23185.83984375,23362.83203125,45322944
2025-09-18,23362.83203125,23407.080078125,23053.09765625,23141.59375,14745483
2025-09-19,23185.83984375,23185.83984375,22610.619140625,22610.619140625,24688240
2025-09-22,22522.123046875,22522.123046875,22168.140625,22256.63671875,21927424
2025-09-23,22522.123046875,22522.123046875,22168.140625,22256.63671875,21927424
2025-09-24,22256.63671875,22743.36328125,22256.63671875,22433.62890625,10605615
2025-09-25,22566.37109375,23008.849609375,22345.1328125,23008.849609375,12264229
2025-09-26,23141.59375,23141.59375,22699.115234375,22699.115234375,9218766
2025-09-29,22610.619140625,22831.859375,22433.62890625,22654.8671875,9339676
2025-09-30,22610.619140625,22831.859375,22433.62890625,22654.8671875,9339676
2025-10-01,22787.611328125,22831.859375,22522.123046875,22566.37109375,10484027
2025-10-02,22743.36328125,22964.6015625,22610.619140625,22831.859375,11842965
2025-10-03,22920.353515625,23185.83984375,22743.36328125,22787.611328125,12359375
2025-10-06,23141.59375,23716.814453125,22920.353515625,23716.814453125,22926118
2025-10-07,23141.59375,23716.814453125,22920.353515625,23716.814453125,22926118
2025-10-08,23805.310546875,23805.310546875,23407.080078125,23407.080078125,14000474
2025-10-09,23584.0703125,23761.0625,23539.822265625,23672.56640625,20597640
2025-10-10,23716.814453125,23849.556640625,23539.822265625,23849.556640625,18519118
2025-10-13,23495.576171875,23716.814453125,23362.83203125,23672.56640625,20761829
2025-10-14,23495.576171875,23716.814453125,23362.83203125,23672.56640625,20761829
2025-10-15,23672.56640625,23849.556640625,23230.087890625,23274.3359375,20940708
2025-10-16,23362.83203125,23584.0703125,23141.59375,23274.3359375,16290193
2025-10-17,23362.83203125,23495.576171875,23141.59375,23274.3359375,15210930
2025-10-20,22654.8671875,22699.115234375,21769.912109375,21946.90234375,36421934
2025-10-21,22654.8671875,22699.115234375,21769.912109375,21946.90234375,36421934
2025-10-22,21991.150390625,22389.380859375,21991.150390625,22123.89453125,21889682
2025-10-23,22300.884765625,22389.380859375,21814.16015625,22212.388671875,17651165
2025-10-24,22212.388671875,22300.884765625,22079.646484375,22079.646484375,9888856
2025-10-27,22389.380859375,22610.619140625,22079.646484375,22123.89453125,11535831
2025-10-28,22389.380859375,22610.619140625,22079.646484375,22123.89453125,11535831
2025-10-29,22212.388671875,22477.876953125,22168.140625,22477.876953125,11644989
2025-10-30,22477.876953125,22610.619140625,22389.380859375,22477.876953125,7176291
2025-10-31,22566.37109375,22743.36328125,22123.89453125,22212.388671875,10519509
2025-11-03,22477.876953125,22920.353515625,22389.380859375,22522.123046875,15667337
2025-11-04,22522.123046875,23097.345703125,22477.876953125,23008.849609375,20308360
2025-11-05,22522.123046875,23097.345703125,22477.876953125,23008.849609375,20308360
2025-11-06,22610.619140625,22743.36328125,22389.380859375,22389.380859375,7373476
2025-11-07,22345.1328125,22389.380859375,21991.150390625,22035.3984375,13681136
2025-11-10,22035.3984375,22300.884765625,21858.40625,21946.90234375,8161877
2025-11-11,21991.150390625,22168.140625,21946.90234375,21991.150390625,7867399
2025-11-12,22123.89453125,22300.884765625,21946.90234375,22300.884765625,7140583
2025-11-13,22300.884765625,22300.884765625,22123.89453125,22212.388671875,6370036
2025-11-14,22212.388671875,22212.388671875,22035.3984375,22079.646484375,7642642
2025-11-17,22123.89453125,22256.63671875,22079.646484375,22256.63671875,4457963
2025-11-18,22300.884765625,22477.876953125,22168.140625,22212.388671875,7217310
2025-11-19,22256.63671875,22256.63671875,21991.150390625,22035.3984375,6773672
2025-11-20,22123.89453125,22123.89453125,21946.90234375,21946.90234375,6953116
2025-11-21,21902.654296875,21991.150390625,21769.912109375,21858.40625,8248096
2025-11-24,21858.40625,21991.150390625,21769.912109375,21769.912109375,8002321
2025-11-25,21814.16015625,21858.40625,21327.43359375,21415.9296875,17918071
2025-11-26,21415.9296875,21592.919921875,21371.681640625,21415.9296875,10173616
2025-11-27,21637.16796875,21681.416015625,21504.423828125,21548.671875,8804508
2025-11-28,21548.671875,21637.16796875,21460.177734375,21460.177734375,6055444
2025-12-01,21504.423828125,21548.671875,21238.9375,21238.9375,10444590
2025-12-02,21283.185546875,21371.681640625,21106.1953125,21194.689453125,17518616
2025-12-03,21238.9375,21725.6640625,21238.9375,21637.16796875,18138421
2025-12-04,21725.6640625,22123.89453125,21681.416015625,22035.3984375,13808374
2025-12-05,22035.3984375,22123.89453125,21548.671875,21548.671875,10163559
2025-12-08,21460.177734375,21637.16796875,21415.9296875,21415.9296875,5577228
2025-12-09,21415.9296875,21460.177734375,21238.9375,21327.43359375,12798945
2025-12-10,21371.681640625,21504.423828125,21283.185546875,21327.43359375,6169913
2025-12-11,21460.177734375,21460.177734375,21194.689453125,21194.689453125,8504154
2025-12-12,21283.185546875,21327.43359375,20796.4609375,20796.4609375,15735137
2025-12-15,20796.4609375,20884.955078125,20752.212890625,20840.70703125,10528323
2025-12-16,20840.70703125,21946.90234375,20752.212890625,21238.9375,11108126
2025-12-17,21283.185546875,21371.681640625,21150.443359375,21238.9375,7266578
2025-12-18,21283.185546875,21371.681640625,21150.443359375,21238.9375,7266578
2025-12-19,21150.443359375,21283.185546875,21106.1953125,21150.443359375,3998731
2025-12-22,21238.9375,21637.16796875,21150.443359375,21504.423828125,11314803
2025-12-23,21637.16796875,21769.912109375,21194.689453125,21415.9296875,9693479
2025-12-24,21371.681640625,21637.16796875,21194.689453125,21504.423828125,9841396
2025-12-25,21371.681640625,21637.16796875,21194.689453125,21504.423828125,9841396
2025-12-26,21150.443359375,21283.185546875,20929.203125,21150.443359375,8850047
2025-12-29,21106.1953125,21327.43359375,21061.947265625,21238.9375,4260552
2025-12-30,21238.9375,21415.9296875,21150.443359375,21327.43359375,6031149
2025-12-31,21371.681640625,21460.177734375,21150.443359375,21238.9375,6704177
2026-01-01,21238.9375,21238.9375,21238.9375,21238.9375,0
2026-01-02,21238.9375,21238.9375,21238.9375,21238.9375,0
2026-01-05,21238.9375,21327.43359375,21106.1953125,21238.9375,10154406
2026-01-06,21283.185546875,21327.43359375,21017.69921875,21238.9375,14392019
2026-01-07,21415.9296875,21902.654296875,21327.43359375,21814.16015625,25687047
2026-01-08,21902.654296875,22168.140625,21681.416015625,21725.6640625,28166041
2026-01-09,21858.40625,22079.646484375,21681.416015625,21725.6640625,18599800
2026-01-12,21814.16015625,22566.37109375,21814.16015625,22566.37109375,25201825
2026-01-13,22743.36328125,22831.859375,22035.3984375,22035.3984375,27276279
2026-01-14,22123.89453125,22256.63671875,21681.416015625,21814.16015625,21985393
2026-01-15,21991.150390625,22035.3984375,21725.6640625,22035.3984375,16011987
2026-01-16,22123.89453125,22212.388671875,21814.16015625,21991.150390625,12363782
2026-01-19,22035.3984375,22256.63671875,21902.654296875,22212.388671875,12348188
2026-01-20,22212.388671875,22389.380859375,22123.89453125,22168.140625,20774937
2026-01-21,22123.89453125,22256.63671875,21902.654296875,21991.150390625,14604572
2026-01-22,22035.3984375,22168.140625,21946.90234375,21991.150390625,11395824
2026-01-23,22123.89453125,22212.388671875,22035.3984375,22168.140625,13312530
2026-01-26,22168.140625,22212.388671875,21814.16015625,21946.90234375,15529477
2026-01-27,21769.912109375,21946.90234375,21637.16796875,21858.40625,14092908
2026-01-28,21637.16796875,21681.416015625,21106.1953125,21150.443359375,36493237
2026-01-29,21238.9375,21371.681640625,21017.69921875,21061.947265625,22989624
2026-01-30,21106.1953125,21327.43359375,21061.947265625,21327.43359375,17704049
2026-02-02,21283.185546875,21283.185546875,20973.451171875,21017.69921875,16162729
2026-02-03,21061.947265625,21150.443359375,20973.451171875,20973.451171875,19955461
2026-02-04,20973.451171875,21061.947265625,20840.70703125,20884.955078125,20206321
2026-02-05,20929.203125,20973.451171875,20752.212890625,20752.212890625,15869268
2026-02-06,20707.96484375,20752.212890625,20353.982421875,20353.982421875,21014949
2026-02-09,20530.97265625,20663.716796875,20265.486328125,20309.734375,12574979
2026-02-10,20442.478515625,20486.7265625,20221.23828125,20353.982421875,15956052
2026-02-11,20398.23046875,20929.203125,20398.23046875,20929.203125,20110497
2026-02-12,20929.203125,21106.1953125,20840.70703125,21106.1953125,19740648
2026-02-13,21106.1953125,21150.443359375,20973.451171875,21106.1953125,15401561
2026-02-16,21106.1953125,21106.1953125,21106.1953125,21106.1953125,0
2026-02-17,21106.1953125,21106.1953125,21106.1953125,21106.1953125,0
2026-02-18,21106.1953125,21106.1953125,21106.1953125,21106.1953125,0
2026-02-19,21106.1953125,21106.1953125,21106.1953125,21106.1953125,0
2026-02-20,21106.1953125,21106.1953125,21106.1953125,21106.1953125,0
2026-02-23,21238.9375,21327.43359375,21106.1953125,21283.185546875,13035002
2026-02-24,21327.43359375,21327.43359375,21238.9375,21238.9375,15592192
2026-02-25,21327.43359375,21637.16796875,21283.185546875,21637.16796875,19170450
2026-02-26,21681.416015625,21725.6640625,21460.177734375,21637.16796875,15104936
2026-02-27,21637.16796875,21769.912109375,21415.9296875,21725.6640625,12487630
2026-03-02,21238.9375,21415.9296875,21150.443359375,21194.689453125,21851714
2026-03-03,21238.9375,21415.9296875,21150.443359375,21194.689453125,21851714
2026-03-04,20796.4609375,20884.955078125,20442.478515625,20530.97265625,24856384
2026-03-05,20796.4609375,20840.70703125,20530.97265625,20840.70703125,11213329
2026-03-06,20796.4609375,20884.955078125,20530.97265625,20619.46875,13219983
2026-03-09,19557.521484375,20044.248046875,19203.5390625,19203.5390625,40060082
2026-03-10,19955.751953125,20530.97265625,19469.02734375,20486.7265625,26170348
2026-03-11,20398.23046875,20884.955078125,20353.982421875,20530.97265625,20680356
2026-03-12,20353.982421875,20575.220703125,20000.0,20486.7265625,17705518
2026-03-13,20309.734375,20752.212890625,20176.990234375,20752.212890625,17544041
2026-03-16,20707.96484375,20752.212890625,20575.220703125,20752.212890625,10773533
2026-03-17,20796.4609375,21106.1953125,20796.4609375,21017.69921875,11128014
2026-03-18,21017.69921875,21150.443359375,20840.70703125,21017.69921875,11872458
2026-03-19,20796.4609375,21061.947265625,20575.220703125,20884.955078125,18774498
2026-03-20,20707.96484375,20796.4609375,20353.982421875,20353.982421875,15565976
2026-03-23,20309.734375,20309.734375,19867.255859375,19911.50390625,17919992
2026-03-24,20132.744140625,20442.478515625,20132.744140625,20442.478515625,15824520
2026-03-25,20530.97265625,21061.947265625,20486.7265625,21061.947265625,14067822
2026-03-26,20973.451171875,20973.451171875,20619.46875,20884.955078125,9372785
2026-03-27,20707.96484375,21061.947265625,20619.46875,21061.947265625,8631392
2026-03-30,20619.46875,21061.947265625,20619.46875,21017.69921875,8378611
2026-03-31,20929.203125,21106.1953125,20752.212890625,20840.70703125,14798480
2026-04-01,21106.1953125,21150.443359375,20973.451171875,21061.947265625,11168355
2026-04-02,20973.451171875,20973.451171875,20619.46875,20884.955078125,11037727
2026-04-03,20884.955078125,20973.451171875,20575.220703125,20796.4609375,12866519
2026-04-06,20796.4609375,20796.4609375,20530.97265625,20575.220703125,6276020
2026-04-07,20575.220703125,20707.96484375,20486.7265625,20530.97265625,11834151
2026-04-08,20973.451171875,21371.681640625,20840.70703125,21327.43359375,22291849
2026-04-09,21283.185546875,21283.185546875,21017.69921875,21106.1953125,5809895
2026-04-10,21327.43359375,21415.9296875,21106.1953125,21106.1953125,9194019
2026-04-13,21061.947265625,21238.9375,20840.70703125,21017.69921875,9134807
2026-04-14,21194.689453125,21371.681640625,21061.947265625,21238.9375,17458048
2026-04-15,21371.681640625,21415.9296875,21061.947265625,21061.947265625,8197698
2026-04-16,21150.443359375,21150.443359375,20884.955078125,20929.203125,9744103
2026-04-17,20973.451171875,21106.1953125,20929.203125,21017.69921875,6863055
2026-04-20,21106.1953125,21238.9375,21017.69921875,21194.689453125,9797326
2026-04-21,21238.9375,21283.185546875,21017.69921875,21017.69921875,7710781
2026-04-22,21017.69921875,21061.947265625,20840.70703125,20884.955078125,9950667
2026-04-23,20840.70703125,21150.443359375,20796.4609375,20796.4609375,15860341
2026-04-24,20840.70703125,20884.955078125,20619.46875,20707.96484375,19750931
2026-04-27,20707.96484375,20707.96484375,20707.96484375,20707.96484375,0
2026-04-28,20707.96484375,20796.4609375,20663.716796875,20796.4609375,8181652
2026-04-29,20796.4609375,20840.70703125,20619.46875,20796.4609375,10098584
2026-04-30,20796.4609375,20796.4609375,20796.4609375,20796.4609375,0
2026-05-01,20796.4609375,20796.4609375,20796.4609375,20796.4609375,0
2026-05-04,20840.70703125,20840.70703125,20442.478515625,20442.478515625,13580905
2026-05-05,20442.478515625,20486.7265625,19911.50390625,20000.0,32553831
2026-05-06,20044.248046875,20575.220703125,20044.248046875,20442.478515625,21920418
2026-05-07,20442.478515625,20530.97265625,20221.23828125,20265.486328125,22866906
2026-05-08,20265.486328125,20398.23046875,20221.23828125,20221.23828125,17779646
2026-05-11,20353.982421875,20353.982421875,20132.744140625,20132.744140625,14539258
2026-05-12,20176.990234375,20221.23828125,20044.248046875,20088.49609375,12365816
2026-05-13,20088.49609375,20132.744140625,19823.009765625,19911.50390625,23999053
2026-05-14,19911.50390625,20265.486328125,19911.50390625,20176.990234375,18243172
2026-05-15,20176.990234375,20663.716796875,20176.990234375,20619.46875,24398847
2026-05-18,20442.478515625,20575.220703125,20265.486328125,20353.982421875,12570798
2026-05-19,20353.982421875,20442.478515625,20176.990234375,20176.990234375,17538391
2026-05-20,20176.990234375,20176.990234375,19867.255859375,20044.248046875,25301152
2026-05-21,20088.49609375,20265.486328125,20044.248046875,20176.990234375,15132621
2026-05-22,20176.990234375,20309.734375,20088.49609375,20221.23828125,12063202
2026-05-25,20309.734375,20884.955078125,20309.734375,20840.70703125,34439349
2026-05-26,20884.955078125,22035.3984375,20840.70703125,21946.90234375,66471459
2026-05-27,21991.150390625,22522.123046875,21725.6640625,22300.884765625,45772119
2026-05-28,22212.388671875,22389.380859375,21814.16015625,21814.16015625,24542244
2026-05-29,21681.416015625,22300.884765625,21681.416015625,22035.3984375,19138019
2026-06-01,22035.3984375,22168.140625,21725.6640625,22035.3984375,18042823
2026-06-02,22035.3984375,22477.876953125,21902.654296875,22212.388671875,37399723
2026-06-03,22035.3984375,23185.83984375,22035.3984375,23008.849609375,68660043
2026-06-04,23008.849609375,23451.328125,22920.353515625,23230.087890625,52991350
2026-06-05,23185.83984375,23274.3359375,22876.10546875,23141.59375,31172180
2026-06-08,22743.36328125,23008.849609375,22256.63671875,22345.1328125,31279643
2026-06-09,22433.62890625,23451.328125,22433.62890625,23451.328125,55126485
2026-06-10,23451.328125,23938.052734375,23141.59375,23451.328125,42962261
2026-06-11,23185.83984375,23495.576171875,23185.83984375,23451.328125,26670712
2026-06-12,23628.318359375,23982.30078125,23451.328125,23451.328125,69123456
2026-06-15,23100.0,23100.0,22500.0,22750.0,15977500
2026-06-16,22800.0,22850.0,22300.0,22300.0,13315500
2026-06-17,22300.0,22300.0,21900.0,22000.0,20836600
2026-06-18,22000.0,22550.0,22000.0,22400.0,12557300
2026-06-19,22400.0,22450.0,22050.0,22200.0,7430200
2026-06-22,22200.0,22300.0,21950.0,22000.0,9935100
2026-06-23,22000.0,22850.0,21900.0,22350.0,22597900
2026-06-24,22350.0,22700.0,22300.0,22500.0,10833000
2026-06-25,22550.0,22700.0,22350.0,22400.0,10304900
2026-06-26,22350.0,22650.0,22350.0,22600.0,10774200
2026-06-29,22600.0,23000.0,22600.0,22900.0,13106300
2026-06-30,22950.0,22950.0,22600.0,22650.0,6785500
2026-07-01,22950.0,22950.0,22600.0,22650.0,6785500
2026-07-02,22650.0,23000.0,22550.0,22650.0,10197900
2026-07-03,22550.0,22650.0,22450.0,22650.0,10682700
2026-07-06,22650.0,22700.0,22050.0,22200.0,12785000
2026-07-07,22200.0,22600.0,22150.0,22600.0,11125100
2026-07-08,22600.0,22850.0,22550.0,22700.0,9270600
2026-07-09,22600.0,23200.0,22450.0,22800.0,18929000
2026-07-10,22800.0,22850.0,22550.0,22550.0,7372900
2026-07-13,22500.0,22650.0,22300.0,22450.0,15406600
2026-07-14,22350.0,23100.0,22300.0,22850.0,18290500
2026-07-15,22850.0,23300.0,22750.0,23100.0,23294700
2026-07-16,22950.0,23750.0,22950.0,23750.0,45574000
2026-07-17,23800.0,23850.0,23350.0,23550.0,10238300
2026-07-20,23500.0,23500.0,22650.0,22850.0,22380200
2026-07-21,22600.0,23150.0,22600.0,22850.0,16446800
2026-07-22,22950.0,23100.0,22400.0,22400.0,30708700
2026-07-23,22400.0,22750.0,21650.0,22500.0,27165000
2026-07-24,22100.0,22650.0,22100.0,22500.0,13447000
2026-07-27,22500.0,22600.0,22300.0,22300.0,18914800
2026-07-28,22150.0,22650.0,22100.0,22500.0,15653800
2026-07-29,22350.0,22550.0,22100.0,22300.0,11700900
2026-07-30,22200.0,22550.0,22150.0,22350.0,12071600
2026-07-31,22600.0,22600.0,21800.0,21900.0,15165000
2026-08-03,22000.0,22550.0,21950.0,22550.0,9511900
2026-08-04,22600.0,22650.0,22250.0,22450.0,10497900
2026-08-05,22450.0,22550.0,22250.0,22450.0,11224100
2026-08-06,22400.0,22500.0,22150.0,22150.0,8170300
2026-08-07,22050.0,22500.0,22050.0,22400.0,9526200
2026-08-10,22400.0,22800.0,22350.0,22650.0,12233400
2026-08-11,22650.0,22750.0,22500.0,22650.0,9756800
2026-08-12,22650.0,22800.0,22600.0,22750.0,10994300
2026-08-13,22750.0,22800.0,22200.0,22200.0,11815100
2026-08-14,22200.0,22300.0,22100.0,22150.0,7123300
2026-08-17,22150.0,22300.0,21850.0,21850.0,8429500
2026-08-18,21850.0,22100.0,21550.0,21650.0,7316500
2026-08-19,21650.0,21900.0,21600.0,21800.0,6245800
2026-08-20,21850.0,22100.0,21850.0,21950.0,7594400
2026-08-21,21950.0,22750.0,21900.0,22750.0,12170700
2026-08-24,22750.0,22750.0,22450.0,22500.0,6381200
2026-08-25,22500.0,22700.0,22200.0,22200.0,7780000
2026-08-26,22250.0,22450.0,22150.0,22250.0,7440600
2026-08-27,22250.0,22650.0,22250.0,22600.0,7430300
2026-08-28,22600.0,22700.0,22450.0,22650.0,5560400
2026-08-31,22650.0,22650.0,22650.0,22650.0,0
2026-09-01,22650.0,22650.0,22650.0,22650.0,0
2026-09-02,22650.0,22650.0,22650.0,22650.0,0
2026-09-03,22550.0,22550.0,22200.0,22200.0,10284000
2026-09-04,22200.0,22400.0,22150.0,22200.0,7950500
2026-09-07,22200.0,22350.0,22150.0,22250.0,3963500
2026-09-08,22300.0,22350.0,22200.0,22300.0,2754600
2026-09-09,22300.0,22300.0,22300.0,22300.0,0
2026-09-10,22450.0,22500.0,22350.0,22400.0,3925600
2026-09-11,22300.0,22350.0,22000.0,22050.0,8653100
2026-09-14,22050.0,22150.0,21950.0,22050.0,5907500
2026-09-15,22200.0,22300.0,22000.0,22100.0,6877300
2026-09-16,22100.0,22600.0,22050.0,22600.0,8017800
2026-09-17,22450.0,22800.0,22350.0,22800.0,9239200
2026-09-18,22800.0,22850.0,21900.0,21900.0,10475900
2026-09-21,22300.0,22400.0,21900.0,22400.0,9212300
2026-09-22,22400.0,22500.0,22000.0,22000.0,7237000
2026-09-23,22000.0,22150.0,21750.0,21800.0,11013700
2026-09-24,21900.0,21900.0,21300.0,21400.0,8843500
2026-09-25,21400.0,21600.0,21250.0,21400.0,6080700
2026-09-28,21300.0,21400.0,21000.0,21100.0,8042100
2026-09-29,21100.0,21250.0,21050.0,21050.0,7059700
2026-09-30,21100.0,21500.0,21100.0,21100.0,5938000
2026-10-01,21100.0,21250.0,21050.0,21100.0,3564814
