Date,Open,High,Low,Close,Volume
2021-10-01,28025.005859375,28448.82421875,27919.05078125,28289.892578125,57530839
2021-10-04,28554.779296875,29614.32421875,28554.779296875,29402.416015625,7610
2021-10-05,29402.416015625,29614.32421875,29190.505859375,29296.4609375,50156363
2021-10-06,29296.4609375,29296.4609375,29296.4609375,29296.4609375,0
2021-10-07,29879.2109375,30038.14453125,29402.416015625,29455.392578125,50535393
2021-10-08,29455.392578125,29455.392578125,29455.392578125,29455.392578125,0
2021-10-11,29455.392578125,29455.392578125,29455.392578125,29455.392578125,0
2021-10-12,30356.0078125,30514.939453125,30091.12109375,30197.076171875,34179905
2021-10-13,30197.076171875,30408.984375,29932.189453125,30091.12109375,29413904
2021-10-14,30091.12109375,30091.12109375,30091.12109375,30091.12109375,0
2021-10-15,30356.0078125,30567.916015625,30197.076171875,30356.0078125,34958352
2021-10-18,30356.0078125,30356.0078125,30356.0078125,30356.0078125,0
2021-10-19,30514.939453125,30726.849609375,30250.052734375,30303.03125,44775570
2021-10-20,30408.984375,30461.962890625,29561.34765625,30144.09765625,65425914
2021-10-21,30303.03125,30832.802734375,29985.166015625,30303.03125,73979385
2021-10-22,30408.984375,30620.89453125,30038.14453125,30038.14453125,37467161
2021-10-25,30038.14453125,30038.14453125,30038.14453125,30038.14453125,0
2021-10-26,30038.14453125,30038.14453125,30038.14453125,30038.14453125,0
2021-10-27,30038.14453125,30038.14453125,30038.14453125,30038.14453125,0
2021-10-28,30673.87109375,30832.802734375,30356.0078125,30726.849609375,41383364
2021-10-29,30726.849609375,30779.826171875,30250.052734375,30250.052734375,45072112
2021-11-01,30250.052734375,30250.052734375,30250.052734375,30250.052734375,0
2021-11-02,29402.416015625,29402.416015625,29243.484375,29879.2109375,48453748
2021-11-03,29773.2578125,29826.234375,29296.4609375,29455.392578125,56377137
2021-11-04,29455.392578125,30144.09765625,29455.392578125,29826.234375,28029161
2021-11-05,29826.234375,30197.076171875,29508.37109375,29985.166015625,36577157
2021-11-08,30144.09765625,30197.076171875,29773.2578125,30091.12109375,40121693
2021-11-09,30091.12109375,30514.939453125,29879.2109375,29932.189453125,46656375
2021-11-10,29932.189453125,29985.166015625,29243.484375,29296.4609375,81877670
2021-11-11,29137.529296875,29296.4609375,28395.845703125,28607.755859375,102483089
2021-11-12,28554.779296875,29031.57421875,28501.80078125,28925.619140625,39350608
2021-11-15,28872.642578125,28925.619140625,28236.9140625,28395.845703125,57849277
2021-11-16,28236.9140625,28395.845703125,27548.208984375,27548.208984375,75083065
2021-11-17,27548.208984375,27866.07421875,27230.345703125,27230.345703125,56633096
2021-11-18,27230.345703125,27230.345703125,26276.75390625,26462.173828125,110625251
2021-11-19,26276.75390625,26329.73046875,25376.138671875,25429.1171875,91494614
2021-11-22,25535.0703125,26064.84375,25429.1171875,25773.46875,42717143
2021-11-23,25905.912109375,26382.708984375,25746.98046875,26250.265625,29540184
2021-11-24,26223.775390625,26329.73046875,25694.00390625,25773.46875,51204547
2021-11-25,25799.95703125,26144.310546875,25799.95703125,26091.33203125,41080593
2021-11-26,26117.822265625,26462.173828125,25958.888671875,25985.37890625,50454981
2021-11-29,25535.0703125,25905.912109375,25535.0703125,25641.025390625,41152511
2021-11-30,25932.400390625,26462.173828125,25694.00390625,25932.400390625,41859795
2021-12-01,26223.775390625,26223.775390625,25905.912109375,25958.888671875,26093993
2021-12-02,26064.84375,26091.33203125,25746.98046875,25746.98046875,24222249
2021-12-03,25852.935546875,26038.35546875,25270.18359375,25270.18359375,40927887
2021-12-06,25164.23046875,25402.626953125,24104.68359375,24237.126953125,65374949
2021-12-07,24607.96875,25217.20703125,24369.5703125,25217.20703125,41404883
2021-12-08,25376.138671875,25376.138671875,24925.83203125,25005.296875,20968970
2021-12-09,24846.365234375,25058.275390625,24793.388671875,24952.3203125,19480787
2021-12-10,24925.83203125,25005.296875,24581.478515625,24634.45703125,36671160
2021-12-13,24660.9453125,24978.80859375,24528.501953125,24660.9453125,27010800
2021-12-14,24660.9453125,26011.8671875,24475.525390625,25270.18359375,67343527
2021-12-15,25429.1171875,25746.98046875,25270.18359375,25323.162109375,17074285
2021-12-16,25482.09375,25482.09375,25058.275390625,25164.23046875,20820228
2021-12-17,25084.763671875,25190.71875,24687.43359375,24740.41015625,41556646
2021-12-20,24740.41015625,25084.763671875,24634.45703125,24846.365234375,18850328
2021-12-21,24846.365234375,24872.853515625,24422.546875,24422.546875,32267389
2021-12-22,24528.501953125,24634.45703125,23892.7734375,23892.7734375,46559352
2021-12-23,23892.7734375,23892.7734375,23363.0,23813.30859375,50349842
2021-12-24,23998.728515625,24713.921875,23972.240234375,24396.05859375,36182649
2021-12-27,24660.9453125,24687.43359375,24131.171875,24316.591796875,20150130
2021-12-28,24316.591796875,24740.41015625,24157.66015625,24263.615234375,23324506
2021-12-29,24263.615234375,24528.501953125,24104.68359375,24263.615234375,28537114
2021-12-30,24528.501953125,24528.501953125,24210.638671875,24210.638671875,19413966
2021-12-31,24369.5703125,24713.921875,24290.103515625,24581.478515625,26013393
2022-01-03,24581.478515625,24581.478515625,24581.478515625,24581.478515625,0
2022-01-04,24793.388671875,25005.296875,24687.43359375,24766.900390625,37942081
2022-01-05,24846.365234375,25084.763671875,24793.388671875,24793.388671875,35412697
2022-01-06,24634.45703125,24740.41015625,24422.546875,24422.546875,32415188
2022-01-07,24422.546875,24475.525390625,24184.1484375,24263.615234375,30834512
2022-01-10,24290.103515625,24713.921875,24104.68359375,24184.1484375,32990529
2022-01-11,24396.05859375,24396.05859375,23892.7734375,23892.7734375,24082944
2022-01-12,23945.751953125,24502.013671875,23919.26171875,24475.525390625,27722614
2022-01-13,24528.501953125,25058.275390625,24475.525390625,24740.41015625,47171312
2022-01-14,24634.45703125,24819.876953125,24475.525390625,24502.013671875,14915815
2022-01-17,24502.013671875,24634.45703125,23680.865234375,23680.865234375,40887681
2022-01-18,23574.91015625,23972.240234375,22780.25,23310.0234375,40473730
2022-01-19,23521.931640625,23601.3984375,23018.6484375,23045.13671875,33420713
2022-01-20,23204.068359375,23415.978515625,22939.181640625,23310.0234375,27682409
2022-01-21,23310.0234375,23548.421875,22833.2265625,22939.181640625,30725031
2022-01-24,22833.2265625,22886.205078125,21561.771484375,21561.771484375,55543007
2022-01-25,21455.81640625,22939.181640625,21296.884765625,22912.693359375,33764633
2022-01-26,23045.13671875,23548.421875,23018.6484375,23018.6484375,28701713
2022-01-27,22886.205078125,23045.13671875,22250.4765625,22329.943359375,27749230
2022-01-28,22382.919921875,22674.294921875,22091.544921875,22356.431640625,28203764
2022-01-31,22356.431640625,22356.431640625,22356.431640625,22356.431640625,0
2022-02-01,22356.431640625,22356.431640625,22356.431640625,22356.431640625,0
2022-02-02,22356.431640625,22356.431640625,22356.431640625,22356.431640625,0
2022-02-03,22356.431640625,22356.431640625,22356.431640625,22356.431640625,0
2022-02-04,22356.431640625,22356.431640625,22356.431640625,22356.431640625,0
2022-02-07,22674.294921875,23151.091796875,22144.521484375,22806.73828125,31352280
2022-02-08,22780.25,24131.171875,22780.25,24131.171875,50075762
2022-02-09,24263.615234375,25588.048828125,24210.638671875,25058.275390625,76064994
2022-02-10,25111.251953125,25376.138671875,24740.41015625,24899.34375,44543962
2022-02-11,24687.43359375,25164.23046875,24528.501953125,24978.80859375,32737213
2022-02-14,24634.45703125,25164.23046875,24449.03515625,24475.525390625,34442470
2022-02-15,24475.525390625,24475.525390625,24475.525390625,24475.525390625,0
2022-02-16,24422.546875,24634.45703125,24157.66015625,24369.5703125,17649626
2022-02-17,24369.5703125,24766.900390625,24369.5703125,24634.45703125,21430489
2022-02-18,24475.525390625,25243.6953125,24396.05859375,24925.83203125,40348771
2022-02-21,24952.3203125,25164.23046875,24660.9453125,24713.921875,22985871
2022-02-22,24528.501953125,24687.43359375,24210.638671875,24581.478515625,33353136
2022-02-23,24713.921875,25005.296875,24502.013671875,24740.41015625,24503124
2022-02-24,24766.900390625,24819.876953125,23892.7734375,24369.5703125,42368692
2022-02-25,24422.546875,24554.990234375,24316.591796875,24316.591796875,24115411
2022-02-28,24396.05859375,25323.162109375,24396.05859375,25005.296875,66443708
2022-03-01,25270.18359375,25482.09375,24819.876953125,24846.365234375,44120762
2022-03-02,24899.34375,25084.763671875,24687.43359375,24846.365234375,37555878
2022-03-03,25217.20703125,26541.640625,25058.275390625,26541.640625,143904583
2022-03-04,27018.435546875,27177.3671875,26382.708984375,26382.708984375,63006011
2022-03-07,26594.6171875,27813.095703125,26488.662109375,27071.4140625,72589734
2022-03-08,26806.52734375,27124.390625,26197.287109375,26197.287109375,76465543
2022-03-09,26488.662109375,26647.595703125,25879.423828125,26409.197265625,65641667
2022-03-10,26488.662109375,26541.640625,26011.8671875,26038.35546875,50641099
2022-03-11,26064.84375,26117.822265625,24819.876953125,25217.20703125,83696561
2022-03-14,25058.275390625,25535.0703125,24263.615234375,24263.615234375,63886388
2022-03-15,24343.08203125,24740.41015625,24078.1953125,24449.03515625,39383263
2022-03-16,24846.365234375,24978.80859375,24475.525390625,24475.525390625,21554126
2022-03-17,24687.43359375,24740.41015625,24316.591796875,24343.08203125,28234154
2022-03-18,24475.525390625,24819.876953125,24396.05859375,24634.45703125,33462617
2022-03-21,24740.41015625,25005.296875,24581.478515625,24819.876953125,36455596
2022-03-22,24846.365234375,24872.853515625,24528.501953125,24846.365234375,43349489
2022-03-23,25005.296875,25137.740234375,24793.388671875,24793.388671875,32638869
2022-03-24,24899.34375,24899.34375,24554.990234375,24581.478515625,28177149
2022-03-25,24660.9453125,24872.853515625,24475.525390625,24581.478515625,25378026
2022-03-28,24422.546875,24819.876953125,24263.615234375,24316.591796875,36818015
2022-03-29,24475.525390625,24502.013671875,24263.615234375,24290.103515625,24512373
2022-03-30,24263.615234375,24581.478515625,24051.705078125,24104.68359375,29685718
2022-03-31,24184.1484375,24343.08203125,23733.841796875,23892.7734375,35661105
2022-04-01,23839.796875,24369.5703125,23574.91015625,24210.638671875,37189306
2022-04-04,24369.5703125,24528.501953125,24237.126953125,24290.103515625,22946231
2022-04-05,24369.5703125,24581.478515625,24343.08203125,24422.546875,22885639
2022-04-06,24369.5703125,25402.626953125,24369.5703125,25031.787109375,56075688
2022-04-07,25164.23046875,25217.20703125,24660.9453125,24660.9453125,27394550
2022-04-08,24766.900390625,24925.83203125,24554.990234375,24581.478515625,25933358
2022-04-11,24581.478515625,24581.478515625,24581.478515625,24581.478515625,0
2022-04-12,24634.45703125,24634.45703125,23866.28515625,23892.7734375,34417554
2022-04-13,23998.728515625,24078.1953125,23680.865234375,23945.751953125,23996303
2022-04-14,23998.728515625,24131.171875,23786.818359375,23786.818359375,22724438
2022-04-15,23786.818359375,23839.796875,23389.490234375,23415.978515625,34691256
2022-04-18,23336.51171875,23601.3984375,22594.830078125,22594.830078125,43765893
2022-04-19,22780.25,23257.046875,22727.2734375,22939.181640625,35967840
2022-04-20,23045.13671875,23310.0234375,22833.2265625,22886.205078125,24985783
2022-04-21,22780.25,23363.0,22303.455078125,22965.669921875,33622119
2022-04-22,23310.0234375,23336.51171875,22435.896484375,23204.068359375,23968744
2022-04-25,23204.068359375,23204.068359375,21588.259765625,21588.259765625,54844406
2022-04-26,21270.396484375,21932.61328125,20979.021484375,21826.658203125,43943516
2022-04-27,21826.658203125,22727.2734375,21773.681640625,22515.36328125,35449883
2022-04-28,22515.36328125,23018.6484375,22515.36328125,22833.2265625,25693633
2022-04-29,22727.2734375,22992.16015625,22700.783203125,22939.181640625,23307707
2022-05-02,22939.181640625,22939.181640625,22939.181640625,22939.181640625,0
2022-05-03,22939.181640625,22939.181640625,22939.181640625,22939.181640625,0
2022-05-04,22939.181640625,22939.181640625,22250.4765625,22250.4765625,28127693
2022-05-05,22568.33984375,22568.33984375,21985.58984375,22276.96484375,26081535
2022-05-06,21932.61328125,22780.25,21932.61328125,22144.521484375,28334008
2022-05-09,21985.58984375,22197.5,21164.44140625,21164.44140625,49612923
2022-05-10,20926.04296875,21773.681640625,20502.224609375,21773.681640625,36694944
2022-05-11,21720.703125,21879.634765625,21482.3046875,21535.283203125,18045078
2022-05-12,21508.794921875,21535.283203125,20263.826171875,20263.826171875,47666807
2022-05-13,20210.849609375,20422.759765625,18939.39453125,19018.859375,81162458
2022-05-16,19628.099609375,19866.498046875,19230.76953125,19230.76953125,55475997
2022-05-17,19177.791015625,20237.337890625,19071.837890625,20237.337890625,44198342
2022-05-18,20343.29296875,20502.224609375,20051.91796875,20237.337890625,30339772
2022-05-19,19760.54296875,20184.361328125,19522.14453125,20078.40625,30277104
2022-05-20,19972.451171875,20025.4296875,19734.0546875,19945.962890625,26293135
2022-05-23,20104.89453125,20237.337890625,19230.76953125,19469.16796875,19213691
2022-05-24,19469.16796875,19601.611328125,18118.24609375,18489.0859375,79659173
2022-05-25,18277.177734375,18515.576171875,17509.005859375,18250.689453125,74405416
2022-05-26,18542.064453125,18859.927734375,18303.666015625,18542.064453125,30627820
2022-05-27,18542.064453125,19018.859375,18436.109375,18780.462890625,33206470
2022-05-30,18806.951171875,18992.37109375,18700.99609375,18780.462890625,28416874
2022-05-31,18727.484375,18727.484375,18277.177734375,18383.1328125,35562761
2022-06-01,18277.177734375,18436.109375,17906.3359375,18197.7109375,40856346
2022-06-02,18197.7109375,18197.7109375,18197.7109375,18197.7109375,0
2022-06-03,17641.44921875,18012.291015625,17614.9609375,17694.427734375,27766407
2022-06-06,18091.755859375,18144.734375,17535.494140625,17641.44921875,33541519
2022-06-07,17641.44921875,17773.892578125,17297.09765625,17588.47265625,36574892
2022-06-08,17641.44921875,17720.916015625,17350.07421875,17429.541015625,46891381
2022-06-09,17429.541015625,18303.666015625,17350.07421875,17906.3359375,50927259
2022-06-10,17906.3359375,18144.734375,17800.380859375,17800.380859375,28658109
2022-06-13,17482.517578125,17747.404296875,16793.8125,16846.7890625,40085073
2022-06-14,16687.857421875,16714.345703125,15999.15234375,16052.1298828125,53680323
2022-06-15,15946.1748046875,16369.9931640625,15283.9580078125,15575.333984375,54178650
2022-06-16,15972.6640625,16608.392578125,15840.220703125,16422.970703125,63019224
2022-06-17,16150.1376953125,16184.5732421875,15117.080078125,15977.9619140625,43904414
2022-06-20,15668.0439453125,15840.220703125,14876.033203125,14876.033203125,54120250
2022-06-21,14703.8564453125,14807.162109375,14118.45703125,14325.0693359375,57985765
2022-06-22,14359.50390625,15151.515625,14359.50390625,14807.162109375,31134510
2022-06-23,14807.162109375,15048.208984375,14807.162109375,15013.7744140625,10056842
2022-06-24,15048.208984375,15495.8681640625,14944.9033203125,15013.7744140625,18627417
2022-06-27,15151.515625,15771.349609375,14703.8564453125,15771.349609375,30113899
2022-06-28,15736.9150390625,15736.9150390625,15323.69140625,15495.8681640625,25901211
2022-06-29,15358.126953125,15943.5263671875,15220.3857421875,15668.0439453125,29316315
2022-06-30,15771.349609375,16115.7021484375,15358.126953125,15358.126953125,28968271
2022-07-01,15358.126953125,15564.73828125,14841.59765625,15426.9970703125,22070400
2022-07-04,15599.173828125,15599.173828125,15151.515625,15151.515625,18067526
2022-07-05,15220.3857421875,15392.5615234375,14979.3388671875,15082.64453125,21915616
2022-07-06,14944.9033203125,15323.69140625,14669.421875,14772.7275390625,26475187
2022-07-07,14772.7275390625,14979.3388671875,14738.2919921875,14979.3388671875,15722256
2022-07-08,15151.515625,15530.302734375,15151.515625,15461.4326171875,28321114
2022-07-11,15426.9970703125,15599.173828125,15117.080078125,15185.9501953125,18115732
2022-07-12,15185.9501953125,15185.9501953125,15185.9501953125,15185.9501953125,0
2022-07-13,15289.255859375,15702.4794921875,15254.8212890625,15358.126953125,25926476
2022-07-14,15289.255859375,15426.9970703125,15220.3857421875,15289.255859375,18179475
2022-07-15,15392.5615234375,16184.5732421875,15392.5615234375,15977.9619140625,69256334
2022-07-18,15977.9619140625,16046.83203125,15495.8681640625,15564.73828125,28936908
2022-07-19,15495.8681640625,15564.73828125,15220.3857421875,15254.8212890625,23634058
2022-07-20,15392.5615234375,15668.0439453125,15358.126953125,15392.5615234375,24528781
2022-07-21,15392.5615234375,15840.220703125,15358.126953125,15633.6083984375,33459016
2022-07-22,15633.6083984375,15702.4794921875,15289.255859375,15289.255859375,24164474
2022-07-25,15289.255859375,15358.126953125,15013.7744140625,15082.64453125,30088489
2022-07-26,15013.7744140625,15151.515625,14876.033203125,14910.46875,38301146
2022-07-27,14772.7275390625,14807.162109375,14497.2451171875,14634.986328125,41528652
2022-07-28,14807.162109375,14944.9033203125,14634.986328125,14738.2919921875,34137246
2022-07-29,14876.033203125,15117.080078125,14807.162109375,14807.162109375,29893195
2022-08-01,14944.9033203125,15736.9150390625,14876.033203125,15702.4794921875,55384942
2022-08-02,15771.349609375,15943.5263671875,15633.6083984375,15771.349609375,40263814
2022-08-03,15633.6083984375,16425.619140625,15564.73828125,16356.7490234375,85444392
2022-08-04,16460.0546875,16494.490234375,16184.5732421875,16287.87890625,43606318
2022-08-05,16115.7021484375,16287.87890625,15943.5263671875,16046.83203125,61734103
2022-08-08,16115.7021484375,16460.0546875,16046.83203125,16253.443359375,44090996
2022-08-09,16460.0546875,16735.537109375,16287.87890625,16597.796875,70019215
2022-08-10,16528.92578125,16804.408203125,16391.185546875,16391.185546875,43740628
2022-08-11,16563.361328125,16632.23046875,16046.83203125,16115.7021484375,49880120
2022-08-12,16046.83203125,16563.361328125,16012.396484375,16494.490234375,49073679
2022-08-15,16597.796875,16666.666015625,16391.185546875,16528.92578125,45757456
2022-08-16,16528.92578125,17011.01953125,16528.92578125,16907.712890625,95091915
2022-08-17,16942.1484375,16976.583984375,16632.23046875,16735.537109375,39848542
2022-08-18,16597.796875,16769.97265625,16563.361328125,16632.23046875,33708325
2022-08-19,16597.796875,16701.1015625,16287.87890625,16356.7490234375,45675854
2022-08-22,16287.87890625,16356.7490234375,15943.5263671875,16081.267578125,34555712
2022-08-23,15909.0908203125,16287.87890625,15909.0908203125,16287.87890625,24230104
2022-08-24,16287.87890625,16356.7490234375,16184.5732421875,16184.5732421875,17606080
2022-08-25,16356.7490234375,16563.361328125,16253.443359375,16425.619140625,26512213
2022-08-26,16528.92578125,16528.92578125,16184.5732421875,16184.5732421875,23914149
2022-08-29,15874.6552734375,16012.396484375,15599.173828125,15840.220703125,47143536
2022-08-30,15909.0908203125,16046.83203125,15805.78515625,15874.6552734375,22229684
2022-08-31,15840.220703125,15943.5263671875,15668.0439453125,15840.220703125,21747184
2022-09-01,15840.220703125,15840.220703125,15840.220703125,15840.220703125,0
2022-09-02,15840.220703125,15840.220703125,15840.220703125,15840.220703125,0
2022-09-05,15874.6552734375,16597.796875,15874.6552734375,16460.0546875,38161609
2022-09-06,16528.92578125,16666.666015625,16219.0078125,16219.0078125,22263370
2022-09-07,16219.0078125,16391.185546875,15840.220703125,15840.220703125,36337026
2022-09-08,15977.9619140625,16150.1376953125,15771.349609375,15909.0908203125,29570706
2022-09-09,16081.267578125,16391.185546875,15909.0908203125,16391.185546875,37821841
2022-09-12,16460.0546875,16735.537109375,16391.185546875,16391.185546875,38000146
2022-09-13,16356.7490234375,16528.92578125,16184.5732421875,16322.314453125,21317247
2022-09-14,16012.396484375,16391.185546875,16012.396484375,16322.314453125,39246253
2022-09-15,16460.0546875,16460.0546875,16150.1376953125,16253.443359375,19936540
2022-09-16,16115.7021484375,16253.443359375,15840.220703125,15840.220703125,39945536
2022-09-19,15909.0908203125,16012.396484375,15461.4326171875,15599.173828125,39899653
2022-09-20,15702.4794921875,15840.220703125,15564.73828125,15840.220703125,16713972
2022-09-21,15771.349609375,15805.78515625,15633.6083984375,15771.349609375,14398467
2022-09-22,15633.6083984375,15909.0908203125,15599.173828125,15840.220703125,16834778
2022-09-23,15874.6552734375,15977.9619140625,15633.6083984375,15633.6083984375,21189181
2022-09-26,15461.4326171875,15564.73828125,15048.208984375,15426.9970703125,37571371
2022-09-27,15461.4326171875,15495.8681640625,15220.3857421875,15426.9970703125,13083391
2022-09-28,15289.255859375,15461.4326171875,14876.033203125,15013.7744140625,20426445
2022-09-29,15254.8212890625,15358.126953125,14910.46875,14910.46875,15001047
2022-09-30,14807.162109375,14910.46875,14256.1982421875,14600.55078125,33932514
2022-10-03,14600.55078125,14600.55078125,13601.9287109375,13601.9287109375,48747124
2022-10-04,13842.9755859375,13946.28125,12844.3525390625,12982.09375,44301100
2022-10-05,13223.140625,13326.4462890625,12982.09375,13223.140625,36759558
2022-10-06,13292.0107421875,13292.0107421875,12396.6943359375,12396.6943359375,54398889
2022-10-07,12155.6474609375,12258.953125,11742.423828125,12121.2119140625,52961409
2022-10-10,11914.6005859375,12809.9169921875,11845.73046875,12637.7412109375,36385958
2022-10-11,12672.1767578125,12672.1767578125,11949.0361328125,12052.341796875,38403512
2022-10-12,12258.953125,12878.7880859375,12052.341796875,12878.7880859375,42103208
2022-10-13,12947.658203125,13498.623046875,12775.482421875,13429.751953125,35135641
2022-10-14,13601.9287109375,13705.234375,13292.0107421875,13395.31640625,32798647
2022-10-17,13257.576171875,13326.4462890625,13016.529296875,13257.576171875,24773007
2022-10-18,13429.751953125,13567.4931640625,12878.7880859375,12982.09375,35410795
2022-10-19,12982.09375,12982.09375,12637.7412109375,12672.1767578125,29382091
2022-10-20,12637.7412109375,12809.9169921875,12431.1298828125,12465.564453125,37799916
2022-10-21,12603.3056640625,12603.3056640625,11639.1181640625,11639.1181640625,65566366
2022-10-24,11707.9892578125,11742.423828125,11157.0244140625,11294.765625,40616941
2022-10-25,11294.765625,12052.341796875,11053.71875,11776.859375,45170994
2022-10-26,11707.9892578125,11983.470703125,11604.68359375,11639.1181640625,16325852
2022-10-27,11673.5537109375,12121.2119140625,11639.1181640625,11983.470703125,31024593
2022-10-28,11983.470703125,12155.6474609375,11570.248046875,11570.248046875,45308353
2022-10-31,10778.2373046875,11019.2841796875,10778.2373046875,10778.2373046875,96264986
2022-11-01,10847.107421875,11019.2841796875,10192.837890625,10330.578125,118413939
2022-11-02,10330.578125,10812.671875,10330.578125,10571.625,58256708
2022-11-03,10502.7548828125,10640.49609375,10399.44921875,10468.3193359375,29954324
2022-11-04,10330.578125,10433.884765625,9986.2255859375,10089.53125,63727699
2022-11-07,10020.6611328125,10192.837890625,9435.26171875,9435.26171875,55558021
2022-11-08,9022.0380859375,9435.26171875,8953.16796875,9056.4736328125,67189557
2022-11-09,9090.9091796875,9366.3916015625,8918.732421875,8953.16796875,47605417
2022-11-10,8746.556640625,8815.4267578125,8333.3330078125,8333.3330078125,115796274
2022-11-11,8471.07421875,8712.12109375,8264.462890625,8471.07421875,88159777
2022-11-14,8367.7685546875,8574.3798828125,8161.1572265625,8402.2041015625,87512185
2022-11-15,8264.462890625,8643.2509765625,8264.462890625,8608.8154296875,58685193
2022-11-16,8471.07421875,9194.21484375,8126.7216796875,9194.21484375,50678575
2022-11-17,9573.0029296875,9814.0498046875,9504.1318359375,9814.0498046875,31238618
2022-11-18,10055.0966796875,10468.3193359375,9814.0498046875,10399.44921875,144704577
2022-11-21,10468.3193359375,10502.7548828125,10158.40234375,10296.1435546875,45890314
2022-11-22,10089.53125,10640.49609375,9951.791015625,10192.837890625,62794208
2022-11-23,10123.966796875,10227.2724609375,9504.1318359375,9504.1318359375,44000682
2022-11-24,9435.26171875,9917.35546875,9366.3916015625,9882.919921875,45179851
2022-11-25,10055.0966796875,10537.1904296875,9882.919921875,10537.1904296875,38527222
2022-11-28,10743.8017578125,11260.3310546875,10743.8017578125,11260.3310546875,85442794
2022-11-29,11432.5068359375,12017.90625,11260.3310546875,11983.470703125,93371586
2022-11-30,12086.77734375,12672.1767578125,11845.73046875,12672.1767578125,83811618
2022-12-01,12913.22265625,13533.0576171875,12396.6943359375,12534.435546875,96685050
2022-12-02,12396.6943359375,13395.31640625,12258.953125,13395.31640625,66331861
2022-12-05,13636.36328125,14049.5869140625,13429.751953125,13774.1044921875,67538037
2022-12-06,13705.234375,13739.6689453125,12809.9169921875,12809.9169921875,91149880
2022-12-07,12396.6943359375,13188.705078125,12190.0830078125,12568.8701171875,50267804
2022-12-08,13016.529296875,13326.4462890625,12741.046875,13016.529296875,43478107
2022-12-09,13016.529296875,13395.31640625,12741.046875,13223.140625,50166309
2022-12-12,13223.140625,13464.1875,12809.9169921875,12809.9169921875,52028790
2022-12-13,12809.9169921875,13085.3994140625,12568.8701171875,13085.3994140625,35346036
2022-12-14,13326.4462890625,13498.623046875,13085.3994140625,13223.140625,49782255
2022-12-15,13154.26953125,13533.0576171875,13154.26953125,13326.4462890625,30467461
2022-12-16,13223.140625,14084.0224609375,13050.9638671875,14049.5869140625,80417277
2022-12-19,14187.328125,14634.986328125,13774.1044921875,13774.1044921875,69753499
2022-12-20,13636.36328125,13842.9755859375,12913.22265625,13085.3994140625,66141213
2022-12-21,13360.8818359375,13395.31640625,12465.564453125,13016.529296875,40223594
2022-12-22,13154.26953125,13498.623046875,12878.7880859375,13016.529296875,27537470
2022-12-23,12982.09375,13016.529296875,12465.564453125,12637.7412109375,36025136
2022-12-26,12603.3056640625,12603.3056640625,11776.859375,11776.859375,45549240
2022-12-27,11776.859375,12568.8701171875,11776.859375,12568.8701171875,34347060
2022-12-28,12672.1767578125,12741.046875,12362.2587890625,12534.435546875,20779862
2022-12-29,12603.3056640625,12741.046875,12293.388671875,12396.6943359375,25297905
2022-12-30,12465.564453125,12706.611328125,12327.8232421875,12396.6943359375,20985465
2023-01-02,12396.6943359375,12396.6943359375,12396.6943359375,12396.6943359375,0
2023-01-03,12603.3056640625,13257.576171875,12534.435546875,13257.576171875,40642351
2023-01-04,13395.31640625,13636.36328125,13292.0107421875,13360.8818359375,29373960
2023-01-05,13360.8818359375,13774.1044921875,13188.705078125,13636.36328125,31221194
2023-01-06,13567.4931640625,13842.9755859375,13223.140625,13360.8818359375,28502905
2023-01-09,13636.36328125,13842.9755859375,13429.751953125,13498.623046875,23500620
2023-01-10,13498.623046875,13842.9755859375,13223.140625,13636.36328125,38989249
2023-01-11,13774.1044921875,14152.892578125,13705.234375,13911.845703125,37329903
2023-01-12,13842.9755859375,13946.28125,13705.234375,13808.5400390625,29291050
2023-01-13,13946.28125,14015.1513671875,13705.234375,13739.6689453125,27841664
2023-01-16,13774.1044921875,14221.7626953125,13739.6689453125,13946.28125,32408204
2023-01-17,14084.0224609375,14910.46875,14084.0224609375,14910.46875,60380984
2023-01-18,15151.515625,15185.9501953125,14841.59765625,14944.9033203125,37534490
2023-01-19,14876.033203125,15048.208984375,14359.50390625,14566.115234375,63801460
2023-01-20,14566.115234375,14566.115234375,14566.115234375,14566.115234375,0
2023-01-23,14566.115234375,14566.115234375,14566.115234375,14566.115234375,0
2023-01-24,14566.115234375,14566.115234375,14566.115234375,14566.115234375,0
2023-01-25,14566.115234375,14566.115234375,14566.115234375,14566.115234375,0
2023-01-26,14566.115234375,14566.115234375,14566.115234375,14566.115234375,0
2023-01-27,14462.8095703125,14841.59765625,14359.50390625,14807.162109375,38513428
2023-01-30,14944.9033203125,15289.255859375,14703.8564453125,14979.3388671875,61479567
2023-01-31,15082.64453125,15220.3857421875,14944.9033203125,15220.3857421875,40809766
2023-02-01,15289.255859375,15599.173828125,14462.8095703125,14531.6806640625,75366640
2023-02-02,14600.55078125,14944.9033203125,14531.6806640625,14669.421875,36864247
2023-02-03,14772.7275390625,14841.59765625,14462.8095703125,14531.6806640625,30428547
2023-02-06,14531.6806640625,14566.115234375,14152.892578125,14566.115234375,32353899
2023-02-07,14566.115234375,14600.55078125,13567.4931640625,13601.9287109375,62986888
2023-02-08,13601.9287109375,14531.6806640625,13601.9287109375,14359.50390625,49095750
2023-02-09,14462.8095703125,14634.986328125,14187.328125,14187.328125,23731342
2023-02-10,14256.1982421875,14325.0693359375,13877.41015625,14118.45703125,22983272
2023-02-13,14049.5869140625,14049.5869140625,13601.9287109375,13911.845703125,27213093
2023-02-14,13980.7158203125,14393.939453125,13946.28125,14187.328125,25111759
2023-02-15,14187.328125,14497.2451171875,13946.28125,14325.0693359375,29150642
2023-02-16,14428.375,14738.2919921875,14187.328125,14669.421875,34724434
2023-02-17,14669.421875,14703.8564453125,14462.8095703125,14462.8095703125,17842030
2023-02-20,14462.8095703125,15082.64453125,14462.8095703125,15082.64453125,35924948
2023-02-21,15185.9501953125,15358.126953125,14876.033203125,14876.033203125,29973781
2023-02-22,14738.2919921875,15220.3857421875,14600.55078125,14600.55078125,47385148
2023-02-23,14566.115234375,14807.162109375,14049.5869140625,14807.162109375,48772680
2023-02-24,14807.162109375,14807.162109375,14221.7626953125,14325.0693359375,21195715
2023-02-27,14049.5869140625,14152.892578125,13739.6689453125,13842.9755859375,45470977
2023-02-28,14084.0224609375,14118.45703125,13705.234375,13774.1044921875,22095955
2023-03-01,13774.1044921875,14393.939453125,13636.36328125,14393.939453125,27036094
2023-03-02,14462.8095703125,14531.6806640625,14187.328125,14187.328125,12875464
2023-03-03,14325.0693359375,14531.6806640625,14015.1513671875,14015.1513671875,19759396
2023-03-06,14221.7626953125,14359.50390625,14049.5869140625,14049.5869140625,16504593
2023-03-07,14187.328125,14703.8564453125,14152.892578125,14531.6806640625,42578302
2023-03-08,14393.939453125,14600.55078125,14325.0693359375,14600.55078125,23463739
2023-03-09,14600.55078125,14841.59765625,14600.55078125,14600.55078125,33795009
2023-03-10,14566.115234375,14772.7275390625,14462.8095703125,14669.421875,32609451
2023-03-13,14497.2451171875,14738.2919921875,14393.939453125,14531.6806640625,30390795
2023-03-14,14497.2451171875,14531.6806640625,13911.845703125,13980.7158203125,44816996
2023-03-15,14325.0693359375,14669.421875,14187.328125,14669.421875,38883688
2023-03-16,14462.8095703125,14531.6806640625,14118.45703125,14359.50390625,43919224
2023-03-17,14497.2451171875,14497.2451171875,14049.5869140625,14049.5869140625,49307887
2023-03-20,14049.5869140625,14187.328125,13774.1044921875,13774.1044921875,33379882
2023-03-21,13911.845703125,14152.892578125,13670.798828125,14084.0224609375,27675991
2023-03-22,14152.892578125,14187.328125,13877.41015625,13980.7158203125,18669380
2023-03-23,13911.845703125,14049.5869140625,13808.5400390625,14049.5869140625,15600142
2023-03-24,14084.0224609375,14118.45703125,13980.7158203125,14049.5869140625,19877299
2023-03-27,14049.5869140625,14393.939453125,14015.1513671875,14325.0693359375,29429136
2023-03-28,14393.939453125,14462.8095703125,14256.1982421875,14256.1982421875,17901853
2023-03-29,14256.1982421875,14531.6806640625,14256.1982421875,14325.0693359375,26053090
2023-03-30,14462.8095703125,14566.115234375,14290.6337890625,14325.0693359375,30431161
2023-03-31,14325.0693359375,14393.939453125,14015.1513671875,14325.0693359375,34514475
2023-04-03,14497.2451171875,14531.6806640625,14359.50390625,14462.8095703125,31029966
2023-04-04,14566.115234375,14600.55078125,14428.375,14531.6806640625,28843108
2023-04-05,14531.6806640625,14807.162109375,14428.375,14807.162109375,37058960
2023-04-06,14841.59765625,15082.64453125,14738.2919921875,14807.162109375,40422082
2023-04-07,14807.162109375,14876.033203125,14531.6806640625,14600.55078125,26953476
2023-04-10,14634.986328125,14703.8564453125,14187.328125,14256.1982421875,38544356
2023-04-11,14256.1982421875,14359.50390625,14187.328125,14325.0693359375,20932322
2023-04-12,14393.939453125,14393.939453125,14221.7626953125,14290.6337890625,15446666
2023-04-13,14325.0693359375,14325.0693359375,14015.1513671875,14084.0224609375,21362404
2023-04-14,14152.892578125,14359.50390625,14118.45703125,14221.7626953125,19758670
2023-04-17,14187.328125,14393.939453125,14187.328125,14359.50390625,13468026
2023-04-18,14393.939453125,14462.8095703125,14325.0693359375,14428.375,16802108
2023-04-19,14497.2451171875,14497.2451171875,14325.0693359375,14325.0693359375,15215653
2023-04-20,14325.0693359375,14393.939453125,14290.6337890625,14325.0693359375,9510164
2023-04-21,14325.0693359375,14359.50390625,14256.1982421875,14256.1982421875,16180942
2023-04-24,14256.1982421875,14325.0693359375,14152.892578125,14221.7626953125,15355045
2023-04-25,14325.0693359375,14634.986328125,14256.1982421875,14497.2451171875,26807114
2023-04-26,14497.2451171875,15151.515625,14393.939453125,15151.515625,38940752
2023-04-27,15151.515625,15151.515625,14876.033203125,14944.9033203125,24883359
2023-04-28,14944.9033203125,15013.7744140625,14738.2919921875,14910.46875,22871758
2023-05-01,14910.46875,14910.46875,14910.46875,14910.46875,0
2023-05-02,14910.46875,14910.46875,14910.46875,14910.46875,0
2023-05-03,14910.46875,14910.46875,14910.46875,14910.46875,0
2023-05-04,14772.7275390625,14876.033203125,14600.55078125,14669.421875,24019564
2023-05-05,14669.421875,14944.9033203125,14600.55078125,14772.7275390625,15662143
2023-05-08,14841.59765625,14979.3388671875,14772.7275390625,14876.033203125,15175142
2023-05-09,14876.033203125,15254.8212890625,14876.033203125,15013.7744140625,32544837
2023-05-10,15013.7744140625,15082.64453125,14910.46875,14944.9033203125,12689028
2023-05-11,15013.7744140625,15117.080078125,14876.033203125,14979.3388671875,19805425
2023-05-12,14979.3388671875,15495.8681640625,14876.033203125,15392.5615234375,65492895
2023-05-15,15461.4326171875,15564.73828125,15220.3857421875,15220.3857421875,25690381
2023-05-16,15220.3857421875,15358.126953125,15082.64453125,15151.515625,25852860
2023-05-17,15151.515625,15220.3857421875,14979.3388671875,15013.7744140625,37750112
2023-05-18,15082.64453125,15289.255859375,15013.7744140625,15117.080078125,27022736
2023-05-19,15151.515625,15220.3857421875,14910.46875,15013.7744140625,16717311
2023-05-22,15013.7744140625,15220.3857421875,14979.3388671875,15082.64453125,21590368
2023-05-23,15117.080078125,15185.9501953125,14876.033203125,14944.9033203125,19776385
2023-05-24,14944.9033203125,14944.9033203125,14944.9033203125,14944.9033203125,0
2023-05-25,14669.421875,14772.7275390625,14600.55078125,14600.55078125,19251342
2023-05-26,14669.421875,14738.2919921875,14359.50390625,14531.6806640625,23360066
2023-05-29,14669.421875,14772.7275390625,14600.55078125,14772.7275390625,16105293
2023-05-30,14807.162109375,14876.033203125,14634.986328125,14703.8564453125,19540870
2023-05-31,14738.2919921875,14772.7275390625,14566.115234375,14600.55078125,19000436
2023-06-01,14566.115234375,14738.2919921875,14497.2451171875,14738.2919921875,15734162
2023-06-02,14807.162109375,15013.7744140625,14772.7275390625,14876.033203125,27394158
2023-06-05,15013.7744140625,15185.9501953125,14876.033203125,14910.46875,29104323
2023-06-06,14944.9033203125,15048.208984375,14841.59765625,14979.3388671875,17133454
2023-06-07,15151.515625,15702.4794921875,15151.515625,15564.73828125,80607199
2023-06-08,15633.6083984375,15943.5263671875,15633.6083984375,15702.4794921875,61741072
2023-06-09,15702.4794921875,15771.349609375,15495.8681640625,15771.349609375,34664467
2023-06-12,15909.0908203125,15943.5263671875,15495.8681640625,15805.78515625,32262278
2023-06-13,15840.220703125,16150.1376953125,15771.349609375,16115.7021484375,53643268
2023-06-14,16150.1376953125,16150.1376953125,15909.0908203125,15909.0908203125,34086861
2023-06-15,15840.220703125,16012.396484375,15840.220703125,15943.5263671875,25371231
2023-06-16,16012.396484375,16391.185546875,15943.5263671875,16150.1376953125,47930520
2023-06-19,16150.1376953125,16184.5732421875,16046.83203125,16081.267578125,19138666
2023-06-20,16081.267578125,16287.87890625,16046.83203125,16287.87890625,21211251
2023-06-21,16322.314453125,16976.583984375,16184.5732421875,16942.1484375,51699766
2023-06-22,16942.1484375,16942.1484375,16942.1484375,16942.1484375,0
2023-06-23,17114.32421875,17596.41796875,17045.455078125,17493.11328125,42336399
2023-06-26,17493.11328125,17561.984375,17011.01953125,17355.37109375,29619638
2023-06-27,17458.677734375,17768.595703125,17286.501953125,17768.595703125,28957381
2023-06-28,17906.3359375,18388.4296875,17837.46484375,18319.55859375,44014911
2023-06-29,18353.994140625,18388.4296875,17768.595703125,17768.595703125,53438972
2023-06-30,17699.724609375,18044.076171875,17665.2890625,18009.642578125,33495607
2023-07-03,18044.076171875,18216.25390625,17837.46484375,18044.076171875,24766909
2023-07-04,18009.642578125,18078.51171875,17837.46484375,18078.51171875,28645346
2023-07-05,18181.818359375,18732.783203125,18078.51171875,18560.60546875,46179408
2023-07-06,18526.169921875,18698.34765625,18250.689453125,18595.041015625,40091462
2023-07-07,18526.169921875,18904.958984375,18250.689453125,18904.958984375,32836399
2023-07-10,18904.958984375,19249.310546875,18836.087890625,19077.134765625,35236700
2023-07-11,19146.005859375,19318.181640625,18767.216796875,18801.65234375,34868763
2023-07-12,18801.65234375,18904.958984375,18353.994140625,18595.041015625,40304906
2023-07-13,18939.39453125,18939.39453125,18526.169921875,18629.4765625,20338018
2023-07-14,18698.34765625,18939.39453125,18629.4765625,18939.39453125,24797836
2023-07-17,19077.134765625,19111.5703125,18732.783203125,18801.65234375,18200674
2023-07-18,18801.65234375,18836.087890625,18629.4765625,18732.783203125,18008430
2023-07-19,18663.912109375,19077.134765625,18629.4765625,18870.5234375,22329291
2023-07-20,18801.65234375,19421.48828125,18801.65234375,19421.48828125,44816415
2023-07-21,19524.79296875,19559.228515625,19352.6171875,19559.228515625,26797966
2023-07-24,19593.6640625,19696.96875,19283.74609375,19455.923828125,24922708
2023-07-25,19455.923828125,19524.79296875,19283.74609375,19455.923828125,29366990
2023-07-26,19455.923828125,19593.6640625,19387.052734375,19559.228515625,33205207
2023-07-27,19559.228515625,19765.83984375,19352.6171875,19559.228515625,30950686
2023-07-28,19559.228515625,19696.96875,19387.052734375,19490.357421875,32963594
2023-07-31,19421.48828125,19455.923828125,18836.087890625,19421.48828125,66108688
2023-08-01,19352.6171875,19352.6171875,18939.39453125,18939.39453125,40672552
2023-08-02,18870.5234375,19180.44140625,18767.216796875,18939.39453125,26896848
2023-08-03,18836.087890625,18939.39453125,18250.689453125,18491.736328125,84258979
2023-08-04,18457.30078125,18939.39453125,18457.30078125,18836.087890625,32191856
2023-08-07,18973.830078125,19111.5703125,18801.65234375,18973.830078125,33529438
2023-08-08,19008.263671875,19214.876953125,18698.34765625,18732.783203125,37125316
2023-08-09,18732.783203125,19180.44140625,18629.4765625,19146.005859375,61946385
2023-08-10,19214.876953125,19214.876953125,18801.65234375,18836.087890625,24777944
2023-08-11,18870.5234375,19111.5703125,18698.34765625,19077.134765625,33950664
2023-08-14,19146.005859375,19524.79296875,19042.69921875,19387.052734375,65262172
2023-08-15,19387.052734375,19455.923828125,19180.44140625,19249.310546875,26046702
2023-08-16,19249.310546875,19283.74609375,19042.69921875,19249.310546875,21772014
2023-08-17,19283.74609375,19765.83984375,19283.74609375,19352.6171875,67670024
2023-08-18,19214.876953125,19283.74609375,18044.076171875,18250.689453125,67312396
2023-08-21,18216.25390625,18285.123046875,17837.46484375,18044.076171875,45652767
2023-08-22,18044.076171875,18147.3828125,17286.501953125,18009.642578125,51069308
2023-08-23,18147.3828125,18216.25390625,17665.2890625,17665.2890625,31616283
2023-08-24,17665.2890625,18112.947265625,17630.853515625,18112.947265625,24098698
2023-08-25,18044.076171875,18181.818359375,17871.900390625,17871.900390625,31722860
2023-08-28,17906.3359375,18491.736328125,17906.3359375,18491.736328125,33134349
2023-08-29,18526.169921875,18698.34765625,18388.4296875,18595.041015625,26091859
2023-08-30,18595.041015625,18767.216796875,18422.865234375,18732.783203125,29248507
2023-08-31,18870.5234375,19214.876953125,18801.65234375,19008.263671875,37656313
2023-09-01,19008.263671875,19008.263671875,19008.263671875,19008.263671875,0
2023-09-04,19008.263671875,19008.263671875,19008.263671875,19008.263671875,0
2023-09-05,19146.005859375,19249.310546875,18767.216796875,19146.005859375,35576323
2023-09-06,19111.5703125,19972.451171875,18870.5234375,19972.451171875,76338319
2023-09-07,19972.451171875,20179.0625,19628.099609375,19731.404296875,48891453
2023-09-08,19628.099609375,20075.7578125,19559.228515625,19800.275390625,49068452
2023-09-11,19972.451171875,20006.88671875,19111.5703125,19283.74609375,69256770
2023-09-12,19283.74609375,19800.275390625,19077.134765625,19800.275390625,32837560
2023-09-13,19834.7109375,20247.93359375,19455.923828125,19559.228515625,71428816
2023-09-14,19559.228515625,19662.53515625,19111.5703125,19146.005859375,50361168
2023-09-15,19214.876953125,19352.6171875,19008.263671875,19008.263671875,35937871
2023-09-18,19008.263671875,19352.6171875,18732.783203125,19008.263671875,30334022
2023-09-19,19283.74609375,19387.052734375,18939.39453125,19387.052734375,30539770
2023-09-20,19387.052734375,19662.53515625,19318.181640625,19559.228515625,38624216
2023-09-21,19559.228515625,20041.322265625,19387.052734375,19559.228515625,62321582
2023-09-22,19111.5703125,19249.310546875,18422.865234375,18801.65234375,73447242
2023-09-25,18595.041015625,18939.39453125,17699.724609375,17906.3359375,53540031
2023-09-26,17803.03125,18457.30078125,17803.03125,18044.076171875,44777647
2023-09-27,18009.642578125,18388.4296875,18009.642578125,18250.689453125,29512335
2023-09-28,18319.55859375,18491.736328125,18044.076171875,18319.55859375,24048895
2023-09-29,18457.30078125,18491.736328125,18078.51171875,18112.947265625,21807733
2023-10-02,18112.947265625,18216.25390625,17906.3359375,18044.076171875,16570659
2023-10-03,17975.20703125,17975.20703125,17011.01953125,17079.890625,59006376
2023-10-04,16873.27734375,17561.984375,16528.92578125,17389.806640625,30630230
2023-10-05,17493.11328125,17561.984375,17114.32421875,17148.759765625,15135793
2023-10-06,17114.32421875,17424.2421875,16976.583984375,17183.1953125,22143000
2023-10-09,17183.1953125,17630.853515625,17183.1953125,17561.984375,16599264
2023-10-10,17699.724609375,18078.51171875,17630.853515625,17906.3359375,29046824
2023-10-11,18009.642578125,18078.51171875,17768.595703125,18044.076171875,19605194
2023-10-12,18112.947265625,18112.947265625,17630.853515625,17768.595703125,32022843
2023-10-13,17630.853515625,17734.16015625,17252.06640625,17734.16015625,28418544
2023-10-16,17734.16015625,17768.595703125,17217.630859375,17217.630859375,23529660
2023-10-17,17355.37109375,17527.548828125,17079.890625,17079.890625,21352386
2023-10-18,17079.890625,17183.1953125,15977.9619140625,16528.92578125,44910505
2023-10-19,16597.796875,16666.666015625,16150.1376953125,16322.314453125,30213361
2023-10-20,16322.314453125,16769.97265625,16081.267578125,16769.97265625,23767933
2023-10-23,16769.97265625,16769.97265625,16322.314453125,16528.92578125,17349512
2023-10-24,16563.361328125,16804.408203125,16287.87890625,16528.92578125,14103421
2023-10-25,16563.361328125,16942.1484375,16563.361328125,16563.361328125,17514169
2023-10-26,16391.185546875,16425.619140625,15564.73828125,15702.4794921875,45056431
2023-10-27,16012.396484375,16184.5732421875,15736.9150390625,16081.267578125,21803522
2023-10-30,16081.267578125,16356.7490234375,15840.220703125,15840.220703125,23483922
2023-10-31,16184.5732421875,16184.5732421875,15771.349609375,15840.220703125,30189984
2023-11-01,15840.220703125,16494.490234375,15805.78515625,16494.490234375,27796797
2023-11-02,16666.666015625,17630.853515625,16597.796875,17389.806640625,38683893
2023-11-03,17493.11328125,17561.984375,17045.455078125,17286.501953125,29763531
2023-11-06,17458.677734375,17837.46484375,17355.37109375,17734.16015625,29592050
2023-11-07,17768.595703125,18044.076171875,17527.548828125,17768.595703125,28839188
2023-11-08,17768.595703125,18560.60546875,17630.853515625,18560.60546875,50603942
2023-11-09,18560.60546875,18870.5234375,18319.55859375,18388.4296875,45537043
2023-11-10,18181.818359375,18663.912109375,18147.3828125,18250.689453125,40700140
2023-11-13,18250.689453125,19008.263671875,18250.689453125,18732.783203125,63889016
2023-11-14,18870.5234375,18939.39453125,18388.4296875,18595.041015625,33769454
2023-11-15,18973.830078125,19146.005859375,18595.041015625,18595.041015625,50264319
2023-11-16,18491.736328125,18732.783203125,18457.30078125,18732.783203125,23610972
2023-11-17,18732.783203125,18870.5234375,18112.947265625,18250.689453125,55948464
2023-11-20,17975.20703125,18526.169921875,17975.20703125,18353.994140625,26499000
2023-11-21,18595.041015625,18939.39453125,18560.60546875,18629.4765625,38773046
2023-11-22,18595.041015625,18732.783203125,18526.169921875,18732.783203125,24705925
2023-11-23,18801.65234375,18836.087890625,17803.03125,17803.03125,31485894
2023-11-24,17906.3359375,18181.818359375,17596.41796875,18181.818359375,38083782
2023-11-27,18250.689453125,18422.865234375,18044.076171875,18112.947265625,24284119
2023-11-28,18181.818359375,18388.4296875,17940.771484375,18388.4296875,27389947
2023-11-29,18388.4296875,18663.912109375,18353.994140625,18595.041015625,32674356
2023-11-30,18663.912109375,18732.783203125,18285.123046875,18285.123046875,30794161
2023-12-01,18457.30078125,18663.912109375,18216.25390625,18526.169921875,22360945
2023-12-04,18732.783203125,19111.5703125,18629.4765625,18939.39453125,61480438
2023-12-05,18939.39453125,18973.830078125,18698.34765625,18767.216796875,32686117
2023-12-06,18767.216796875,19008.263671875,18732.783203125,19008.263671875,27077041
2023-12-07,19042.69921875,19214.876953125,18560.60546875,19008.263671875,71773666
2023-12-08,19146.005859375,19455.923828125,18939.39453125,19077.134765625,76641932
2023-12-11,19077.134765625,19146.005859375,18801.65234375,18939.39453125,25911520
2023-12-12,18939.39453125,19421.48828125,18939.39453125,19249.310546875,46001973
2023-12-13,19352.6171875,19421.48828125,18801.65234375,18836.087890625,48420860
2023-12-14,18973.830078125,18973.830078125,18629.4765625,18629.4765625,46140930
2023-12-15,18663.912109375,18732.783203125,18422.865234375,18457.30078125,50365088
2023-12-18,18526.169921875,18595.041015625,18319.55859375,18319.55859375,21599661
2023-12-19,18319.55859375,18732.783203125,18285.123046875,18732.783203125,29760482
2023-12-20,18732.783203125,18836.087890625,18663.912109375,18732.783203125,25644643
2023-12-21,18663.912109375,18801.65234375,18560.60546875,18732.783203125,20774344
2023-12-22,18732.783203125,18836.087890625,18629.4765625,18629.4765625,25307053
2023-12-25,18698.34765625,19008.263671875,18698.34765625,18904.958984375,29631399
2023-12-26,18870.5234375,19214.876953125,18870.5234375,19146.005859375,48995852
2023-12-27,19180.44140625,19283.74609375,19111.5703125,19111.5703125,28825249
2023-12-28,19111.5703125,19421.48828125,19042.69921875,19249.310546875,45459506
2023-12-29,19249.310546875,19352.6171875,19146.005859375,19249.310546875,29718229
2024-01-01,19249.310546875,19249.310546875,19249.310546875,19249.310546875,0
2024-01-02,19352.6171875,19387.052734375,18904.958984375,18904.958984375,32215814
2024-01-03,18870.5234375,19146.005859375,18870.5234375,19146.005859375,26971480
2024-01-04,19146.005859375,19352.6171875,19077.134765625,19111.5703125,55958192
2024-01-05,19111.5703125,19214.876953125,18973.830078125,19146.005859375,25168096
2024-01-08,19249.310546875,19455.923828125,19180.44140625,19180.44140625,45366142
2024-01-09,19214.876953125,19249.310546875,18939.39453125,19077.134765625,41561902
2024-01-10,19077.134765625,19111.5703125,18767.216796875,18836.087890625,47396910
2024-01-11,18904.958984375,19042.69921875,18870.5234375,18939.39453125,22164634
2024-01-12,18836.087890625,18904.958984375,18629.4765625,18698.34765625,41565678
2024-01-15,18732.783203125,18904.958984375,18663.912109375,18663.912109375,18145789
2024-01-16,18663.912109375,19146.005859375,18629.4765625,19146.005859375,28701974
2024-01-17,19180.44140625,19249.310546875,19042.69921875,19042.69921875,33991610
2024-01-18,19077.134765625,19180.44140625,19008.263671875,19042.69921875,18351828
2024-01-19,19111.5703125,19214.876953125,19008.263671875,19146.005859375,21576574
2024-01-22,19283.74609375,19731.404296875,19180.44140625,19490.357421875,95930590
2024-01-23,19593.6640625,19628.099609375,19455.923828125,19524.79296875,31476891
2024-01-24,19490.357421875,19628.099609375,19455.923828125,19455.923828125,23430778
2024-01-25,19455.923828125,19455.923828125,19455.923828125,19455.923828125,0
2024-01-26,19559.228515625,19628.099609375,19455.923828125,19524.79296875,20868579
2024-01-29,19524.79296875,19559.228515625,19283.74609375,19283.74609375,31326900
2024-01-30,19283.74609375,19352.6171875,19180.44140625,19283.74609375,25452398
2024-01-31,19249.310546875,19352.6171875,19111.5703125,19111.5703125,35511418
2024-02-01,19111.5703125,19352.6171875,19077.134765625,19180.44140625,15443617
2024-02-02,19180.44140625,19180.44140625,19180.44140625,19180.44140625,0
2024-02-05,19214.876953125,19490.357421875,19214.876953125,19283.74609375,23567702
2024-02-06,19387.052734375,19455.923828125,19283.74609375,19318.181640625,21286755
2024-02-07,19318.181640625,19490.357421875,19318.181640625,19387.052734375,20049651
2024-02-08,19387.052734375,19387.052734375,19387.052734375,19387.052734375,0
2024-02-09,19387.052734375,19387.052734375,19387.052734375,19387.052734375,0
2024-02-12,19387.052734375,19387.052734375,19387.052734375,19387.052734375,0
2024-02-13,19387.052734375,19387.052734375,19387.052734375,19387.052734375,0
2024-02-14,19387.052734375,19387.052734375,19387.052734375,19387.052734375,0
2024-02-15,19490.357421875,19903.58203125,19455.923828125,19765.83984375,53703381
2024-02-16,19800.275390625,19834.7109375,19696.96875,19696.96875,24275697
2024-02-19,19731.404296875,20247.93359375,19593.6640625,20110.193359375,61384897
2024-02-20,20110.193359375,20213.498046875,20006.88671875,20110.193359375,31060748
2024-02-21,20041.322265625,20075.7578125,19765.83984375,19834.7109375,45853579
2024-02-22,19765.83984375,19834.7109375,19662.53515625,19662.53515625,32544111
2024-02-23,19662.53515625,19869.146484375,19559.228515625,19559.228515625,39640761
2024-02-26,19559.228515625,19834.7109375,19490.357421875,19834.7109375,27909908
2024-02-27,19903.58203125,20971.07421875,19834.7109375,20902.203125,126093858
2024-02-28,20936.638671875,21315.427734375,20764.462890625,21074.380859375,51113013
2024-02-29,21177.685546875,21453.16796875,21005.509765625,21349.861328125,48758886
2024-03-01,21487.603515625,21487.603515625,21108.814453125,21246.556640625,39144032
2024-03-04,21349.861328125,21625.34375,21143.25,21212.12109375,41497434
2024-03-05,21212.12109375,21556.474609375,21143.25,21453.16796875,43439774
2024-03-06,21418.732421875,21453.16796875,21005.509765625,21212.12109375,40742248
2024-03-07,21143.25,21590.908203125,21074.380859375,21349.861328125,46844714
2024-03-08,21349.861328125,21384.296875,20833.333984375,20867.76953125,68711834
2024-03-11,20867.76953125,21074.380859375,20523.416015625,20592.287109375,44162725
2024-03-12,20557.8515625,20936.638671875,20523.416015625,20798.8984375,43756600
2024-03-13,20798.8984375,21246.556640625,20730.02734375,21212.12109375,42640884
2024-03-14,21280.9921875,21280.9921875,20833.333984375,20902.203125,44683848
2024-03-15,20902.203125,21143.25,20661.15625,20730.02734375,52016012
2024-03-18,20764.462890625,20798.8984375,19972.451171875,20385.67578125,72746216
2024-03-19,20316.8046875,21074.380859375,20247.93359375,20523.416015625,39165522
2024-03-20,20557.8515625,20730.02734375,20488.98046875,20661.15625,18834182
2024-03-21,20902.203125,21039.9453125,20730.02734375,20833.333984375,29000215
2024-03-22,20902.203125,21143.25,20798.8984375,21039.9453125,54281713
2024-03-25,21039.9453125,21315.427734375,20695.591796875,20798.8984375,31000490
2024-03-26,20798.8984375,21039.9453125,20730.02734375,21039.9453125,17389587
2024-03-27,21280.9921875,21418.732421875,21074.380859375,21074.380859375,35326434
2024-03-28,21246.556640625,21246.556640625,20971.07421875,21039.9453125,27753092
2024-03-29,21074.380859375,21074.380859375,20833.333984375,20833.333984375,21521253
2024-04-01,20798.8984375,20902.203125,20626.72265625,20730.02734375,30142648
2024-04-02,20592.287109375,20936.638671875,20523.416015625,20936.638671875,38185276
2024-04-03,20902.203125,20971.07421875,20626.72265625,20626.72265625,31203189
2024-04-04,20626.72265625,20695.591796875,20351.240234375,20385.67578125,38291127
2024-04-05,20282.369140625,20488.98046875,20144.62890625,20282.369140625,34875297
2024-04-08,20282.369140625,20523.416015625,20179.0625,20385.67578125,24261177
2024-04-09,20385.67578125,20592.287109375,20351.240234375,20592.287109375,14284776
2024-04-10,20626.72265625,20730.02734375,20420.109375,20420.109375,16167148
2024-04-11,20282.369140625,20764.462890625,20282.369140625,20592.287109375,27945482
2024-04-12,20661.15625,20730.02734375,20557.8515625,20626.72265625,20207338
2024-04-15,20557.8515625,20626.72265625,19352.6171875,19628.099609375,45167799
2024-04-16,19628.099609375,19662.53515625,19180.44140625,19524.79296875,48531938
2024-04-17,19628.099609375,19662.53515625,19214.876953125,19283.74609375,22614900
2024-04-18,19283.74609375,19283.74609375,19283.74609375,19283.74609375,0
2024-04-19,19146.005859375,19524.79296875,18939.39453125,19146.005859375,37953102
2024-04-22,19421.48828125,19421.48828125,19180.44140625,19283.74609375,17991586
2024-04-23,19283.74609375,19318.181640625,18904.958984375,19008.263671875,26658574
2024-04-24,19214.876953125,19938.015625,19111.5703125,19834.7109375,33471504
2024-04-25,19765.83984375,19765.83984375,19490.357421875,19662.53515625,16315252
2024-04-26,19490.357421875,19662.53515625,19318.181640625,19559.228515625,26577408
2024-04-29,19559.228515625,19559.228515625,19559.228515625,19559.228515625,0
2024-04-30,19559.228515625,19559.228515625,19559.228515625,19559.228515625,0
2024-05-01,19559.228515625,19559.228515625,19559.228515625,19559.228515625,0
2024-05-02,19559.228515625,19559.228515625,19318.181640625,19524.79296875,10631689
2024-05-03,19524.79296875,20041.322265625,19524.79296875,19731.404296875,24269889
2024-05-06,19869.146484375,20213.498046875,19834.7109375,20179.0625,39361106
2024-05-07,20247.93359375,20798.8984375,20144.62890625,20764.462890625,43762118
2024-05-08,20764.462890625,21349.861328125,20488.98046875,21143.25,49788789
2024-05-09,21280.9921875,21280.9921875,20695.591796875,20971.07421875,28201760
2024-05-10,21074.380859375,21108.814453125,20626.72265625,20971.07421875,27561718
2024-05-13,21039.9453125,21108.814453125,20730.02734375,20798.8984375,19125018
2024-05-14,20936.638671875,21143.25,20730.02734375,20798.8984375,22744128
2024-05-15,20833.333984375,21590.908203125,20833.333984375,21487.603515625,65500155
2024-05-16,21763.0859375,21935.26171875,21659.779296875,21763.0859375,39790462
2024-05-17,21763.0859375,21763.0859375,21453.16796875,21763.0859375,41586586
2024-05-20,21797.521484375,22141.873046875,21763.0859375,22038.568359375,67503480
2024-05-21,22038.568359375,22038.568359375,21659.779296875,21935.26171875,30293802
2024-05-22,21935.26171875,22004.1328125,21453.16796875,21556.474609375,57764480
2024-05-23,21856.060546875,22348.484375,21666.666015625,22348.484375,49988664
2024-05-24,22196.96875,22348.484375,21590.908203125,21893.939453125,39800244
2024-05-27,21893.939453125,22196.96875,21704.544921875,21893.939453125,20802012
2024-05-28,21969.697265625,22121.212890625,21818.181640625,22083.333984375,23185272
2024-05-29,22045.455078125,22159.091796875,21666.666015625,21666.666015625,28511208
2024-05-30,21590.908203125,21628.787109375,21212.12109375,21401.515625,35980164
2024-05-31,21515.15234375,21818.181640625,21250.0,21666.666015625,23412576
2024-06-03,21666.666015625,21666.666015625,21666.666015625,21666.666015625,0
2024-06-04,21969.697265625,22575.7578125,21969.697265625,22196.96875,52343676
2024-06-05,22196.96875,22348.484375,22045.455078125,22159.091796875,25338456
2024-06-06,22159.091796875,22462.12109375,21893.939453125,22196.96875,27485832
2024-06-07,22234.84765625,22272.7265625,22045.455078125,22196.96875,19645428
2024-06-10,22272.7265625,22310.60546875,22083.333984375,22196.96875,26742804
2024-06-11,22272.7265625,22462.12109375,22007.576171875,22045.455078125,35622048
2024-06-12,21969.697265625,22424.2421875,21969.697265625,22424.2421875,25455408
2024-06-13,22462.12109375,22500.0,22196.96875,22348.484375,27124284
2024-06-14,22348.484375,22689.39453125,22045.455078125,22045.455078125,45265968
2024-06-17,22045.455078125,22689.39453125,21969.697265625,22310.60546875,45372492
2024-06-18,22348.484375,22500.0,22272.7265625,22272.7265625,21825012
2024-06-19,22348.484375,22386.36328125,22159.091796875,22234.84765625,25315356
2024-06-20,22159.091796875,22272.7265625,21931.818359375,22234.84765625,36661680
2024-06-21,22234.84765625,22234.84765625,21969.697265625,22007.576171875,18859368
2024-06-24,21969.697265625,22045.455078125,21401.515625,21742.423828125,49956852
2024-06-25,21666.666015625,22007.576171875,21590.908203125,21742.423828125,21984600
2024-06-26,21780.302734375,22121.212890625,21666.666015625,21893.939453125,26065776
2024-06-27,21969.697265625,22007.576171875,21742.423828125,21856.060546875,13306260
2024-06-28,21780.302734375,21893.939453125,21439.39453125,21439.39453125,29280636
2024-07-01,21439.39453125,21590.908203125,21250.0,21477.2734375,17895768
2024-07-02,21477.2734375,21856.060546875,21401.515625,21742.423828125,28061088
2024-07-03,21969.697265625,22045.455078125,21742.423828125,21780.302734375,22773696
2024-07-04,21856.060546875,22007.576171875,21666.666015625,21742.423828125,12345960
2024-07-05,21742.423828125,21931.818359375,21666.666015625,21704.544921875,16318236
2024-07-08,21742.423828125,22007.576171875,21704.544921875,21818.181640625,24327732
2024-07-09,21818.181640625,22121.212890625,21780.302734375,21969.697265625,29763624
2024-07-10,22045.455078125,22348.484375,21931.818359375,21931.818359375,40880136
2024-07-11,22083.333984375,22159.091796875,21856.060546875,21856.060546875,19155840
2024-07-12,21893.939453125,21931.818359375,21553.03125,21590.908203125,23826528
2024-07-15,21628.787109375,21780.302734375,21363.63671875,21553.03125,21499632
2024-07-16,21590.908203125,21704.544921875,21515.15234375,21553.03125,16272168
2024-07-17,21628.787109375,21666.666015625,20909.091796875,21363.63671875,33721908
2024-07-18,21363.63671875,21553.03125,21250.0,21515.15234375,27030036
2024-07-19,21515.15234375,21515.15234375,21363.63671875,21363.63671875,15662064
2024-07-22,21287.87890625,21363.63671875,21022.7265625,21250.0,24287208
2024-07-23,21250.0,21363.63671875,21060.60546875,21060.60546875,19875108
2024-07-24,21022.7265625,21174.2421875,20530.302734375,20984.84765625,25387692
2024-07-25,20909.091796875,20946.96875,20681.818359375,20719.697265625,17582004
2024-07-26,20719.697265625,20946.96875,20719.697265625,20795.455078125,11625108
2024-07-29,20946.96875,21287.87890625,20909.091796875,21136.36328125,20385684
2024-07-30,21212.12109375,21363.63671875,21136.36328125,21136.36328125,20516496
2024-07-31,21136.36328125,21136.36328125,20530.302734375,20606.060546875,32057388
2024-08-01,20833.333984375,20946.96875,20151.515625,20227.2734375,40234128
2024-08-02,20189.39453125,20681.818359375,20075.7578125,20643.939453125,23160456
2024-08-05,20303.03125,20340.908203125,19545.455078125,19659.091796875,60205200
2024-08-06,19734.84765625,20037.87890625,19583.333984375,19924.2421875,26082144
2024-08-07,20037.87890625,20037.87890625,19659.091796875,19734.84765625,20343444
2024-08-08,19659.091796875,19772.7265625,19356.060546875,19393.939453125,28928856
2024-08-09,19621.212890625,19772.7265625,19469.697265625,19734.84765625,16002624
2024-08-12,19734.84765625,19772.7265625,19469.697265625,19583.333984375,16600320
2024-08-13,19621.212890625,19659.091796875,19090.908203125,19242.423828125,34642872
2024-08-14,19318.181640625,19469.697265625,19166.666015625,19280.302734375,18072648
2024-08-15,19280.302734375,19280.302734375,19090.908203125,19090.908203125,21422808
2024-08-16,19090.908203125,19469.697265625,18939.39453125,19393.939453125,47951112
2024-08-19,19545.455078125,19962.12109375,19469.697265625,19583.333984375,32244300
2024-08-20,19696.96875,19848.484375,19545.455078125,19545.455078125,26991228
2024-08-21,19583.333984375,19886.36328125,19545.455078125,19810.60546875,32751312
2024-08-22,19848.484375,19886.36328125,19469.697265625,19507.576171875,31718808
2024-08-23,19507.576171875,19734.84765625,19242.423828125,19734.84765625,29578956
2024-08-26,19810.60546875,20000.0,19659.091796875,19696.96875,28569420
2024-08-27,19696.96875,19734.84765625,19469.697265625,19507.576171875,16434660
2024-08-28,19583.333984375,19659.091796875,19431.818359375,19469.697265625,24626052
2024-08-29,19545.455078125,19659.091796875,19393.939453125,19393.939453125,21335688
2024-08-30,19469.697265625,19507.576171875,19318.181640625,19318.181640625,23714460
2024-09-02,19318.181640625,19318.181640625,19318.181640625,19318.181640625,0
2024-09-03,19318.181640625,19318.181640625,19318.181640625,19318.181640625,0
2024-09-04,19166.666015625,19280.302734375,19015.15234375,19128.787109375,25162500
2024-09-05,19204.544921875,19204.544921875,18939.39453125,18977.2734375,29783820
2024-09-06,18977.2734375,19242.423828125,18750.0,19242.423828125,30163980
2024-09-09,19242.423828125,19848.484375,19166.666015625,19393.939453125,43092456
2024-09-10,19507.576171875,19583.333984375,19053.03125,19053.03125,19825344
2024-09-11,19053.03125,19356.060546875,18977.2734375,19204.544921875,18760764
2024-09-12,19242.423828125,19356.060546875,19015.15234375,19015.15234375,11927256
2024-09-13,19053.03125,19166.666015625,18939.39453125,18939.39453125,16405224
2024-09-16,18939.39453125,19128.787109375,18825.7578125,18825.7578125,19237152
2024-09-17,18863.63671875,19128.787109375,18787.87890625,19128.787109375,17388888
2024-09-18,19128.787109375,19204.544921875,19015.15234375,19015.15234375,17469540
2024-09-19,19166.666015625,19318.181640625,19090.908203125,19128.787109375,18054036
2024-09-20,19318.181640625,19734.84765625,19280.302734375,19431.818359375,58857216
2024-09-23,19545.455078125,19772.7265625,19469.697265625,19469.697265625,20477688
2024-09-24,19469.697265625,19583.333984375,19431.818359375,19583.333984375,14054040
2024-09-25,19772.7265625,20000.0,19734.84765625,19848.484375,54132144
2024-09-26,19924.2421875,20037.87890625,19734.84765625,19734.84765625,28703664
2024-09-27,19810.60546875,19924.2421875,19621.212890625,19734.84765625,40312932
2024-09-30,19848.484375,20151.515625,19810.60546875,19962.12109375,49401264
2024-10-01,20303.03125,20454.544921875,20189.39453125,20265.15234375,49965564
2024-10-02,20227.2734375,20227.2734375,19924.2421875,19924.2421875,28097124
2024-10-03,20037.87890625,20189.39453125,19772.7265625,19848.484375,35374020
2024-10-04,19848.484375,20075.7578125,19772.7265625,19848.484375,23172996
2024-10-07,20000.0,20075.7578125,19848.484375,20000.0,16455648
2024-10-08,20000.0,20530.302734375,19962.12109375,20416.666015625,50384268
2024-10-09,20568.181640625,20833.333984375,20492.423828125,20833.333984375,54930084
2024-10-10,20909.091796875,20984.84765625,20643.939453125,20643.939453125,31447548
2024-10-11,20719.697265625,20795.455078125,20454.544921875,20681.818359375,20805576
2024-10-14,20719.697265625,20795.455078125,20492.423828125,20492.423828125,23726604
2024-10-15,20757.576171875,20795.455078125,20568.181640625,20568.181640625,26612388
2024-10-16,20568.181640625,20681.818359375,20530.302734375,20530.302734375,15349356
2024-10-17,20568.181640625,20643.939453125,20265.15234375,20643.939453125,27140388
2024-10-18,20643.939453125,20681.818359375,20416.666015625,20416.666015625,21439968
2024-10-21,20416.666015625,20492.423828125,20227.2734375,20265.15234375,18340740
2024-10-22,20189.39453125,20340.908203125,20075.7578125,20189.39453125,24175800
2024-10-23,20189.39453125,20227.2734375,19962.12109375,20037.87890625,17962164
2024-10-24,20075.7578125,20227.2734375,19962.12109375,20037.87890625,20986548
2024-10-25,20151.515625,20189.39453125,20037.87890625,20037.87890625,12468192
2024-10-28,20075.7578125,20416.666015625,20075.7578125,20265.15234375,15751560
2024-10-29,20303.03125,20568.181640625,20227.2734375,20492.423828125,20767692
2024-10-30,20492.423828125,20530.302734375,20303.03125,20454.544921875,14607780
2024-10-31,20492.423828125,20492.423828125,20303.03125,20378.787109375,17589132
2024-11-01,20303.03125,20340.908203125,20037.87890625,20113.63671875,17425848
2024-11-04,20113.63671875,20113.63671875,19810.60546875,19924.2421875,24168804
2024-11-05,19924.2421875,20113.63671875,19848.484375,20075.7578125,10685136
2024-11-06,20189.39453125,20568.181640625,20113.63671875,20416.666015625,27709440
2024-11-07,20530.302734375,20681.818359375,20416.666015625,20416.666015625,21099936
2024-11-08,20606.060546875,20833.333984375,20454.544921875,20454.544921875,32687028
2024-11-11,20492.423828125,20984.84765625,20416.666015625,20984.84765625,53958300
2024-11-12,21022.7265625,21136.36328125,20681.818359375,20833.333984375,31631424
2024-11-13,20606.060546875,20757.576171875,20340.908203125,20492.423828125,29419632
2024-11-14,20492.423828125,20530.302734375,19924.2421875,19924.2421875,35064876
2024-11-15,19924.2421875,19962.12109375,19621.212890625,19621.212890625,36437676
2024-11-18,19696.96875,19734.84765625,19318.181640625,19545.455078125,27191208
2024-11-19,19583.333984375,19696.96875,19280.302734375,19280.302734375,20912496
2024-11-20,19242.423828125,19696.96875,19128.787109375,19393.939453125,30030660
2024-11-21,19431.818359375,19659.091796875,19356.060546875,19583.333984375,16865772
2024-11-22,19621.212890625,19886.36328125,19583.333984375,19772.7265625,22791648
2024-11-25,19772.7265625,19924.2421875,19734.84765625,19924.2421875,16936128
2024-11-26,19924.2421875,20075.7578125,19848.484375,19962.12109375,17398524
2024-11-27,19962.12109375,20037.87890625,19772.7265625,19924.2421875,10515912
2024-11-28,20037.87890625,20265.15234375,19924.2421875,20000.0,18652920
2024-11-29,20037.87890625,20265.15234375,19924.2421875,20265.15234375,18318036
2024-12-02,20416.666015625,20568.181640625,20265.15234375,20378.787109375,24519792
2024-12-03,20340.908203125,20454.544921875,20151.515625,20454.544921875,20871972
2024-12-04,20340.908203125,20340.908203125,20189.39453125,20227.2734375,16511220
2024-12-05,20227.2734375,21098.484375,20000.0,21098.484375,59065644
2024-12-06,21098.484375,21136.36328125,20833.333984375,20909.091796875,31351716
2024-12-09,20946.96875,21136.36328125,20833.333984375,20946.96875,21052284
2024-12-10,20984.84765625,21363.63671875,20909.091796875,21136.36328125,43149876
2024-12-11,21136.36328125,21325.7578125,20909.091796875,21022.7265625,22481580
2024-12-12,21022.7265625,21136.36328125,20719.697265625,20833.333984375,27673932
2024-12-13,20681.818359375,20757.576171875,20530.302734375,20606.060546875,22790988
2024-12-16,20606.060546875,20719.697265625,20340.908203125,20454.544921875,21981564
2024-12-17,20454.544921875,20530.302734375,20340.908203125,20454.544921875,14268408
2024-12-18,20454.544921875,20719.697265625,20416.666015625,20719.697265625,16888344
2024-12-19,20454.544921875,20568.181640625,20303.03125,20340.908203125,40037976
2024-12-20,20340.908203125,20416.666015625,20227.2734375,20227.2734375,18145908
2024-12-23,20265.15234375,20492.423828125,20265.15234375,20454.544921875,17026416
2024-12-24,20378.787109375,20378.787109375,20151.515625,20227.2734375,17770368
2024-12-25,20265.15234375,20568.181640625,20265.15234375,20568.181640625,22630476
2024-12-26,20568.181640625,20606.060546875,20340.908203125,20454.544921875,13167132
2024-12-27,20454.544921875,20454.544921875,20303.03125,20340.908203125,15033744
2024-12-30,20303.03125,20340.908203125,20189.39453125,20265.15234375,16062024
2024-12-31,20265.15234375,20265.15234375,20151.515625,20189.39453125,13526568
2025-01-01,20189.39453125,20189.39453125,20189.39453125,20189.39453125,0
2025-01-02,20227.2734375,20492.423828125,20227.2734375,20454.544921875,19748784
2025-01-03,20378.787109375,20454.544921875,20151.515625,20151.515625,17424132
2025-01-06,20151.515625,20227.2734375,19734.84765625,19734.84765625,20130660
2025-01-07,19810.60546875,20000.0,19734.84765625,19734.84765625,19007472
2025-01-08,19734.84765625,19886.36328125,19659.091796875,19886.36328125,17104032
2025-01-09,19924.2421875,19924.2421875,19621.212890625,19696.96875,12192708
2025-01-10,19696.96875,19772.7265625,19356.060546875,19356.060546875,18841152
2025-01-13,19356.060546875,19734.84765625,19280.302734375,19621.212890625,17920320
2025-01-14,19659.091796875,19696.96875,19545.455078125,19583.333984375,10112124
2025-01-15,19696.96875,19886.36328125,19621.212890625,19848.484375,14812512
2025-01-16,19696.96875,19886.36328125,19621.212890625,19848.484375,14812512
2025-01-17,19924.2421875,20075.7578125,19772.7265625,20075.7578125,18414132
2025-01-20,20075.7578125,20265.15234375,20037.87890625,20037.87890625,12743544
2025-01-21,20151.515625,20151.515625,19848.484375,19924.2421875,13756380
2025-01-22,20000.0,20000.0,19810.60546875,19810.60546875,13569600
2025-01-23,19848.484375,20265.15234375,19810.60546875,20189.39453125,20845440
2025-01-24,20189.39453125,20189.39453125,20037.87890625,20113.63671875,13729716
2025-01-27,20113.63671875,20113.63671875,20113.63671875,20113.63671875,0
2025-01-28,20113.63671875,20113.63671875,20113.63671875,20113.63671875,0
2025-01-29,20113.63671875,20113.63671875,20113.63671875,20113.63671875,0
2025-01-30,20113.63671875,20113.63671875,20113.63671875,20113.63671875,0
2025-01-31,20113.63671875,20113.63671875,20113.63671875,20113.63671875,0
2025-02-03,20075.7578125,20151.515625,19886.36328125,20000.0,22402644
2025-02-04,20075.7578125,20454.544921875,20037.87890625,20340.908203125,22912824
2025-02-05,20340.908203125,20454.544921875,20265.15234375,20303.03125,19095780
2025-02-06,20303.03125,20416.666015625,20265.15234375,20303.03125,17866200
2025-02-07,20303.03125,20303.03125,20151.515625,20189.39453125,16562568
2025-02-10,20075.7578125,20075.7578125,19242.423828125,19242.423828125,80647380
2025-02-11,19280.302734375,19772.7265625,19280.302734375,19772.7265625,38142720
2025-02-12,19848.484375,19848.484375,19583.333984375,19583.333984375,18019716
2025-02-13,19659.091796875,19696.96875,19583.333984375,19621.212890625,12538812
2025-02-14,19772.7265625,19924.2421875,19696.96875,19772.7265625,24526392
2025-02-17,19810.60546875,19886.36328125,19734.84765625,19810.60546875,18967608
2025-02-18,19962.12109375,20151.515625,19924.2421875,20113.63671875,32920140
2025-02-19,20151.515625,20151.515625,20000.0,20075.7578125,18021960
2025-02-20,20113.63671875,20151.515625,20075.7578125,20113.63671875,15721728
2025-02-21,20113.63671875,20151.515625,20000.0,20037.87890625,14604216
2025-02-24,21439.39453125,21439.39453125,20871.212890625,20984.84765625,97536252
2025-02-25,20909.091796875,20984.84765625,20606.060546875,20833.333984375,41679396
2025-02-26,20909.091796875,21174.2421875,20871.212890625,21022.7265625,42001872
2025-02-27,21060.60546875,21553.03125,20909.091796875,21553.03125,67479456
2025-02-28,21515.15234375,21515.15234375,21174.2421875,21212.12109375,31963008
2025-03-03,21250.0,21401.515625,21212.12109375,21250.0,27276084
2025-03-04,21250.0,21250.0,20946.96875,21098.484375,36199812
2025-03-05,21098.484375,21136.36328125,20871.212890625,20871.212890625,40108860
2025-03-06,20909.091796875,21174.2421875,20909.091796875,21174.2421875,48807792
2025-03-07,21212.12109375,21287.87890625,21022.7265625,21250.0,43733184
2025-03-10,21287.87890625,21363.63671875,21174.2421875,21174.2421875,31126260
2025-03-11,20909.091796875,21325.7578125,20909.091796875,21325.7578125,34436820
2025-03-12,21363.63671875,21363.63671875,21060.60546875,21060.60546875,27246912
2025-03-13,21098.484375,21250.0,20984.84765625,20984.84765625,32748408
2025-03-14,20984.84765625,21098.484375,20871.212890625,20871.212890625,24129468
2025-03-17,21136.36328125,21325.7578125,21022.7265625,21098.484375,26030004
2025-03-18,21136.36328125,21250.0,20909.091796875,20909.091796875,24739044
2025-03-19,20909.091796875,20909.091796875,20530.302734375,20643.939453125,50061792
2025-03-20,20681.818359375,20795.455078125,20492.423828125,20568.181640625,33029700
2025-03-21,20530.302734375,20643.939453125,20492.423828125,20568.181640625,24964104
2025-03-24,20568.181640625,20643.939453125,20378.787109375,20568.181640625,21423336
2025-03-25,20643.939453125,20757.576171875,20530.302734375,20606.060546875,26533320
2025-03-26,20606.060546875,21174.2421875,20568.181640625,20871.212890625,58053600
2025-03-27,20984.84765625,20984.84765625,20795.455078125,20833.333984375,15852804
2025-03-28,20795.455078125,20833.333984375,20530.302734375,20568.181640625,22532664
2025-03-31,20492.423828125,20530.302734375,20265.15234375,20265.15234375,35028048
2025-04-01,20303.03125,20492.423828125,20265.15234375,20454.544921875,18504288
2025-04-02,20568.181640625,20757.576171875,20530.302734375,20643.939453125,22156728
2025-04-03,19545.455078125,20037.87890625,19204.544921875,19204.544921875,106518456
2025-04-04,17878.787109375,18825.7578125,17878.787109375,18636.36328125,96599184
2025-04-07,18636.36328125,18636.36328125,18636.36328125,18636.36328125,0
2025-04-08,17803.03125,18181.818359375,17348.484375,17348.484375,46785156
2025-04-09,16136.36328125,16893.939453125,16136.36328125,16136.36328125,101846976
2025-04-10,17234.84765625,17234.84765625,17234.84765625,17234.84765625,4042368
2025-04-11,18333.333984375,18409.091796875,17803.03125,18409.091796875,100681284
2025-04-14,18787.87890625,19507.576171875,18750.0,19204.544921875,67589148
2025-04-15,19053.03125,19810.60546875,18977.2734375,19583.333984375,66753192
2025-04-16,19621.212890625,19696.96875,18977.2734375,19318.181640625,33930996
2025-04-17,19090.908203125,19393.939453125,18787.87890625,19318.181640625,32262120
2025-04-18,19431.818359375,19507.576171875,19280.302734375,19280.302734375,27410460
2025-04-21,19280.302734375,19280.302734375,18901.515625,18901.515625,22844184
2025-04-22,18787.87890625,19015.15234375,17727.2734375,18977.2734375,62630040
2025-04-23,19318.181640625,19469.697265625,19204.544921875,19356.060546875,29347164
2025-04-24,19469.697265625,19469.697265625,19090.908203125,19393.939453125,22719840
2025-04-25,19280.302734375,19469.697265625,19128.787109375,19469.697265625,32800680
2025-04-28,19469.697265625,19469.697265625,19204.544921875,19431.818359375,12879240
2025-04-29,19431.818359375,19469.697265625,19242.423828125,19318.181640625,19096968
2025-04-30,19318.181640625,19318.181640625,19318.181640625,19318.181640625,0
2025-05-01,19318.181640625,19318.181640625,19318.181640625,19318.181640625,0
2025-05-02,19318.181640625,19318.181640625,19318.181640625,19318.181640625,0
2025-05-05,19431.818359375,19507.576171875,19204.544921875,19469.697265625,16563756
2025-05-06,19431.818359375,19507.576171875,19204.544921875,19469.697265625,16563756
2025-05-07,19507.576171875,19734.84765625,19280.302734375,19280.302734375,27637236
2025-05-08,19204.544921875,19318.181640625,19204.544921875,19242.423828125,15182376
2025-05-09,19242.423828125,19583.333984375,19166.666015625,19469.697265625,26257704
2025-05-12,19356.060546875,19507.576171875,18750.0,19242.423828125,85450068
2025-05-13,19356.060546875,19507.576171875,18750.0,19242.423828125,85450068
2025-05-14,19393.939453125,19696.96875,19393.939453125,19545.455078125,26802072
2025-05-15,19621.212890625,20113.63671875,19583.333984375,19810.60546875,44977284
2025-05-16,19848.484375,19848.484375,19583.333984375,19810.60546875,29854044
2025-05-19,19507.576171875,19659.091796875,19356.060546875,19431.818359375,19794324
2025-05-20,19507.576171875,19659.091796875,19356.060546875,19431.818359375,19794324
2025-05-21,19393.939453125,19545.455078125,19393.939453125,19431.818359375,23032680
2025-05-22,19507.576171875,19772.7265625,19431.818359375,19507.576171875,26598660
2025-05-23,19507.576171875,19659.091796875,19356.060546875,19431.818359375,32160084
2025-05-26,19431.818359375,19431.818359375,18977.2734375,19356.060546875,36212616
2025-05-27,19431.818359375,19431.818359375,18977.2734375,19356.060546875,36212616
2025-05-28,19356.060546875,19810.60546875,19356.060546875,19356.060546875,35498496
2025-05-29,19507.576171875,19621.212890625,19356.060546875,19393.939453125,20598336
2025-05-30,19469.697265625,19545.455078125,19318.181640625,19356.060546875,21693012
2025-06-02,19393.939453125,19431.818359375,19204.544921875,19356.060546875,28951824
2025-06-03,19393.939453125,19431.818359375,19204.544921875,19356.060546875,28951824
2025-06-04,19545.455078125,19848.484375,19507.576171875,19696.96875,40970820
2025-06-05,19772.7265625,20000.0,19659.091796875,19659.091796875,33905124
2025-06-06,19696.96875,19734.84765625,19469.697265625,19507.576171875,24797916
2025-06-09,19772.7265625,20000.0,19659.091796875,19924.2421875,32984028
2025-06-10,19772.7265625,20000.0,19659.091796875,19924.2421875,32984028
2025-06-11,20075.7578125,20340.908203125,19848.484375,19848.484375,38822388
2025-06-12,19924.2421875,19962.12109375,19696.96875,19772.7265625,21843492
2025-06-13,19810.60546875,20530.302734375,19810.60546875,20303.03125,68927628
2025-06-16,19962.12109375,20454.544921875,19962.12109375,20265.15234375,39250332
2025-06-17,19962.12109375,20454.544921875,19962.12109375,20265.15234375,39250332
2025-06-18,20378.787109375,20530.302734375,20265.15234375,20340.908203125,35145792
2025-06-19,20378.787109375,20606.060546875,20303.03125,20568.181640625,41538024
2025-06-20,20568.181640625,20606.060546875,20303.03125,20378.787109375,30898824
2025-06-23,20340.908203125,20454.544921875,20151.515625,20340.908203125,29294496
2025-06-24,20340.908203125,20454.544921875,20151.515625,20340.908203125,29294496
2025-06-25,20492.423828125,20606.060546875,20416.666015625,20454.544921875,36788400
2025-06-26,20954.544921875,21045.455078125,20681.818359375,20727.2734375,42208100
2025-06-27,20954.544921875,21045.455078125,20681.818359375,20727.2734375,42208100
2025-06-30,20818.181640625,20863.63671875,20636.36328125,20636.36328125,21873830
2025-07-01,20818.181640625,20863.63671875,20636.36328125,20636.36328125,21873830
2025-07-02,20681.818359375,20818.181640625,20545.455078125,20590.908203125,21742600
2025-07-03,20590.908203125,20818.181640625,20500.0,20818.181640625,20792310
2025-07-04,20909.091796875,21500.0,20909.091796875,21000.0,46765950
2025-07-07,21545.455078125,21545.455078125,21272.7265625,21454.544921875,39599560
2025-07-08,21545.455078125,21545.455078125,21272.7265625,21454.544921875,39599560
2025-07-09,21500.0,22545.455078125,21409.091796875,22454.544921875,85224810
2025-07-10,22545.455078125,22818.181640625,22363.63671875,22500.0,47809190
2025-07-11,22590.908203125,22909.091796875,22318.181640625,22863.63671875,93810530
2025-07-14,23818.181640625,24045.455078125,23227.2734375,23409.091796875,54382350
2025-07-15,23818.181640625,24045.455078125,23227.2734375,23409.091796875,54382350
2025-07-16,23454.544921875,23636.36328125,23181.818359375,23181.818359375,51157700
2025-07-17,23136.36328125,23818.181640625,23090.908203125,23727.2734375,50482960
2025-07-18,23818.181640625,23954.544921875,23545.455078125,23636.36328125,61852560
2025-07-21,24000.0,24545.455078125,23727.2734375,23818.181640625,61350960
2025-07-22,24000.0,24545.455078125,23727.2734375,23818.181640625,61350960
2025-07-23,23772.7265625,24045.455078125,23636.36328125,24045.455078125,34654840
2025-07-24,24136.36328125,24500.0,24000.0,24000.0,47436400
2025-07-25,24000.0,24045.455078125,23545.455078125,23636.36328125,57098140
2025-07-28,23727.2734375,24409.091796875,23636.36328125,23954.544921875,109552080
2025-07-29,23727.2734375,24409.091796875,23636.36328125,23954.544921875,109552080
2025-07-30,24045.455078125,24181.818359375,23045.455078125,23045.455078125,90865280
2025-07-31,23272.7265625,23409.091796875,22818.181640625,23090.908203125,55204600
2025-08-01,23136.36328125,23272.7265625,22500.0,22681.818359375,93865750
2025-08-04,22818.181640625,23136.36328125,22681.818359375,23000.0,40763910
2025-08-05,22818.181640625,23136.36328125,22681.818359375,23000.0,40763910
2025-08-06,23136.36328125,24590.908203125,23136.36328125,24000.0,237599010
2025-08-07,24318.181640625,25181.818359375,24227.2734375,24636.36328125,105791620
2025-08-08,24863.63671875,25954.544921875,24545.455078125,25909.091796875,153031230
2025-08-11,25590.908203125,25863.63671875,25272.7265625,25590.908203125,73945300
2025-08-12,25590.908203125,25863.63671875,25272.7265625,25590.908203125,73945300
2025-08-13,25772.7265625,26454.544921875,25590.908203125,25909.091796875,92615490
2025-08-14,25954.544921875,26000.0,25318.181640625,25545.455078125,87741500
2025-08-15,25636.36328125,25863.63671875,25454.544921875,25636.36328125,83654890
2025-08-18,25727.2734375,26181.818359375,25636.36328125,25818.181640625,75948840
2025-08-19,25727.2734375,26181.818359375,25636.36328125,25818.181640625,75948840
2025-08-20,26000.0,26090.908203125,25545.455078125,25590.908203125,69324090
2025-08-21,25636.36328125,25681.818359375,24590.908203125,24909.091796875,111108140
2025-08-22,24954.544921875,25272.7265625,24818.181640625,24909.091796875,76979870
2025-08-25,24090.908203125,24318.181640625,23500.0,23590.908203125,75152110
2025-08-26,24090.908203125,24318.181640625,23500.0,23590.908203125,75152110
2025-08-27,23727.2734375,24727.2734375,23727.2734375,24727.2734375,57184820
2025-08-28,24772.7265625,24772.7265625,24318.181640625,24318.181640625,94591750
2025-08-29,24500.0,25000.0,24409.091796875,24636.36328125,69482930
2025-09-01,24636.36328125,24636.36328125,24636.36328125,24636.36328125,0
2025-09-02,24636.36328125,24636.36328125,24636.36328125,24636.36328125,0
2025-09-03,24909.091796875,26363.63671875,24772.7265625,25590.908203125,131052350
2025-09-04,24909.091796875,26363.63671875,24772.7265625,25590.908203125,131052350
2025-09-05,25863.63671875,27181.818359375,25772.7265625,27136.36328125,155578610
2025-09-08,26090.908203125,27045.455078125,26045.455078125,26272.7265625,155945240
2025-09-09,26090.908203125,27045.455078125,26045.455078125,26272.7265625,155945240
2025-09-10,26545.455078125,26590.908203125,25636.36328125,26227.2734375,81247320
2025-09-11,26227.2734375,26545.455078125,25818.181640625,26227.2734375,57701380
2025-09-12,26090.908203125,26545.455078125,25454.544921875,26500.0,78960090
2025-09-15,27500.0,28045.455078125,27363.63671875,27590.908203125,97812550
2025-09-16,27500.0,28045.455078125,27363.63671875,27590.908203125,97812550
2025-09-17,27772.7265625,27772.7265625,27045.455078125,27227.2734375,73541160
2025-09-18,27181.818359375,27500.0,26545.455078125,26545.455078125,136867060
2025-09-19,26681.818359375,26727.2734375,26000.0,26500.0,83255700
2025-09-22,26590.908203125,26590.908203125,25727.2734375,25818.181640625,72681180
2025-09-23,26590.908203125,26590.908203125,25727.2734375,25818.181640625,72681180
2025-09-24,25954.544921875,26227.2734375,25863.63671875,26045.455078125,27390000
2025-09-25,26045.455078125,26409.091796875,25681.818359375,26409.091796875,33812790
2025-09-26,26500.0,26636.36328125,26136.36328125,26181.818359375,37878940
2025-09-29,25954.544921875,26272.7265625,25818.181640625,26000.0,42714320
2025-09-30,25954.544921875,26272.7265625,25818.181640625,26000.0,42714320
2025-10-01,25954.544921875,26000.0,25363.63671875,25590.908203125,59110920
2025-10-02,25727.2734375,25909.091796875,25545.455078125,25727.2734375,32833350
2025-10-03,25772.7265625,26045.455078125,25500.0,25545.455078125,33182490
2025-10-06,25545.455078125,26545.455078125,25545.455078125,26545.455078125,78396450
2025-10-07,25545.455078125,26545.455078125,25545.455078125,26545.455078125,78396450
2025-10-08,26545.455078125,26681.818359375,26363.63671875,26363.63671875,45538460
2025-10-09,26590.908203125,26727.2734375,26136.36328125,26545.455078125,65948300
2025-10-10,26727.2734375,26727.2734375,26227.2734375,26318.181640625,46806870
2025-10-13,26409.091796875,26590.908203125,26227.2734375,26363.63671875,88261470
2025-10-14,26409.091796875,26590.908203125,26227.2734375,26363.63671875,88261470
2025-10-15,26409.091796875,26590.908203125,25727.2734375,25772.7265625,92738690
2025-10-16,25818.181640625,26090.908203125,25636.36328125,25681.818359375,38085520
2025-10-17,25681.818359375,26181.818359375,25454.544921875,25681.818359375,49186830
2025-10-20,25363.63671875,25681.818359375,23681.818359375,23681.818359375,113259410
2025-10-21,25363.63671875,25681.818359375,23681.818359375,23681.818359375,113259410
2025-10-22,23909.091796875,24545.455078125,23636.36328125,24363.63671875,81703380
2025-10-23,24454.544921875,24454.544921875,23772.7265625,24272.7265625,40995680
2025-10-24,24318.181640625,24545.455078125,24090.908203125,24090.908203125,25787740
2025-10-27,24318.181640625,24409.091796875,23863.63671875,23863.63671875,30129880
2025-10-28,24318.181640625,24409.091796875,23863.63671875,23863.63671875,30129880
2025-10-29,23954.544921875,24363.63671875,23772.7265625,24363.63671875,31363310
2025-10-30,24454.544921875,25045.455078125,24454.544921875,24772.7265625,43393790
2025-10-31,24909.091796875,24909.091796875,24454.544921875,24454.544921875,26062850
2025-11-03,24318.181640625,24454.544921875,23681.818359375,23681.818359375,31192260
2025-11-04,23772.7265625,24409.091796875,23590.908203125,24318.181640625,41543810
2025-11-05,23772.7265625,24409.091796875,23590.908203125,24318.181640625,41543810
2025-11-06,23954.544921875,24090.908203125,23727.2734375,23727.2734375,23328360
2025-11-07,23772.7265625,24136.36328125,23636.36328125,23681.818359375,60610220
2025-11-10,23818.181640625,24318.181640625,23727.2734375,24045.455078125,52819690
2025-11-11,24181.818359375,24454.544921875,24045.455078125,24181.818359375,34465310
2025-11-12,24227.2734375,24636.36328125,24227.2734375,24545.455078125,33729190
2025-11-13,24545.455078125,24590.908203125,24136.36328125,24136.36328125,20820250
2025-11-14,24090.908203125,24500.0,24090.908203125,24454.544921875,24323420
2025-11-17,24590.908203125,24863.63671875,24590.908203125,24818.181640625,35374130
2025-11-18,24772.7265625,25090.908203125,24681.818359375,25000.0,38531130
2025-11-19,25000.0,25772.7265625,24954.544921875,25090.908203125,61952770
2025-11-20,25181.818359375,25272.7265625,24681.818359375,24772.7265625,25354230
2025-11-21,24681.818359375,24954.544921875,24454.544921875,24909.091796875,24868690
2025-11-24,24909.091796875,25045.455078125,24636.36328125,24636.36328125,16178580
2025-11-25,24681.818359375,24863.63671875,24454.544921875,24454.544921875,26780820
2025-11-26,24500.0,24727.2734375,24409.091796875,24636.36328125,20924420
2025-11-27,24727.2734375,24818.181640625,24454.544921875,24454.544921875,15351820
2025-11-28,24454.544921875,24590.908203125,24136.36328125,24136.36328125,22868230
2025-12-01,24227.2734375,24318.181640625,24090.908203125,24090.908203125,21721810
2025-12-02,24136.36328125,24227.2734375,23818.181640625,24090.908203125,28680520
2025-12-03,24181.818359375,24409.091796875,24045.455078125,24363.63671875,23680360
2025-12-04,24500.0,24954.544921875,24454.544921875,24818.181640625,38589320
2025-12-05,24863.63671875,24863.63671875,24545.455078125,24545.455078125,19428310
2025-12-08,24454.544921875,24636.36328125,24318.181640625,24318.181640625,23601160
2025-12-09,24272.7265625,24454.544921875,24000.0,24000.0,43902980
2025-12-10,24227.2734375,24545.455078125,24181.818359375,24227.2734375,21678800
2025-12-11,24272.7265625,24454.544921875,24090.908203125,24136.36328125,18856420
2025-12-12,24181.818359375,24272.7265625,23636.36328125,23636.36328125,40797020
2025-12-15,23863.63671875,24000.0,23681.818359375,23863.63671875,26333340
2025-12-16,23954.544921875,24500.0,23863.63671875,24272.7265625,32262890
2025-12-17,24272.7265625,24272.7265625,24000.0,24000.0,18201260
2025-12-18,24272.7265625,24272.7265625,24000.0,24000.0,18201260
2025-12-19,24000.0,24272.7265625,24000.0,24272.7265625,32538660
2025-12-22,24272.7265625,24636.36328125,24181.818359375,24454.544921875,60368990
2025-12-23,24590.908203125,24727.2734375,24227.2734375,24318.181640625,32547350
2025-12-24,24409.091796875,24409.091796875,24090.908203125,24136.36328125,25450590
2025-12-25,24409.091796875,24409.091796875,24090.908203125,24136.36328125,25450590
2025-12-26,24636.36328125,25181.818359375,24227.2734375,24454.544921875,103438500
2025-12-29,24545.455078125,24545.455078125,24227.2734375,24272.7265625,18177720
2025-12-30,24272.7265625,24409.091796875,24090.908203125,24090.908203125,27040090
2025-12-31,24045.455078125,24181.818359375,23954.544921875,24000.0,22164670
2026-01-01,24000.0,24000.0,24000.0,24000.0,0
2026-01-02,24000.0,24000.0,24000.0,24000.0,0
2026-01-05,24000.0,24136.36328125,23363.63671875,23590.908203125,51136690
2026-01-06,23636.36328125,23818.181640625,23045.455078125,23590.908203125,43578260
2026-01-07,23590.908203125,24318.181640625,23590.908203125,24181.818359375,40974670
2026-01-08,24272.7265625,24363.63671875,24000.0,24000.0,41270460
2026-01-09,24363.63671875,24363.63671875,23818.181640625,23818.181640625,38598230
2026-01-12,23954.544921875,25090.908203125,23954.544921875,25000.0,91888390
2026-01-13,25227.2734375,25363.63671875,24545.455078125,24772.7265625,50355140
2026-01-14,24954.544921875,25090.908203125,24545.455078125,24772.7265625,59299130
2026-01-15,24772.7265625,25363.63671875,24772.7265625,25090.908203125,68131470
2026-01-16,25272.7265625,25681.818359375,24818.181640625,25090.908203125,72134700
2026-01-19,25363.63671875,25636.36328125,25136.36328125,25181.818359375,44512490
2026-01-20,25318.181640625,25409.091796875,24636.36328125,24772.7265625,48586560
2026-01-21,24681.818359375,24772.7265625,24227.2734375,24363.63671875,40957730
2026-01-22,24454.544921875,24818.181640625,24409.091796875,24409.091796875,30505860
2026-01-23,24636.36328125,24681.818359375,24318.181640625,24318.181640625,26656960
2026-01-26,24318.181640625,24363.63671875,23772.7265625,23909.091796875,37135230
2026-01-27,23954.544921875,24136.36328125,23818.181640625,24045.455078125,23115620
2026-01-28,24136.36328125,24636.36328125,24136.36328125,24272.7265625,32980970
2026-01-29,24363.63671875,24636.36328125,24363.63671875,24636.36328125,30369570
2026-01-30,24818.181640625,25000.0,24318.181640625,24363.63671875,44614240
2026-02-02,24363.63671875,24363.63671875,23863.63671875,24136.36328125,48426730
2026-02-03,24227.2734375,24636.36328125,24227.2734375,24318.181640625,35232890
2026-02-04,24409.091796875,26000.0,24409.091796875,25727.2734375,159959910
2026-02-05,25727.2734375,25772.7265625,25045.455078125,25045.455078125,36175810
2026-02-06,24863.63671875,25545.455078125,24363.63671875,24363.63671875,73780300
2026-02-09,24590.908203125,24818.181640625,24272.7265625,24318.181640625,26741440
2026-02-10,24454.544921875,24500.0,24000.0,24136.36328125,35797740
2026-02-11,24227.2734375,24636.36328125,24090.908203125,24409.091796875,29144720
2026-02-12,24545.455078125,24636.36328125,24318.181640625,24454.544921875,14450700
2026-02-13,24454.544921875,24681.818359375,24363.63671875,24409.091796875,26476780
2026-02-16,24409.091796875,24409.091796875,24409.091796875,24409.091796875,0
2026-02-17,24409.091796875,24409.091796875,24409.091796875,24409.091796875,0
2026-02-18,24409.091796875,24409.091796875,24409.091796875,24409.091796875,0
2026-02-19,24409.091796875,24409.091796875,24409.091796875,24409.091796875,0
2026-02-20,24409.091796875,24409.091796875,24409.091796875,24409.091796875,0
2026-02-23,24636.36328125,25000.0,24636.36328125,25000.0,39695150
2026-02-24,25000.0,25818.181640625,24863.63671875,25727.2734375,109448130
2026-02-25,25818.181640625,27000.0,25818.181640625,26636.36328125,150050120
2026-02-26,26818.181640625,26863.63671875,26181.818359375,26727.2734375,59946480
2026-02-27,26681.818359375,26727.2734375,26181.818359375,26181.818359375,52037150
2026-03-02,25636.36328125,26590.908203125,25500.0,25909.091796875,95597700
2026-03-03,25636.36328125,26590.908203125,25500.0,25909.091796875,95597700
2026-03-04,25090.908203125,25318.181640625,24363.63671875,25181.818359375,75103050
2026-03-05,25409.091796875,25590.908203125,24636.36328125,24772.7265625,52798790
2026-03-06,24545.455078125,25090.908203125,24409.091796875,24772.7265625,48786870
2026-03-09,23181.818359375,23772.7265625,23045.455078125,23045.455078125,133080090
2026-03-10,24363.63671875,24636.36328125,23772.7265625,24636.36328125,100360260
2026-03-11,24681.818359375,25136.36328125,24500.0,24909.091796875,54904520
2026-03-12,24545.455078125,24681.818359375,24227.2734375,24363.63671875,48450490
2026-03-13,24272.7265625,24727.2734375,24090.908203125,24227.2734375,31533150
2026-03-16,24227.2734375,24500.0,24136.36328125,24318.181640625,21868440
2026-03-17,24545.455078125,24863.63671875,24454.544921875,24454.544921875,26593930
2026-03-18,24454.544921875,24681.818359375,24227.2734375,24363.63671875,25364350
2026-03-19,24090.908203125,24409.091796875,23954.544921875,24272.7265625,40521030
2026-03-20,24090.908203125,24136.36328125,23545.455078125,23545.455078125,66974380
2026-03-23,23318.181640625,23818.181640625,22954.544921875,23181.818359375,48799190
2026-03-24,23636.36328125,23909.091796875,23500.0,23590.908203125,30556680
2026-03-25,23909.091796875,24000.0,23727.2734375,23954.544921875,25263810
2026-03-26,23909.091796875,23954.544921875,23545.455078125,23545.455078125,20266620
2026-03-27,23590.908203125,24272.7265625,23500.0,24090.908203125,29550070
2026-03-30,23772.7265625,24636.36328125,23590.908203125,24454.544921875,45403710
2026-03-31,24590.908203125,24772.7265625,24363.63671875,24454.544921875,25908300
2026-04-01,24863.63671875,24954.544921875,24636.36328125,24681.818359375,34654070
2026-04-02,24545.455078125,25000.0,24318.181640625,24863.63671875,55006270
2026-04-03,24863.63671875,24909.091796875,24181.818359375,24227.2734375,34521630
2026-04-06,24227.2734375,24636.36328125,24181.818359375,24409.091796875,21722910
2026-04-07,24363.63671875,24636.36328125,24318.181640625,24363.63671875,14481060
2026-04-08,25000.0,25500.0,24909.091796875,25454.544921875,74411260
2026-04-09,25363.63671875,26000.0,25136.36328125,25681.818359375,56768360
2026-04-10,26000.0,26000.0,25454.544921875,25454.544921875,39020740
2026-04-13,25318.181640625,25590.908203125,25272.7265625,25272.7265625,25305720
2026-04-14,25545.455078125,26181.818359375,25409.091796875,25954.544921875,68127620
2026-04-15,26090.908203125,26136.36328125,25500.0,25500.0,32728520
2026-04-16,25500.0,25636.36328125,25227.2734375,25409.091796875,30769310
2026-04-17,25409.091796875,25681.818359375,25363.63671875,25454.544921875,23539450
2026-04-20,25590.908203125,25863.63671875,25500.0,25863.63671875,29085870
2026-04-21,26500.0,26772.7265625,25909.091796875,25954.544921875,109612030
2026-04-22,25954.544921875,26090.908203125,25500.0,25636.36328125,30520160
2026-04-23,25636.36328125,25772.7265625,25090.908203125,25272.7265625,45247290
2026-04-24,25363.63671875,25409.091796875,25000.0,25363.63671875,25742200
2026-04-27,25363.63671875,25363.63671875,25363.63671875,25363.63671875,0
2026-04-28,25272.7265625,25454.544921875,25181.818359375,25227.2734375,15478650
2026-04-29,25136.36328125,25363.63671875,25090.908203125,25227.2734375,18963120
2026-04-30,25227.2734375,25227.2734375,25227.2734375,25227.2734375,0
2026-05-01,25227.2734375,25227.2734375,25227.2734375,25227.2734375,0
2026-05-04,25227.2734375,25409.091796875,24909.091796875,25090.908203125,35611730
2026-05-05,25136.36328125,25181.818359375,24727.2734375,24818.181640625,33762080
2026-05-06,24909.091796875,25272.7265625,24818.181640625,25090.908203125,30439200
2026-05-07,25272.7265625,25363.63671875,25090.908203125,25227.2734375,22382910
2026-05-08,25227.2734375,25363.63671875,25045.455078125,25318.181640625,22746020
2026-05-11,25000.0,25000.0,24545.455078125,24545.455078125,26023910
2026-05-12,24545.455078125,24727.2734375,24409.091796875,24454.544921875,21087990
2026-05-13,24500.0,24772.7265625,24363.63671875,24636.36328125,23699170
2026-05-14,24818.181640625,24909.091796875,24590.908203125,24590.908203125,15451810
2026-05-15,24590.908203125,24636.36328125,24045.455078125,24136.36328125,83422020
2026-05-18,24090.908203125,24272.7265625,23863.63671875,24045.455078125,30234050
2026-05-19,24090.908203125,24227.2734375,23863.63671875,23863.63671875,27623090
2026-05-20,23909.091796875,24000.0,23409.091796875,23818.181640625,45082180
2026-05-21,23954.544921875,24272.7265625,23909.091796875,24136.36328125,33618750
2026-05-22,24181.818359375,24227.2734375,23954.544921875,23954.544921875,28373400
2026-05-25,24250.0,24350.0,24100.0,24100.0,26989100
2026-05-26,24100.0,24250.0,24000.0,24250.0,20723700
2026-05-27,24400.0,24500.0,24150.0,24150.0,23114500
2026-05-28,24150.0,24250.0,24000.0,24000.0,15668300
2026-05-29,24050.0,24200.0,23900.0,24000.0,16365900
2026-06-01,24000.0,24150.0,23950.0,24050.0,9668300
2026-06-02,24000.0,24050.0,23700.0,23700.0,25529600
2026-06-03,23700.0,24150.0,23600.0,24150.0,20573500
2026-06-04,24150.0,24150.0,23900.0,23950.0,10065300
2026-06-05,23950.0,24050.0,23750.0,23750.0,13891200
2026-06-08,23650.0,23750.0,23300.0,23300.0,22769900
2026-06-09,23350.0,23550.0,23300.0,23550.0,12441700
2026-06-10,23550.0,23700.0,23450.0,23600.0,7505500
2026-06-11,23500.0,23550.0,23300.0,23300.0,10177700
2026-06-12,23550.0,23550.0,23200.0,23200.0,13271400
2026-06-15,23550.0,24350.0,23550.0,24350.0,30695200
2026-06-16,24250.0,24350.0,24100.0,24200.0,14145800
2026-06-17,24200.0,24300.0,24000.0,24000.0,19039000
2026-06-18,24050.0,24150.0,23650.0,23650.0,18040500
2026-06-19,23800.0,23900.0,23600.0,23600.0,20055700
2026-06-22,23700.0,23850.0,23600.0,23600.0,10684400
2026-06-23,23650.0,23700.0,23300.0,23300.0,29071800
2026-06-24,23400.0,23600.0,23300.0,23500.0,12927300
2026-06-25,23500.0,23600.0,23400.0,23400.0,7659100
2026-06-26,23400.0,23500.0,23350.0,23500.0,15468600
2026-06-29,23550.0,23650.0,23450.0,23650.0,14158200
2026-06-30,23700.0,23700.0,23250.0,23300.0,30593200
2026-07-01,23700.0,23700.0,23250.0,23300.0,30593200
2026-07-02,23500.0,23650.0,23350.0,23400.0,13367500
2026-07-03,23400.0,23500.0,23250.0,23250.0,15935100
2026-07-06,23400.0,23600.0,23000.0,23100.0,21299300
2026-07-07,23200.0,23250.0,23000.0,23100.0,13839600
2026-07-08,23150.0,23400.0,23050.0,23200.0,12499500
2026-07-09,23200.0,23250.0,23100.0,23200.0,11643400
2026-07-10,23200.0,23250.0,22950.0,22950.0,11906800
2026-07-13,22950.0,22950.0,22350.0,22400.0,32309000
2026-07-14,22300.0,22500.0,22000.0,22500.0,22481900
2026-07-15,22500.0,22600.0,22150.0,22400.0,21464500
2026-07-16,22300.0,22400.0,21800.0,22200.0,22880600
2026-07-17,22200.0,22350.0,21850.0,21850.0,17006300
2026-07-20,21750.0,21750.0,20500.0,20600.0,53245200
2026-07-21,20500.0,21150.0,20500.0,20800.0,27198700
2026-07-22,20900.0,21050.0,20500.0,20700.0,43471900
2026-07-23,20700.0,21000.0,20150.0,20800.0,36967600
2026-07-24,20700.0,21000.0,20600.0,20800.0,17632000
2026-07-27,20900.0,21000.0,20300.0,20350.0,18166800
2026-07-28,20150.0,21000.0,20100.0,21000.0,29151700
2026-07-29,21050.0,21650.0,20900.0,21650.0,36250000
2026-07-30,21650.0,22050.0,21500.0,21800.0,29968000
2026-07-31,21800.0,21850.0,21400.0,21700.0,24111500
2026-08-03,21700.0,22650.0,21650.0,22550.0,44448000
2026-08-04,22550.0,22600.0,22100.0,22150.0,22694000
2026-08-05,22350.0,22600.0,21950.0,22000.0,27963700
2026-08-06,22250.0,22300.0,21850.0,21850.0,14369400
2026-08-07,21900.0,22300.0,21750.0,22000.0,13018100
2026-08-10,22250.0,22300.0,21950.0,22100.0,16732700
2026-08-11,22200.0,22250.0,22050.0,22050.0,13694600
2026-08-12,22000.0,22350.0,21950.0,22100.0,15925100
2026-08-13,22200.0,22250.0,21700.0,21700.0,25702700
2026-08-14,21700.0,21800.0,21200.0,21250.0,27443600
2026-08-17,21250.0,21450.0,21050.0,21200.0,18455500
2026-08-18,21150.0,21400.0,21000.0,21000.0,16367500
2026-08-19,21100.0,21200.0,20900.0,21200.0,15312500
2026-08-20,21250.0,21450.0,21150.0,21150.0,15156400
2026-08-21,21150.0,21750.0,21050.0,21700.0,25138400
2026-08-24,22000.0,22300.0,21850.0,22250.0,28790200
2026-08-25,22250.0,22300.0,21800.0,21800.0,25844100
2026-08-26,21800.0,22100.0,21750.0,22050.0,19394800
2026-08-27,22050.0,22400.0,22050.0,22200.0,19201900
2026-08-28,22250.0,22350.0,22050.0,22100.0,17126700
2026-08-31,22100.0,22100.0,22100.0,22100.0,0
2026-09-01,22100.0,22100.0,22100.0,22100.0,0
2026-09-02,22100.0,22100.0,22100.0,22100.0,0
2026-09-03,22000.0,22000.0,21550.0,21600.0,26985600
2026-09-04,21750.0,21800.0,21600.0,21700.0,13920900
2026-09-07,21800.0,22150.0,21550.0,21550.0,19957800
2026-09-08,21550.0,21900.0,21550.0,21850.0,13387600
2026-09-09,21850.0,21850.0,21850.0,21850.0,0
2026-09-10,22000.0,22050.0,21800.0,21850.0,13391400
2026-09-11,21750.0,21800.0,21300.0,21300.0,22031700
2026-09-14,21300.0,21400.0,20850.0,20900.0,24046000
2026-09-15,21000.0,21200.0,21000.0,21200.0,11937200
2026-09-16,21200.0,21250.0,20950.0,20950.0,12277500
2026-09-17,20800.0,21400.0,20750.0,21200.0,17574100
2026-09-18,21450.0,21550.0,21300.0,21550.0,31124900
2026-09-21,21550.0,21600.0,21100.0,21100.0,15824000
2026-09-22,21150.0,21250.0,21100.0,21150.0,8104500
2026-09-23,21150.0,21200.0,21050.0,21050.0,10766000
2026-09-24,21050.0,21100.0,20800.0,20800.0,15528500
2026-09-25,20800.0,20950.0,20650.0,20650.0,14623900
2026-09-28,20750.0,20800.0,20150.0,20200.0,24184800
2026-09-29,20200.0,20400.0,20150.0,20300.0,18773900
2026-09-30,20300.0,20500.0,20150.0,20150.0,13350300
2026-10-01,20150.0,20250.0,20050.0,20050.0,11970080
