Date,Open,High,Low,Close,Volume
2021-10-01,11581.251953125,11602.0068359375,11311.4375,11394.45703125,32610081
2021-10-04,11394.45703125,11415.2119140625,11166.1533203125,11249.1728515625,1879490387
2021-10-05,11228.41796875,11373.7021484375,11228.41796875,11373.7021484375,22797232
2021-10-06,11373.7021484375,11373.7021484375,11373.7021484375,11373.7021484375,0
2021-10-07,11581.251953125,11581.251953125,11435.9677734375,11477.4775390625,15509566
2021-10-08,11477.4775390625,11477.4775390625,11477.4775390625,11477.4775390625,0
2021-10-11,11477.4775390625,11477.4775390625,11477.4775390625,11477.4775390625,0
2021-10-12,12100.125,12100.125,11851.06640625,11934.0859375,35836061
2021-10-13,12079.3701171875,12079.3701171875,11871.8212890625,11871.8212890625,23552715
2021-10-14,11871.8212890625,11871.8212890625,11871.8212890625,11871.8212890625,0
2021-10-15,11934.0859375,11934.0859375,11768.0458984375,11788.80078125,19729046
2021-10-18,11788.80078125,11788.80078125,11788.80078125,11788.80078125,0
2021-10-19,11830.310546875,11830.310546875,11664.271484375,11705.78125,18524272
2021-10-20,11830.310546875,11830.310546875,11539.7421875,11705.78125,21531991
2021-10-21,11830.310546875,11830.310546875,11581.251953125,11581.251953125,24561873
2021-10-22,11685.0263671875,11685.0263671875,11560.4970703125,11581.251953125,18258070
2021-10-25,11581.251953125,11581.251953125,11581.251953125,11581.251953125,0
2021-10-26,11581.251953125,11581.251953125,11581.251953125,11581.251953125,0
2021-10-27,11581.251953125,11581.251953125,11581.251953125,11581.251953125,0
2021-10-28,11892.576171875,11892.576171875,11768.0458984375,11830.310546875,21156176
2021-10-29,11830.310546875,11871.8212890625,11705.78125,11830.310546875,25763756
2021-11-01,11830.310546875,11830.310546875,11830.310546875,11830.310546875,0
2021-11-02,11747.291015625,11788.80078125,11726.5361328125,11830.310546875,20725435
2021-11-03,11788.80078125,12245.4091796875,11788.80078125,12100.125,66121634
2021-11-04,12141.634765625,12183.14453125,11975.595703125,11996.3505859375,25995990
2021-11-05,12017.10546875,12017.10546875,11871.8212890625,11892.576171875,19451039
2021-11-08,11892.576171875,11954.8408203125,11788.80078125,11830.310546875,32781365
2021-11-09,11871.8212890625,12017.10546875,11830.310546875,11871.8212890625,29784969
2021-11-10,11954.8408203125,11954.8408203125,11851.06640625,11871.8212890625,25531040
2021-11-11,11871.8212890625,11871.8212890625,11622.76171875,11664.271484375,30985406
2021-11-12,11622.76171875,11851.06640625,11622.76171875,11851.06640625,22827104
2021-11-15,11913.3310546875,12037.8603515625,11809.5556640625,11871.8212890625,30381213
2021-11-16,11954.8408203125,12017.10546875,11830.310546875,11892.576171875,33451567
2021-11-17,11892.576171875,11913.3310546875,11788.80078125,11913.3310546875,16695791
2021-11-18,11913.3310546875,11913.3310546875,11747.291015625,11747.291015625,22492967
2021-11-19,11705.78125,12017.10546875,11622.76171875,11747.291015625,44019899
2021-11-22,11809.5556640625,12245.4091796875,11788.80078125,12120.8798828125,56488984
2021-11-23,12183.14453125,12203.8994140625,11975.595703125,11996.3505859375,23734118
2021-11-24,11996.3505859375,12826.5478515625,11934.0859375,12826.5478515625,103601401
2021-11-25,12992.5869140625,13054.8515625,12764.283203125,12826.5478515625,49845984
2021-11-26,12909.5673828125,12930.322265625,12515.2236328125,12577.48828125,40396664
2021-11-29,12328.4296875,12432.2041015625,12203.8994140625,12369.939453125,41179369
2021-11-30,12515.2236328125,12535.978515625,11996.3505859375,12037.8603515625,49684577
2021-12-01,12037.8603515625,12245.4091796875,11954.8408203125,12245.4091796875,25417091
2021-12-02,12307.6748046875,12328.4296875,12079.3701171875,12079.3701171875,17612440
2021-12-03,12162.3896484375,12203.8994140625,11747.291015625,11747.291015625,29975044
2021-12-06,11747.291015625,11851.06640625,11207.6630859375,11415.2119140625,39356670
2021-12-07,11498.232421875,11705.78125,11477.4775390625,11685.0263671875,18702061
2021-12-08,11705.78125,11913.3310546875,11643.5166015625,11788.80078125,17724703
2021-12-09,11664.271484375,11871.8212890625,11664.271484375,11851.06640625,11054722
2021-12-10,11892.576171875,11913.3310546875,11726.5361328125,11768.0458984375,15240474
2021-12-13,11768.0458984375,11830.310546875,11747.291015625,11788.80078125,21347215
2021-12-14,11768.0458984375,11871.8212890625,11705.78125,11726.5361328125,14772874
2021-12-15,11726.5361328125,11892.576171875,11705.78125,11830.310546875,15430308
2021-12-16,11954.8408203125,11954.8408203125,11705.78125,11726.5361328125,13625195
2021-12-17,11747.291015625,11788.80078125,11664.271484375,11705.78125,17040287
2021-12-20,11705.78125,11726.5361328125,11581.251953125,11581.251953125,17951637
2021-12-21,11664.271484375,11705.78125,11560.4970703125,11602.0068359375,15345750
2021-12-22,11602.0068359375,11643.5166015625,11435.9677734375,11477.4775390625,20868534
2021-12-23,11539.7421875,11560.4970703125,11249.1728515625,11332.1923828125,24433470
2021-12-24,11311.4375,11685.0263671875,11311.4375,11685.0263671875,16411280
2021-12-27,11747.291015625,11788.80078125,11581.251953125,11685.0263671875,9316580
2021-12-28,11768.0458984375,11788.80078125,11643.5166015625,11747.291015625,15143629
2021-12-29,11809.5556640625,11975.595703125,11726.5361328125,11747.291015625,22240256
2021-12-30,11871.8212890625,11934.0859375,11747.291015625,11809.5556640625,11921985
2021-12-31,11913.3310546875,12183.14453125,11830.310546875,11996.3505859375,31300512
2022-01-03,11996.3505859375,11996.3505859375,11996.3505859375,11996.3505859375,0
2022-01-04,12120.8798828125,12203.8994140625,12058.615234375,12079.3701171875,21857214
2022-01-05,12079.3701171875,12100.125,11892.576171875,11913.3310546875,21958395
2022-01-06,11830.310546875,11871.8212890625,11685.0263671875,11768.0458984375,26246774
2022-01-07,11768.0458984375,11975.595703125,11747.291015625,11871.8212890625,22949244
2022-01-10,11851.06640625,11934.0859375,11664.271484375,11664.271484375,21520427
2022-01-11,11726.5361328125,11830.310546875,11581.251953125,11581.251953125,16477288
2022-01-12,11705.78125,12120.8798828125,11643.5166015625,12120.8798828125,36832932
2022-01-13,12328.4296875,12805.79296875,12266.1650390625,12328.4296875,83718898
2022-01-14,12245.4091796875,12515.2236328125,12141.634765625,12307.6748046875,22819395
2022-01-17,12328.4296875,12764.283203125,12245.4091796875,12245.4091796875,70899535
2022-01-18,12328.4296875,12598.2431640625,12245.4091796875,12411.44921875,34539261
2022-01-19,12535.978515625,12785.0380859375,12286.919921875,12286.919921875,29842786
2022-01-20,12328.4296875,12660.5078125,12141.634765625,12535.978515625,37654906
2022-01-21,12535.978515625,13407.685546875,12494.46875,13200.13671875,122708426
2022-01-24,13220.8916015625,13698.2548828125,13137.8720703125,13324.666015625,77393413
2022-01-25,13283.15625,13573.7255859375,13241.646484375,13532.2158203125,47790569
2022-01-26,13677.5,14071.84375,13615.2353515625,13822.7841796875,66771841
2022-01-27,13698.2548828125,13843.5390625,13511.4609375,13698.2548828125,42547719
2022-01-28,13822.7841796875,14196.373046875,13781.2744140625,13988.82421875,57883110
2022-01-31,13988.82421875,13988.82421875,13988.82421875,13988.82421875,0
2022-02-01,13988.82421875,13988.82421875,13988.82421875,13988.82421875,0
2022-02-02,13988.82421875,13988.82421875,13988.82421875,13988.82421875,0
2022-02-03,13988.82421875,13988.82421875,13988.82421875,13988.82421875,0
2022-02-04,13988.82421875,13988.82421875,13988.82421875,13988.82421875,0
2022-02-07,14237.8828125,14320.90234375,13926.5595703125,14030.333984375,40475199
2022-02-08,13947.314453125,14175.6181640625,13822.7841796875,14030.333984375,44960639
2022-02-09,14030.333984375,14175.6181640625,13822.7841796875,13822.7841796875,50797083
2022-02-10,13781.2744140625,14196.373046875,13719.009765625,14009.5791015625,57079927
2022-02-11,14009.5791015625,14175.6181640625,13988.82421875,14092.5986328125,34119360
2022-02-14,13905.8037109375,14030.333984375,13283.15625,13283.15625,65806769
2022-02-15,13283.15625,13283.15625,13283.15625,13283.15625,0
2022-02-16,13677.5,13719.009765625,13386.9306640625,13552.970703125,22430813
2022-02-17,13552.970703125,13781.2744140625,13532.2158203125,13781.2744140625,22488149
2022-02-18,13656.7451171875,13719.009765625,13511.4609375,13552.970703125,30066348
2022-02-21,13532.2158203125,13656.7451171875,13220.8916015625,13552.970703125,45344885
2022-02-22,13490.705078125,14279.392578125,13324.666015625,14279.392578125,90239757
2022-02-23,14362.4130859375,14486.9423828125,14175.6181640625,14258.6376953125,41713941
2022-02-24,14113.353515625,14445.4326171875,13781.2744140625,14113.353515625,71822930
2022-02-25,14300.1474609375,14486.9423828125,14154.86328125,14154.86328125,40484354
2022-02-28,14134.1083984375,14445.4326171875,14113.353515625,14279.392578125,30762809
2022-03-01,14362.4130859375,14486.9423828125,14051.0888671875,14113.353515625,39314511
2022-03-02,14030.333984375,14030.333984375,13449.1953125,13490.705078125,124361768
2022-03-03,13656.7451171875,13822.7841796875,13117.1171875,13739.7646484375,72241625
2022-03-04,13698.2548828125,13822.7841796875,13532.2158203125,13656.7451171875,26984189
2022-03-07,13366.17578125,13552.970703125,13283.15625,13366.17578125,45530865
2022-03-08,13200.13671875,13283.15625,12868.0576171875,12868.0576171875,61755925
2022-03-09,12868.0576171875,12992.5869140625,12556.7333984375,12764.283203125,58087881
2022-03-10,12992.5869140625,13179.3818359375,12868.0576171875,12888.8125,28586458
2022-03-11,12888.8125,13158.626953125,12888.8125,13054.8515625,27135960
2022-03-14,13075.6064453125,13283.15625,12951.0771484375,13137.8720703125,38500247
2022-03-15,13241.646484375,13241.646484375,13013.341796875,13117.1171875,20956706
2022-03-16,13345.4208984375,13449.1953125,13241.646484375,13324.666015625,27044897
2022-03-17,13469.9501953125,13594.48046875,13366.17578125,13386.9306640625,24673653
2022-03-18,13490.705078125,13511.4609375,13283.15625,13324.666015625,23958884
2022-03-21,13407.685546875,13407.685546875,13200.13671875,13366.17578125,28166558
2022-03-22,13366.17578125,13573.7255859375,13366.17578125,13469.9501953125,26516589
2022-03-23,13490.705078125,13573.7255859375,13345.4208984375,13345.4208984375,21922259
2022-03-24,13303.9111328125,13428.4404296875,13283.15625,13303.9111328125,19549088
2022-03-25,13303.9111328125,13366.17578125,13200.13671875,13200.13671875,19498498
2022-03-28,13200.13671875,13262.4013671875,12909.5673828125,13075.6064453125,31203668
2022-03-29,13137.8720703125,13283.15625,13075.6064453125,13283.15625,17982714
2022-03-30,13241.646484375,13864.2939453125,13200.13671875,13552.970703125,72602262
2022-03-31,13552.970703125,13739.7646484375,13552.970703125,13677.5,30890489
2022-04-01,13698.2548828125,13905.8037109375,13615.2353515625,13822.7841796875,39175267
2022-04-04,14009.5791015625,14009.5791015625,13698.2548828125,13698.2548828125,29373500
2022-04-05,13677.5,13781.2744140625,13552.970703125,13552.970703125,24012365
2022-04-06,13552.970703125,13905.8037109375,13490.705078125,13843.5390625,40441713
2022-04-07,13926.5595703125,14279.392578125,13905.8037109375,13988.82421875,58076558
2022-04-08,14009.5791015625,14113.353515625,13739.7646484375,13781.2744140625,27535142
2022-04-11,13781.2744140625,13781.2744140625,13781.2744140625,13781.2744140625,0
2022-04-12,13781.2744140625,13802.029296875,13366.17578125,13386.9306640625,36966154
2022-04-13,13386.9306640625,13615.2353515625,13366.17578125,13532.2158203125,32669344
2022-04-14,13573.7255859375,13656.7451171875,13407.685546875,13407.685546875,19047521
2022-04-15,13407.685546875,13428.4404296875,12992.5869140625,13034.0966796875,36402432
2022-04-18,12992.5869140625,12992.5869140625,12515.2236328125,12577.48828125,43103972
2022-04-19,12660.5078125,12805.79296875,12162.3896484375,12162.3896484375,30718000
2022-04-20,12203.8994140625,12473.7138671875,12100.125,12245.4091796875,31407957
2022-04-21,12245.4091796875,12681.263671875,12079.3701171875,12452.958984375,30365795
2022-04-22,12577.48828125,12785.0380859375,12369.939453125,12452.958984375,27592237
2022-04-25,12535.978515625,12660.5078125,11581.251953125,11664.271484375,39023737
2022-04-26,11622.76171875,12224.654296875,11207.6630859375,12183.14453125,35608886
2022-04-27,12141.634765625,12349.1845703125,11975.595703125,12328.4296875,17283362
2022-04-28,12369.939453125,12411.44921875,12203.8994140625,12224.654296875,15095448
2022-04-29,12183.14453125,12411.44921875,12162.3896484375,12369.939453125,20445261
2022-05-02,12369.939453125,12369.939453125,12369.939453125,12369.939453125,0
2022-05-03,12369.939453125,12369.939453125,12369.939453125,12369.939453125,0
2022-05-04,12369.939453125,12390.6943359375,11996.3505859375,11996.3505859375,18970912
2022-05-05,12162.3896484375,12162.3896484375,11726.5361328125,12037.8603515625,16633155
2022-05-06,11830.310546875,11954.8408203125,11622.76171875,11622.76171875,21324811
2022-05-09,11456.72265625,11539.7421875,10854.8291015625,10875.583984375,37934116
2022-05-10,10709.544921875,11228.41796875,10418.9755859375,11228.41796875,26118370
2022-05-11,11228.41796875,11415.2119140625,11083.1337890625,11415.2119140625,13886579
2022-05-12,11207.6630859375,11332.1923828125,10647.2802734375,10647.2802734375,24532964
2022-05-13,10792.564453125,10875.583984375,10003.876953125,10003.876953125,38863534
2022-05-16,10460.4853515625,10522.75,10169.916015625,10211.4267578125,17784688
2022-05-17,10232.181640625,10917.09375,10190.671875,10917.09375,19514398
2022-05-18,11124.6435546875,11415.2119140625,10958.603515625,11062.37890625,20899370
2022-05-19,10875.583984375,11228.41796875,10792.564453125,11103.888671875,15050639
2022-05-20,11124.6435546875,11311.4375,11041.6240234375,11207.6630859375,12153256
2022-05-23,11207.6630859375,11249.1728515625,10834.07421875,10917.09375,15104843
2022-05-24,11000.11328125,11145.3984375,10854.8291015625,11145.3984375,16117856
2022-05-25,11207.6630859375,11726.5361328125,11207.6630859375,11643.5166015625,26298087
2022-05-26,11747.291015625,11747.291015625,11477.4775390625,11477.4775390625,17491746
2022-05-27,11498.232421875,11685.0263671875,11435.9677734375,11622.76171875,20173277
2022-05-30,11726.5361328125,11726.5361328125,11581.251953125,11664.271484375,19122925
2022-05-31,11622.76171875,11622.76171875,11415.2119140625,11518.9873046875,12734081
2022-06-01,11456.72265625,11622.76171875,11435.9677734375,11456.72265625,9464497
2022-06-02,11456.72265625,11456.72265625,11456.72265625,11456.72265625,0
2022-06-03,11311.4375,11373.7021484375,11062.37890625,11373.7021484375,12453425
2022-06-06,11373.7021484375,11435.9677734375,11166.1533203125,11311.4375,16723495
2022-06-07,11332.1923828125,11332.1923828125,10958.603515625,11186.908203125,13310571
2022-06-08,11290.6826171875,11664.271484375,11186.908203125,11602.0068359375,28477810
2022-06-09,11685.0263671875,11685.0263671875,11415.2119140625,11539.7421875,10924873
2022-06-10,11415.2119140625,11622.76171875,11394.45703125,11415.2119140625,11302855
2022-06-13,11124.6435546875,11124.6435546875,10626.525390625,10647.2802734375,38819930
2022-06-14,10377.4658203125,10751.0546875,10377.4658203125,10585.0146484375,21047768
2022-06-15,10481.240234375,10585.0146484375,10045.38671875,10335.9560546875,37558302
2022-06-16,10377.4658203125,10543.5048828125,10335.9560546875,10335.9560546875,17155681
2022-06-17,9817.0830078125,10003.876953125,9630.2880859375,9671.7978515625,50444637
2022-06-20,9671.7978515625,9817.0830078125,9069.9052734375,9339.71875,23304822
2022-06-21,9339.71875,9505.7587890625,9152.9248046875,9318.9638671875,15057626
2022-06-22,9401.984375,9920.857421875,9401.984375,9734.0625,25212080
2022-06-23,9651.04296875,9983.1220703125,9651.04296875,9983.1220703125,13585445
2022-06-24,10045.38671875,10045.38671875,9837.837890625,9837.837890625,9281649
2022-06-27,9879.34765625,10045.38671875,9796.328125,10003.876953125,13458247
2022-06-28,9837.837890625,10460.4853515625,9817.0830078125,10252.9365234375,29857000
2022-06-29,10190.671875,10418.9755859375,10107.6513671875,10252.9365234375,20657500
2022-06-30,10273.69140625,10335.9560546875,10045.38671875,10045.38671875,17302152
2022-07-01,9858.5927734375,10128.40625,9734.0625,10045.38671875,18204107
2022-07-04,10107.6513671875,10232.181640625,10003.876953125,10211.4267578125,15226019
2022-07-05,10232.181640625,10709.544921875,10169.916015625,10564.259765625,39745975
2022-07-06,10377.4658203125,10605.7705078125,10315.201171875,10335.9560546875,18012345
2022-07-07,10335.9560546875,10522.75,10169.916015625,10418.9755859375,15833827
2022-07-08,10501.9951171875,10501.9951171875,10356.7109375,10398.220703125,13363811
2022-07-11,10335.9560546875,10398.220703125,10086.896484375,10128.40625,19919844
2022-07-12,10128.40625,10128.40625,10128.40625,10128.40625,0
2022-07-13,10501.9951171875,10688.7900390625,10418.9755859375,10501.9951171875,23257845
2022-07-14,10439.73046875,10605.7705078125,10439.73046875,10585.0146484375,17527641
2022-07-15,10585.0146484375,10668.03515625,10543.5048828125,10564.259765625,19501871
2022-07-18,10585.0146484375,10668.03515625,10543.5048828125,10543.5048828125,14786847
2022-07-19,10522.75,10543.5048828125,10377.4658203125,10460.4853515625,11432222
2022-07-20,10585.0146484375,10647.2802734375,10543.5048828125,10605.7705078125,16578710
2022-07-21,10585.0146484375,10688.7900390625,10585.0146484375,10626.525390625,16094729
2022-07-22,10626.525390625,10751.0546875,10605.7705078125,10605.7705078125,17068473
2022-07-25,10564.259765625,10605.7705078125,10460.4853515625,10481.240234375,8758882
2022-07-26,10481.240234375,10564.259765625,10418.9755859375,10439.73046875,8644451
2022-07-27,10377.4658203125,10418.9755859375,10273.69140625,10335.9560546875,13830688
2022-07-28,10481.240234375,10688.7900390625,10418.9755859375,10605.7705078125,22487426
2022-07-29,10668.03515625,10688.7900390625,10585.0146484375,10647.2802734375,17869728
2022-08-01,10668.03515625,11000.11328125,10647.2802734375,11000.11328125,28910719
2022-08-02,10979.3583984375,11145.3984375,10917.09375,11083.1337890625,26286523
2022-08-03,11041.6240234375,11166.1533203125,10875.583984375,11166.1533203125,23828794
2022-08-04,11186.908203125,11290.6826171875,11124.6435546875,11186.908203125,26958893
2022-08-05,11166.1533203125,11186.908203125,11020.869140625,11186.908203125,18048722
2022-08-08,11207.6630859375,11290.6826171875,11124.6435546875,11249.1728515625,21811201
2022-08-09,11373.7021484375,11456.72265625,11290.6826171875,11352.947265625,25544049
2022-08-10,11373.7021484375,11394.45703125,11249.1728515625,11290.6826171875,15337800
2022-08-11,11394.45703125,11415.2119140625,11103.888671875,11124.6435546875,27055497
2022-08-12,11124.6435546875,11249.1728515625,11083.1337890625,11228.41796875,10722270
2022-08-15,11332.1923828125,11456.72265625,11311.4375,11352.947265625,19528852
2022-08-16,11332.1923828125,11373.7021484375,11269.927734375,11311.4375,16954765
2022-08-17,11332.1923828125,11560.4970703125,11332.1923828125,11518.9873046875,37110698
2022-08-18,11498.232421875,11560.4970703125,11435.9677734375,11477.4775390625,21807347
2022-08-19,11498.232421875,11498.232421875,11415.2119140625,11456.72265625,21982968
2022-08-22,11606.158203125,11680.8759765625,11456.72265625,11506.5341796875,21350949
2022-08-23,11357.0986328125,11581.251953125,11357.0986328125,11556.345703125,11302333
2022-08-24,11581.251953125,11655.9697265625,11531.4404296875,11606.158203125,14566216
2022-08-25,11655.9697265625,11780.4990234375,11581.251953125,11780.4990234375,23090295
2022-08-26,11830.310546875,11905.0283203125,11755.5927734375,11755.5927734375,20142000
2022-08-29,11481.6279296875,11705.78125,11406.91015625,11655.9697265625,24013369
2022-08-30,11730.6875,11905.0283203125,11680.8759765625,11780.4990234375,18558440
2022-08-31,11780.4990234375,11929.9345703125,11730.6875,11830.310546875,13903121
2022-09-01,11830.310546875,11830.310546875,11830.310546875,11830.310546875,0
2022-09-02,11830.310546875,11830.310546875,11830.310546875,11830.310546875,0
2022-09-05,11805.4052734375,11905.0283203125,11730.6875,11755.5927734375,12806996
2022-09-06,11755.5927734375,11905.0283203125,11730.6875,11780.4990234375,13830648
2022-09-07,11805.4052734375,11855.216796875,11456.72265625,11456.72265625,34948721
2022-09-08,11506.5341796875,11581.251953125,11332.1923828125,11357.0986328125,15981141
2022-09-09,11431.81640625,11431.81640625,11083.1337890625,11307.287109375,17364346
2022-09-12,11456.72265625,11456.72265625,11257.474609375,11257.474609375,6048963
2022-09-13,11282.380859375,11332.1923828125,11207.6630859375,11232.5693359375,10368419
2022-09-14,10983.509765625,11182.7568359375,10958.603515625,11157.8515625,13703771
2022-09-15,11182.7568359375,11232.5693359375,10983.509765625,11033.3212890625,7203107
2022-09-16,11083.1337890625,11132.9453125,10834.07421875,10858.98046875,14084403
2022-09-19,10809.16796875,10858.98046875,10460.4853515625,10460.4853515625,16686797
2022-09-20,10634.8271484375,10634.8271484375,10435.580078125,10634.8271484375,10371229
2022-09-21,10560.109375,10560.109375,10435.580078125,10560.109375,8079605
2022-09-22,10460.4853515625,10585.0146484375,10385.767578125,10585.0146484375,10697658
2022-09-23,10560.109375,10634.8271484375,10460.4853515625,10460.4853515625,7465695
2022-09-26,10261.23828125,10410.673828125,9912.5556640625,10012.1787109375,20450561
2022-09-27,10136.708984375,10136.708984375,9962.3671875,10061.9912109375,7985451
2022-09-28,9962.3671875,10086.896484375,9937.4609375,9937.4609375,7031059
2022-09-29,10061.9912109375,10086.896484375,9862.7431640625,9862.7431640625,8664607
2022-09-30,9812.931640625,9962.3671875,9613.6845703125,9962.3671875,15117290
2022-10-03,9912.5556640625,9912.5556640625,9265.0009765625,9314.8134765625,18203504
2022-10-04,9563.8720703125,9563.8720703125,9215.189453125,9364.625,16854628
2022-10-05,9514.060546875,9688.40234375,9489.154296875,9563.8720703125,10096194
2022-10-06,9538.966796875,9538.966796875,8991.0361328125,9015.9423828125,15105646
2022-10-07,8741.9775390625,8866.5068359375,8393.2939453125,8443.1064453125,82647626
2022-10-10,8443.1064453125,8667.259765625,8243.8583984375,8592.5419921875,22823892
2022-10-11,8617.447265625,8617.447265625,7994.7998046875,7994.7998046875,38939942
2022-10-12,8044.611328125,8542.7294921875,8044.611328125,8542.7294921875,24663214
2022-10-13,8542.7294921875,8741.9775390625,8468.01171875,8667.259765625,13672051
2022-10-14,8916.318359375,9115.56640625,8766.8828125,8866.5068359375,24379145
2022-10-17,8816.6953125,8866.5068359375,8517.82421875,8717.0712890625,19580286
2022-10-18,8941.224609375,9065.75390625,8692.1650390625,8741.9775390625,19188612
2022-10-19,8816.6953125,8866.5068359375,8592.5419921875,8717.0712890625,11222031
2022-10-20,8692.1650390625,8717.0712890625,8542.7294921875,8542.7294921875,13616844
2022-10-21,8592.5419921875,8592.5419921875,8019.70556640625,8019.70556640625,27585010
2022-10-24,8119.3291015625,8194.046875,7695.9287109375,7770.646484375,34967793
2022-10-25,7845.3642578125,8293.6708984375,7720.83447265625,8169.14111328125,32193352
2022-10-26,8169.14111328125,8368.388671875,8094.42333984375,8169.14111328125,14584686
2022-10-27,8218.953125,8717.0712890625,8218.953125,8717.0712890625,26295156
2022-10-28,8866.5068359375,9040.8486328125,8667.259765625,8791.7890625,28006797
2022-10-31,8816.6953125,8916.318359375,8468.01171875,8816.6953125,24483940
2022-11-01,8966.130859375,9165.3779296875,8891.4130859375,8966.130859375,41864748
2022-11-02,8966.130859375,9065.75390625,8866.5068359375,8916.318359375,20502757
2022-11-03,8791.7890625,8966.130859375,8766.8828125,8791.7890625,17876675
2022-11-04,8642.353515625,8916.318359375,8218.953125,8916.318359375,50149727
2022-11-07,8766.8828125,8841.6005859375,8443.1064453125,8443.1064453125,23256922
2022-11-08,8343.482421875,8692.1650390625,8268.7646484375,8567.6357421875,17504675
2022-11-09,8617.447265625,8741.9775390625,8418.2001953125,8443.1064453125,16938745
2022-11-10,8393.2939453125,8418.2001953125,7870.27001953125,7870.27001953125,40223572
2022-11-11,8094.42333984375,8318.576171875,7944.98779296875,7969.8935546875,24036656
2022-11-14,7944.98779296875,7944.98779296875,7521.58740234375,7571.39892578125,24148678
2022-11-15,7471.775390625,7571.39892578125,7048.375,7048.375,47139599
2022-11-16,6699.69189453125,7521.58740234375,6575.162109375,7521.58740234375,52377109
2022-11-17,7646.11669921875,7920.08203125,7521.58740234375,7820.4580078125,29759393
2022-11-18,7720.83447265625,8069.517578125,7471.775390625,7820.4580078125,25896857
2022-11-21,7920.08203125,8019.70556640625,7770.646484375,7820.4580078125,21537250
2022-11-22,7820.4580078125,8194.046875,7770.646484375,7870.27001953125,26889593
2022-11-23,7870.27001953125,8019.70556640625,7820.4580078125,7820.4580078125,14798892
2022-11-24,7795.55224609375,7895.17578125,7671.02294921875,7820.4580078125,12750383
2022-11-25,7870.27001953125,8069.517578125,7845.3642578125,8069.517578125,19785056
2022-11-28,8194.046875,8567.6357421875,8169.14111328125,8567.6357421875,31026361
2022-11-29,8567.6357421875,8692.1650390625,8368.388671875,8567.6357421875,30372901
2022-11-30,8617.447265625,8741.9775390625,8443.1064453125,8667.259765625,26479248
2022-12-01,8816.6953125,9165.3779296875,8692.1650390625,8866.5068359375,55571330
2022-12-02,8866.5068359375,9364.625,8741.9775390625,9364.625,32781566
2022-12-05,9464.2490234375,9613.6845703125,9339.71875,9464.2490234375,40015389
2022-12-06,9464.2490234375,9489.154296875,8816.6953125,8816.6953125,44315371
2022-12-07,8791.7890625,8916.318359375,8592.5419921875,8617.447265625,24401831
2022-12-08,8816.6953125,9215.189453125,8741.9775390625,9015.9423828125,27735376
2022-12-09,9065.75390625,9115.56640625,8841.6005859375,9065.75390625,18928633
2022-12-12,9065.75390625,9165.3779296875,8791.7890625,8816.6953125,25033809
2022-12-13,8841.6005859375,8966.130859375,8717.0712890625,8966.130859375,15995997
2022-12-14,9140.4716796875,9165.3779296875,8966.130859375,9040.8486328125,20951044
2022-12-15,8966.130859375,9563.8720703125,8966.130859375,9439.3427734375,48508752
2022-12-16,9314.8134765625,9514.060546875,9314.8134765625,9364.625,23435795
2022-12-19,9364.625,9588.7783203125,9140.4716796875,9140.4716796875,28859205
2022-12-20,9115.56640625,9190.2841796875,8667.259765625,8766.8828125,36545531
2022-12-21,8891.4130859375,8916.318359375,8517.82421875,8816.6953125,17355312
2022-12-22,8916.318359375,9115.56640625,8816.6953125,8966.130859375,15471222
2022-12-23,8941.224609375,8941.224609375,8766.8828125,8841.6005859375,9050057
2022-12-26,8816.6953125,8841.6005859375,8368.388671875,8368.388671875,18930842
2022-12-27,8393.2939453125,8617.447265625,8343.482421875,8592.5419921875,11295307
2022-12-28,8617.447265625,8766.8828125,8492.91796875,8692.1650390625,9251616
2022-12-29,8617.447265625,8766.8828125,8617.447265625,8667.259765625,8397000
2022-12-30,8741.9775390625,8741.9775390625,8517.82421875,8517.82421875,8288993
2023-01-02,8517.82421875,8517.82421875,8517.82421875,8517.82421875,0
2023-01-03,8567.6357421875,8966.130859375,8567.6357421875,8966.130859375,15132949
2023-01-04,9015.9423828125,9090.66015625,8941.224609375,8941.224609375,15558952
2023-01-05,8966.130859375,9090.66015625,8866.5068359375,9065.75390625,15552327
2023-01-06,8991.0361328125,9339.71875,8966.130859375,9090.66015625,21916678
2023-01-09,9215.189453125,9215.189453125,9065.75390625,9090.66015625,11946759
2023-01-10,9065.75390625,9140.4716796875,9015.9423828125,9065.75390625,12849556
2023-01-11,9090.66015625,9190.2841796875,9065.75390625,9090.66015625,12981653
2023-01-12,9115.56640625,9165.3779296875,9040.8486328125,9090.66015625,14722806
2023-01-13,9165.3779296875,9240.095703125,9090.66015625,9090.66015625,16059436
2023-01-16,9115.56640625,9240.095703125,9065.75390625,9215.189453125,12540794
2023-01-17,9314.8134765625,9663.49609375,9265.0009765625,9663.49609375,37937971
2023-01-18,9713.3076171875,9738.2138671875,9563.8720703125,9738.2138671875,19897479
2023-01-19,9713.3076171875,9837.837890625,9663.49609375,9763.1201171875,22211990
2023-01-20,9763.1201171875,9763.1201171875,9763.1201171875,9763.1201171875,0
2023-01-23,9763.1201171875,9763.1201171875,9763.1201171875,9763.1201171875,0
2023-01-24,9763.1201171875,9763.1201171875,9763.1201171875,9763.1201171875,0
2023-01-25,9763.1201171875,9763.1201171875,9763.1201171875,9763.1201171875,0
2023-01-26,9763.1201171875,9763.1201171875,9763.1201171875,9763.1201171875,0
2023-01-27,9912.5556640625,10012.1787109375,9788.025390625,9812.931640625,18476933
2023-01-30,9862.7431640625,9862.7431640625,9588.7783203125,9588.7783203125,25424278
2023-01-31,9563.8720703125,9738.2138671875,9339.71875,9738.2138671875,30047276
2023-02-01,9812.931640625,9937.4609375,9414.4365234375,9414.4365234375,31600320
2023-02-02,9514.060546875,9514.060546875,9240.095703125,9439.3427734375,24509837
2023-02-03,9439.3427734375,9514.060546875,9265.0009765625,9265.0009765625,20120920
2023-02-06,9265.0009765625,9414.4365234375,9215.189453125,9314.8134765625,13323138
2023-02-07,9389.53125,9389.53125,9140.4716796875,9140.4716796875,15408386
2023-02-08,9215.189453125,9314.8134765625,9090.66015625,9165.3779296875,11222232
2023-02-09,9165.3779296875,9314.8134765625,9140.4716796875,9190.2841796875,12713444
2023-02-10,9240.095703125,9265.0009765625,9115.56640625,9115.56640625,12028667
2023-02-13,9065.75390625,9065.75390625,8841.6005859375,8966.130859375,19813965
2023-02-14,8966.130859375,9040.8486328125,8866.5068359375,8891.4130859375,13242435
2023-02-15,8841.6005859375,9090.66015625,8841.6005859375,8966.130859375,13085845
2023-02-16,9015.9423828125,9140.4716796875,8991.0361328125,9090.66015625,9520227
2023-02-17,9090.66015625,9165.3779296875,9015.9423828125,9015.9423828125,9622612
2023-02-20,9015.9423828125,9414.4365234375,9015.9423828125,9414.4365234375,17268988
2023-02-21,9464.2490234375,9514.060546875,9265.0009765625,9265.0009765625,13956120
2023-02-22,9165.3779296875,9215.189453125,9090.66015625,9090.66015625,19825810
2023-02-23,8966.130859375,9065.75390625,8816.6953125,9040.8486328125,32783373
2023-02-24,9040.8486328125,9090.66015625,8816.6953125,8816.6953125,20220696
2023-02-27,8692.1650390625,8717.0712890625,8592.5419921875,8592.5419921875,16152787
2023-02-28,8642.353515625,8791.7890625,8542.7294921875,8592.5419921875,12372762
2023-03-01,8542.7294921875,8791.7890625,8468.01171875,8791.7890625,12688149
2023-03-02,8791.7890625,8816.6953125,8642.353515625,8667.259765625,7701181
2023-03-03,8717.0712890625,8717.0712890625,8542.7294921875,8542.7294921875,9518420
2023-03-06,8667.259765625,8816.6953125,8617.447265625,8617.447265625,13715214
2023-03-07,8667.259765625,8766.8828125,8642.353515625,8667.259765625,12393640
2023-03-08,8617.447265625,8766.8828125,8567.6357421875,8766.8828125,14874376
2023-03-09,8791.7890625,8941.224609375,8766.8828125,8866.5068359375,16178082
2023-03-10,8866.5068359375,8866.5068359375,8766.8828125,8841.6005859375,10628196
2023-03-13,8642.353515625,8766.8828125,8642.353515625,8717.0712890625,17123641
2023-03-14,8717.0712890625,8741.9775390625,8567.6357421875,8567.6357421875,17006199
2023-03-15,8766.8828125,8891.4130859375,8717.0712890625,8866.5068359375,12610456
2023-03-16,8816.6953125,8816.6953125,8667.259765625,8692.1650390625,11549263
2023-03-17,8816.6953125,8816.6953125,8692.1650390625,8692.1650390625,8567240
2023-03-20,8766.8828125,8766.8828125,8617.447265625,8617.447265625,12020637
2023-03-21,8692.1650390625,8717.0712890625,8567.6357421875,8642.353515625,16145560
2023-03-22,8717.0712890625,8741.9775390625,8642.353515625,8667.259765625,10614545
2023-03-23,8617.447265625,8692.1650390625,8617.447265625,8667.259765625,7591569
2023-03-24,8816.6953125,8941.224609375,8766.8828125,8841.6005859375,32737199
2023-03-27,8866.5068359375,8966.130859375,8816.6953125,8941.224609375,16137730
2023-03-28,8991.0361328125,9115.56640625,8966.130859375,8966.130859375,24864773
2023-03-29,9040.8486328125,9165.3779296875,9015.9423828125,9115.56640625,20958874
2023-03-30,9165.3779296875,9215.189453125,9090.66015625,9090.66015625,18024832
2023-03-31,9115.56640625,9165.3779296875,9040.8486328125,9090.66015625,21159428
2023-04-03,9215.189453125,9314.8134765625,9165.3779296875,9314.8134765625,40999894
2023-04-04,9339.71875,9364.625,9265.0009765625,9339.71875,22711469
2023-04-05,9339.71875,9389.53125,9265.0009765625,9364.625,19855321
2023-04-06,9389.53125,9414.4365234375,9215.189453125,9215.189453125,24164538
2023-04-07,9215.189453125,9265.0009765625,9140.4716796875,9265.0009765625,17151947
2023-04-10,9314.8134765625,9464.2490234375,9265.0009765625,9265.0009765625,26311216
2023-04-11,9265.0009765625,9364.625,9190.2841796875,9339.71875,13323941
2023-04-12,9364.625,9364.625,9240.095703125,9314.8134765625,15990376
2023-04-13,9314.8134765625,9339.71875,9215.189453125,9240.095703125,11957800
2023-04-14,9265.0009765625,9314.8134765625,9115.56640625,9115.56640625,15755291
2023-04-17,9065.75390625,9140.4716796875,9040.8486328125,9090.66015625,11113824
2023-04-18,9140.4716796875,9165.3779296875,8991.0361328125,9040.8486328125,11974664
2023-04-19,9090.66015625,9115.56640625,9015.9423828125,9015.9423828125,8345807
2023-04-20,9015.9423828125,9065.75390625,8991.0361328125,9040.8486328125,6269995
2023-04-21,9040.8486328125,9090.66015625,8991.0361328125,8991.0361328125,7745950
2023-04-24,8991.0361328125,9115.56640625,8966.130859375,9090.66015625,10649276
2023-04-25,9165.3779296875,9165.3779296875,9040.8486328125,9090.66015625,9164287
2023-04-26,9090.66015625,9140.4716796875,9015.9423828125,9140.4716796875,10032956
2023-04-27,9165.3779296875,9190.2841796875,9115.56640625,9165.3779296875,7275981
2023-04-28,9215.189453125,9240.095703125,9140.4716796875,9190.2841796875,8841874
2023-05-01,9190.2841796875,9190.2841796875,9190.2841796875,9190.2841796875,0
2023-05-02,9190.2841796875,9190.2841796875,9190.2841796875,9190.2841796875,0
2023-05-03,9190.2841796875,9190.2841796875,9190.2841796875,9190.2841796875,0
2023-05-04,9140.4716796875,9190.2841796875,9040.8486328125,9065.75390625,11709666
2023-05-05,9065.75390625,9090.66015625,9015.9423828125,9015.9423828125,8041663
2023-05-08,9065.75390625,9115.56640625,9040.8486328125,9090.66015625,8471681
2023-05-09,9115.56640625,9140.4716796875,9065.75390625,9115.56640625,9074550
2023-05-10,9115.56640625,9215.189453125,9090.66015625,9215.189453125,13748740
2023-05-11,9265.0009765625,9289.9072265625,9190.2841796875,9215.189453125,14855304
2023-05-12,9240.095703125,9289.9072265625,9165.3779296875,9289.9072265625,14616807
2023-05-15,9339.71875,9514.060546875,9314.8134765625,9389.53125,35677062
2023-05-16,9389.53125,9439.3427734375,9314.8134765625,9364.625,13552000
2023-05-17,9339.71875,9364.625,9190.2841796875,9190.2841796875,18244860
2023-05-18,9240.095703125,9289.9072265625,9190.2841796875,9265.0009765625,13369312
2023-05-19,9265.0009765625,9314.8134765625,9240.095703125,9289.9072265625,7616061
2023-05-22,9314.8134765625,9414.4365234375,9289.9072265625,9389.53125,16576582
2023-05-23,9414.4365234375,9464.2490234375,9314.8134765625,9339.71875,14922357
2023-05-24,9339.71875,9339.71875,9339.71875,9339.71875,0
2023-05-25,9265.0009765625,9265.0009765625,9190.2841796875,9190.2841796875,9503966
2023-05-26,9215.189453125,9215.189453125,9165.3779296875,9190.2841796875,7838699
2023-05-29,9265.0009765625,9339.71875,9215.189453125,9339.71875,11980485
2023-05-30,9364.625,9389.53125,9289.9072265625,9339.71875,13222158
2023-05-31,9364.625,9389.53125,9265.0009765625,9265.0009765625,13819205
2023-06-01,9265.0009765625,9364.625,9240.095703125,9364.625,16936135
2023-06-02,9514.060546875,9887.6494140625,9489.154296875,9812.931640625,66229640
2023-06-05,9912.5556640625,10012.1787109375,9837.837890625,9862.7431640625,39066016
2023-06-06,9912.5556640625,10186.5205078125,9862.7431640625,10186.5205078125,45761814
2023-06-07,10186.5205078125,10236.33203125,10086.896484375,10136.708984375,26978929
2023-06-08,10136.708984375,10186.5205078125,9962.3671875,9962.3671875,27471382
2023-06-09,10012.1787109375,10086.896484375,9962.3671875,10086.896484375,20790841
2023-06-12,10111.802734375,10161.6142578125,9962.3671875,10136.708984375,18065585
2023-06-13,10161.6142578125,10161.6142578125,10037.0849609375,10111.802734375,21274461
2023-06-14,10012.1787109375,10061.9912109375,9837.837890625,9837.837890625,21953216
2023-06-15,9837.837890625,9887.6494140625,9788.025390625,9812.931640625,19071170
2023-06-16,9887.6494140625,10061.9912109375,9812.931640625,9812.931640625,27986922
2023-06-19,9812.931640625,9862.7431640625,9738.2138671875,9738.2138671875,14124755
2023-06-20,9763.1201171875,9788.025390625,9688.40234375,9788.025390625,11015253
2023-06-21,9812.931640625,9887.6494140625,9788.025390625,9887.6494140625,12139484
2023-06-22,9887.6494140625,9887.6494140625,9887.6494140625,9887.6494140625,0
2023-06-23,10037.0849609375,10111.802734375,9987.2734375,10061.9912109375,24710994
2023-06-26,10061.9912109375,10236.33203125,9937.4609375,10061.9912109375,21236519
2023-06-27,10086.896484375,10111.802734375,9962.3671875,10012.1787109375,21561943
2023-06-28,10061.9912109375,10360.8623046875,10012.1787109375,10311.0498046875,41860332
2023-06-29,10311.0498046875,10311.0498046875,10111.802734375,10111.802734375,28112595
2023-06-30,10111.802734375,10161.6142578125,10037.0849609375,10061.9912109375,13420304
2023-07-03,10111.802734375,10136.708984375,10012.1787109375,10061.9912109375,19661190
2023-07-04,10061.9912109375,10136.708984375,10012.1787109375,10136.708984375,13807561
2023-07-05,10211.4267578125,10286.14453125,10111.802734375,10161.6142578125,26094601
2023-07-06,10186.5205078125,10236.33203125,10037.0849609375,10061.9912109375,30490143
2023-07-07,10061.9912109375,10186.5205078125,10012.1787109375,10186.5205078125,23923832
2023-07-10,10261.23828125,10385.767578125,10236.33203125,10335.9560546875,33702431
2023-07-11,10335.9560546875,10560.109375,10335.9560546875,10560.109375,34836700
2023-07-12,10560.109375,10609.9208984375,10410.673828125,10460.4853515625,26323663
2023-07-13,10485.3916015625,10585.0146484375,10410.673828125,10510.296875,36019551
2023-07-14,10683.3935546875,10740.6767578125,10540.1845703125,10683.3935546875,32340314
2023-07-17,10740.6767578125,10797.9609375,10597.4677734375,10654.751953125,19213697
2023-07-18,10654.751953125,10683.3935546875,10568.826171875,10654.751953125,13132551
2023-07-19,10654.751953125,10712.03515625,10540.1845703125,10540.1845703125,20397980
2023-07-20,10540.1845703125,10597.4677734375,10482.900390625,10568.826171875,11260812
2023-07-21,10626.1103515625,10683.3935546875,10540.1845703125,10683.3935546875,14638916
2023-07-24,10683.3935546875,10740.6767578125,10626.1103515625,10740.6767578125,15626284
2023-07-25,10740.6767578125,10941.169921875,10712.03515625,10769.3193359375,16658342
2023-07-26,10769.3193359375,10797.9609375,10683.3935546875,10740.6767578125,10355492
2023-07-27,10740.6767578125,10769.3193359375,10597.4677734375,10654.751953125,16518162
2023-07-28,10626.1103515625,10712.03515625,10626.1103515625,10712.03515625,12260574
2023-07-31,10797.9609375,10826.6025390625,10712.03515625,10797.9609375,17414754
2023-08-01,10826.6025390625,11084.37890625,10797.9609375,10797.9609375,25003137
2023-08-02,10797.9609375,10855.244140625,10740.6767578125,10826.6025390625,10748798
2023-08-03,10855.244140625,10941.169921875,10769.3193359375,10797.9609375,19343228
2023-08-04,10797.9609375,10969.8115234375,10769.3193359375,10883.8857421875,25990679
2023-08-07,10969.8115234375,11113.0205078125,10912.5283203125,11084.37890625,26558556
2023-08-08,11170.3037109375,11170.3037109375,10969.8115234375,10998.453125,16122237
2023-08-09,10998.453125,11027.0947265625,10883.8857421875,10969.8115234375,18686321
2023-08-10,10998.453125,10998.453125,10826.6025390625,10826.6025390625,16071787
2023-08-11,10883.8857421875,10912.5283203125,10683.3935546875,10826.6025390625,15142027
2023-08-14,10855.244140625,10941.169921875,10740.6767578125,10855.244140625,14124458
2023-08-15,10855.244140625,10883.8857421875,10769.3193359375,10855.244140625,9797741
2023-08-16,10826.6025390625,10998.453125,10769.3193359375,10883.8857421875,17024764
2023-08-17,10883.8857421875,10883.8857421875,10797.9609375,10797.9609375,13813724
2023-08-18,10769.3193359375,10769.3193359375,10253.7666015625,10368.333984375,38416921
2023-08-21,10311.0498046875,10511.54296875,10225.125,10396.9755859375,16090640
2023-08-22,10482.900390625,10482.900390625,10167.8408203125,10425.6171875,14062835
2023-08-23,10482.900390625,10482.900390625,10311.0498046875,10311.0498046875,10118775
2023-08-24,10368.333984375,10511.54296875,10311.0498046875,10454.2587890625,11686937
2023-08-25,10425.6171875,10425.6171875,10368.333984375,10368.333984375,8326639
2023-08-28,10454.2587890625,10482.900390625,10339.69140625,10425.6171875,12242070
2023-08-29,10454.2587890625,10511.54296875,10396.9755859375,10454.2587890625,16505942
2023-08-30,10482.900390625,10597.4677734375,10454.2587890625,10540.1845703125,12147278
2023-08-31,10540.1845703125,10626.1103515625,10540.1845703125,10597.4677734375,11403959
2023-09-01,10597.4677734375,10597.4677734375,10597.4677734375,10597.4677734375,0
2023-09-04,10597.4677734375,10597.4677734375,10597.4677734375,10597.4677734375,0
2023-09-05,10654.751953125,11027.0947265625,10626.1103515625,10969.8115234375,37483495
2023-09-06,10998.453125,11027.0947265625,10826.6025390625,11027.0947265625,24120511
2023-09-07,11027.0947265625,11227.587890625,10969.8115234375,11055.7373046875,38860853
2023-09-08,11055.7373046875,11084.37890625,10941.169921875,10941.169921875,19493533
2023-09-11,11084.37890625,11084.37890625,10740.6767578125,10740.6767578125,26254455
2023-09-12,10797.9609375,11027.0947265625,10740.6767578125,11027.0947265625,19062520
2023-09-13,11055.7373046875,11084.37890625,10826.6025390625,10912.5283203125,23507421
2023-09-14,10941.169921875,11084.37890625,10883.8857421875,10969.8115234375,26068712
2023-09-15,10998.453125,11284.87109375,10941.169921875,11113.0205078125,45967423
2023-09-18,11113.0205078125,11113.0205078125,10883.8857421875,10969.8115234375,20573598
2023-09-19,10969.8115234375,10998.453125,10826.6025390625,10883.8857421875,20150789
2023-09-20,10912.5283203125,10998.453125,10855.244140625,10998.453125,15559598
2023-09-21,10998.453125,11084.37890625,10797.9609375,10855.244140625,21981679
2023-09-22,10740.6767578125,10769.3193359375,10482.900390625,10712.03515625,33103709
2023-09-25,10712.03515625,10740.6767578125,10368.333984375,10368.333984375,23439513
2023-09-26,10396.9755859375,10568.826171875,10368.333984375,10454.2587890625,19363478
2023-09-27,10396.9755859375,10597.4677734375,10396.9755859375,10597.4677734375,15138012
2023-09-28,10511.54296875,10626.1103515625,10425.6171875,10597.4677734375,11706315
2023-09-29,10597.4677734375,10683.3935546875,10597.4677734375,10597.4677734375,7248495
2023-10-02,10626.1103515625,10712.03515625,10540.1845703125,10654.751953125,7895626
2023-10-03,10540.1845703125,10597.4677734375,10311.0498046875,10339.69140625,19653614
2023-10-04,10339.69140625,10454.2587890625,10282.408203125,10396.9755859375,12939652
2023-10-05,10425.6171875,10482.900390625,10311.0498046875,10339.69140625,12947158
2023-10-06,10339.69140625,10425.6171875,10282.408203125,10396.9755859375,8486895
2023-10-09,10396.9755859375,10482.900390625,10311.0498046875,10482.900390625,19477124
2023-10-10,10540.1845703125,10626.1103515625,10511.54296875,10568.826171875,12865285
2023-10-11,10540.1845703125,10597.4677734375,10482.900390625,10597.4677734375,8387390
2023-10-12,10597.4677734375,10626.1103515625,10511.54296875,10511.54296875,9503590
2023-10-13,10482.900390625,10597.4677734375,10454.2587890625,10568.826171875,10155958
2023-10-16,10568.826171875,10568.826171875,10425.6171875,10425.6171875,9534140
2023-10-17,10482.900390625,10568.826171875,10368.333984375,10368.333984375,9501495
2023-10-18,10368.333984375,10425.6171875,10081.916015625,10167.8408203125,19116986
2023-10-19,10167.8408203125,10253.7666015625,10081.916015625,10110.5576171875,9857967
2023-10-20,10110.5576171875,10311.0498046875,10024.6318359375,10282.408203125,9045344
2023-10-23,10282.408203125,10311.0498046875,10139.19921875,10196.482421875,6489988
2023-10-24,10196.482421875,10311.0498046875,10167.8408203125,10253.7666015625,7655243
2023-10-25,10282.408203125,10339.69140625,10196.482421875,10196.482421875,7844302
2023-10-26,10110.5576171875,10110.5576171875,9766.85546875,9852.78125,21562537
2023-10-27,9881.4228515625,10024.6318359375,9824.1396484375,9995.990234375,15831578
2023-10-30,9881.4228515625,9995.990234375,9738.2138671875,9738.2138671875,5827844
2023-10-31,9852.78125,9910.064453125,9709.572265625,9795.4970703125,11504337
2023-11-01,9852.78125,9910.064453125,9795.4970703125,9852.78125,9288520
2023-11-02,9938.7060546875,10167.8408203125,9910.064453125,10139.19921875,12092813
2023-11-03,10196.482421875,10225.125,9967.3486328125,9967.3486328125,20714476
2023-11-06,10081.916015625,10311.0498046875,10053.2734375,10282.408203125,15134171
2023-11-07,10282.408203125,10311.0498046875,10139.19921875,10196.482421875,7920066
2023-11-08,10196.482421875,10540.1845703125,10139.19921875,10511.54296875,18709539
2023-11-09,10540.1845703125,10597.4677734375,10454.2587890625,10511.54296875,16979900
2023-11-10,10425.6171875,10540.1845703125,10282.408203125,10311.0498046875,22353688
2023-11-13,10311.0498046875,10396.9755859375,10225.125,10368.333984375,11614491
2023-11-14,10396.9755859375,10683.3935546875,10396.9755859375,10568.826171875,24150712
2023-11-15,10712.03515625,10740.6767578125,10568.826171875,10626.1103515625,23721793
2023-11-16,10568.826171875,10626.1103515625,10511.54296875,10597.4677734375,8853841
2023-11-17,10654.751953125,10654.751953125,10253.7666015625,10425.6171875,23199480
2023-11-20,10167.8408203125,10454.2587890625,10167.8408203125,10311.0498046875,15678480
2023-11-21,10425.6171875,10454.2587890625,10282.408203125,10368.333984375,10222993
2023-11-22,10396.9755859375,10396.9755859375,10282.408203125,10339.69140625,13285300
2023-11-23,10368.333984375,10396.9755859375,10253.7666015625,10253.7666015625,12267557
2023-11-24,10253.7666015625,10311.0498046875,10081.916015625,10225.125,13998244
2023-11-27,10225.125,10282.408203125,10053.2734375,10081.916015625,12411403
2023-11-28,10081.916015625,10253.7666015625,9995.990234375,10225.125,11605413
2023-11-29,10196.482421875,10253.7666015625,10139.19921875,10225.125,9506733
2023-11-30,10225.125,10282.408203125,10167.8408203125,10196.482421875,9892183
2023-12-01,10225.125,10225.125,10139.19921875,10196.482421875,7699060
2023-12-04,10196.482421875,10368.333984375,10196.482421875,10339.69140625,30261534
2023-12-05,10339.69140625,10368.333984375,10282.408203125,10339.69140625,10677748
2023-12-06,10339.69140625,10396.9755859375,10311.0498046875,10368.333984375,12245387
2023-12-07,10396.9755859375,10511.54296875,10339.69140625,10454.2587890625,24293161
2023-12-08,10454.2587890625,10511.54296875,10396.9755859375,10425.6171875,13039331
2023-12-11,10425.6171875,10454.2587890625,10339.69140625,10396.9755859375,8510462
2023-12-12,10396.9755859375,10454.2587890625,10368.333984375,10454.2587890625,8512382
2023-12-13,10454.2587890625,10511.54296875,10339.69140625,10339.69140625,12526270
2023-12-14,10396.9755859375,10425.6171875,10311.0498046875,10339.69140625,9254479
2023-12-15,10339.69140625,10425.6171875,10311.0498046875,10339.69140625,9672749
2023-12-18,10339.69140625,10396.9755859375,10282.408203125,10311.0498046875,9209265
2023-12-19,10311.0498046875,10425.6171875,10282.408203125,10396.9755859375,10293520
2023-12-20,10396.9755859375,10425.6171875,10339.69140625,10396.9755859375,5387230
2023-12-21,10368.333984375,10396.9755859375,10311.0498046875,10396.9755859375,6950155
2023-12-22,10396.9755859375,10568.826171875,10368.333984375,10482.900390625,14920148
2023-12-25,10511.54296875,10626.1103515625,10482.900390625,10540.1845703125,11498402
2023-12-26,10540.1845703125,10597.4677734375,10482.900390625,10568.826171875,7436856
2023-12-27,10597.4677734375,10597.4677734375,10511.54296875,10540.1845703125,10098001
2023-12-28,10540.1845703125,10654.751953125,10511.54296875,10626.1103515625,17247690
2023-12-29,10654.751953125,10797.9609375,10626.1103515625,10683.3935546875,24116147
2024-01-01,10683.3935546875,10683.3935546875,10683.3935546875,10683.3935546875,0
2024-01-02,10712.03515625,10883.8857421875,10683.3935546875,10797.9609375,24065172
2024-01-03,10740.6767578125,10998.453125,10712.03515625,10969.8115234375,24186149
2024-01-04,10969.8115234375,11714.498046875,10969.8115234375,11514.005859375,86263590
2024-01-05,11514.005859375,11743.140625,11514.005859375,11743.140625,39308276
2024-01-08,11800.423828125,11943.6328125,11685.8564453125,11857.70703125,35171141
2024-01-09,11886.349609375,11972.2744140625,11743.140625,11943.6328125,34554385
2024-01-10,11943.6328125,12115.4833984375,11829.0654296875,11972.2744140625,43092080
2024-01-11,11972.2744140625,12086.841796875,11743.140625,11829.0654296875,43090684
2024-01-12,11743.140625,12344.6181640625,11685.8564453125,12230.05078125,80133565
2024-01-15,12315.9765625,12545.111328125,12258.6923828125,12287.3349609375,43786345
2024-01-16,12287.3349609375,12315.9765625,12115.4833984375,12315.9765625,30534736
2024-01-17,12373.259765625,12487.8271484375,12201.4091796875,12315.9765625,35759093
2024-01-18,12258.6923828125,12459.185546875,12201.4091796875,12430.5439453125,41239543
2024-01-19,12487.8271484375,12688.3203125,12430.5439453125,12631.0361328125,37725100
2024-01-22,12774.2451171875,12917.4541015625,12602.39453125,12659.677734375,50851368
2024-01-23,12659.677734375,12802.88671875,12545.111328125,12573.7529296875,27764834
2024-01-24,12516.46875,12688.3203125,12487.8271484375,12545.111328125,22152409
2024-01-25,12545.111328125,12545.111328125,12545.111328125,12545.111328125,0
2024-01-26,12545.111328125,12688.3203125,12545.111328125,12602.39453125,16571930
2024-01-29,12602.39453125,12860.1708984375,12602.39453125,12688.3203125,27349881
2024-01-30,12688.3203125,12745.603515625,12516.46875,12659.677734375,25055508
2024-01-31,12745.603515625,12745.603515625,12401.9013671875,12459.185546875,48609191
2024-02-01,12430.5439453125,12573.7529296875,12373.259765625,12545.111328125,19895219
2024-02-02,12545.111328125,12545.111328125,12545.111328125,12545.111328125,0
2024-02-05,12459.185546875,13261.15625,12459.185546875,13146.5888671875,64753773
2024-02-06,13175.23046875,13261.15625,13146.5888671875,13203.8720703125,20109242
2024-02-07,13232.5146484375,13576.2158203125,13232.5146484375,13461.6484375,36977068
2024-02-08,13461.6484375,13461.6484375,13461.6484375,13461.6484375,0
2024-02-09,13461.6484375,13461.6484375,13461.6484375,13461.6484375,0
2024-02-12,13461.6484375,13461.6484375,13461.6484375,13461.6484375,0
2024-02-13,13461.6484375,13461.6484375,13461.6484375,13461.6484375,0
2024-02-14,13461.6484375,13461.6484375,13461.6484375,13461.6484375,0
2024-02-15,13576.2158203125,13862.6337890625,13490.2900390625,13833.9921875,42056182
2024-02-16,13805.3505859375,13805.3505859375,13576.2158203125,13748.06640625,28219589
2024-02-19,13748.06640625,13805.3505859375,13518.9326171875,13719.4248046875,36576953
2024-02-20,13662.1416015625,13805.3505859375,13547.57421875,13662.1416015625,35461451
2024-02-21,13662.1416015625,13862.6337890625,13576.2158203125,13748.06640625,43614917
2024-02-22,13748.06640625,13805.3505859375,13662.1416015625,13719.4248046875,26087566
2024-02-23,13748.06640625,14149.0517578125,13604.857421875,13690.783203125,85629727
2024-02-26,13690.783203125,13776.7080078125,13547.57421875,13748.06640625,37329175
2024-02-27,13776.7080078125,14005.8427734375,13662.1416015625,13891.275390625,39988226
2024-02-28,13948.5595703125,14063.126953125,13833.9921875,13977.201171875,33649240
2024-02-29,14034.484375,14063.126953125,13719.4248046875,13833.9921875,41957026
2024-03-01,13805.3505859375,13833.9921875,13633.4990234375,13748.06640625,35742509
2024-03-04,13805.3505859375,14005.8427734375,13604.857421875,13862.6337890625,55774765
2024-03-05,13862.6337890625,14120.41015625,13805.3505859375,14091.7685546875,39747668
2024-03-06,14091.7685546875,14406.828125,13948.5595703125,14091.7685546875,52144233
2024-03-07,14149.0517578125,14206.3359375,13948.5595703125,13977.201171875,34493286
2024-03-08,14034.484375,14034.484375,13518.9326171875,13518.9326171875,86206506
2024-03-11,13490.2900390625,13518.9326171875,13060.6630859375,13146.5888671875,60944656
2024-03-12,13117.947265625,13318.439453125,13032.021484375,13232.5146484375,33378482
2024-03-13,13232.5146484375,13662.1416015625,13232.5146484375,13662.1416015625,26648459
2024-03-14,13719.4248046875,13719.4248046875,13404.365234375,13433.0068359375,32048957
2024-03-15,13433.0068359375,13662.1416015625,13261.15625,13633.4990234375,32969464
2024-03-18,13604.857421875,13633.4990234375,12831.529296875,13289.7978515625,55482884
2024-03-19,13289.7978515625,13375.7236328125,13146.5888671875,13289.7978515625,23750772
2024-03-20,13289.7978515625,13977.201171875,13232.5146484375,13833.9921875,68705864
2024-03-21,13919.91796875,14177.693359375,13805.3505859375,14177.693359375,54072708
2024-03-22,14320.90234375,14721.8876953125,14234.9775390625,14349.544921875,72506951
2024-03-25,14349.544921875,14521.3955078125,14091.7685546875,14149.0517578125,37035374
2024-03-26,14149.0517578125,14464.1123046875,14091.7685546875,14464.1123046875,27244267
2024-03-27,14464.1123046875,14550.037109375,14320.90234375,14492.75390625,19909533
2024-03-28,14693.24609375,14721.8876953125,14435.4697265625,14607.3212890625,27911822
2024-03-29,14635.962890625,14635.962890625,14406.828125,14550.037109375,20341070
2024-04-01,14435.4697265625,14464.1123046875,14149.0517578125,14263.619140625,33580634
2024-04-02,14091.7685546875,14206.3359375,13862.6337890625,14206.3359375,50580610
2024-04-03,14206.3359375,14206.3359375,13862.6337890625,13862.6337890625,39382642
2024-04-04,13862.6337890625,13891.275390625,13633.4990234375,13633.4990234375,48519112
2024-04-05,13490.2900390625,13604.857421875,13347.0810546875,13375.7236328125,44300105
2024-04-08,13404.365234375,13633.4990234375,13261.15625,13461.6484375,43144626
2024-04-09,13461.6484375,13748.06640625,13404.365234375,13748.06640625,27468240
2024-04-10,13919.91796875,13948.5595703125,13633.4990234375,13633.4990234375,36796039
2024-04-11,13461.6484375,13662.1416015625,13404.365234375,13604.857421875,15731550
2024-04-12,13662.1416015625,14149.0517578125,13604.857421875,14120.41015625,41741781
2024-04-15,14005.8427734375,14349.544921875,13175.23046875,13404.365234375,83086766
2024-04-16,13404.365234375,13690.783203125,13203.8720703125,13690.783203125,57114939
2024-04-17,13748.06640625,13776.7080078125,13232.5146484375,13232.5146484375,41861711
2024-04-18,13232.5146484375,13232.5146484375,13232.5146484375,13232.5146484375,0
2024-04-19,12946.095703125,13347.0810546875,12946.095703125,13003.3798828125,49198539
2024-04-22,13060.6630859375,13203.8720703125,12917.4541015625,12946.095703125,30692024
2024-04-23,12946.095703125,13003.3798828125,12459.185546875,12602.39453125,55858908
2024-04-24,12716.9619140625,12974.73828125,12573.7529296875,12917.4541015625,32558701
2024-04-25,12946.095703125,12946.095703125,12688.3203125,12745.603515625,22699686
2024-04-26,12602.39453125,12860.1708984375,12602.39453125,12745.603515625,23274021
2024-04-29,12745.603515625,12745.603515625,12745.603515625,12745.603515625,0
2024-04-30,12745.603515625,12745.603515625,12745.603515625,12745.603515625,0
2024-05-01,12745.603515625,12745.603515625,12745.603515625,12745.603515625,0
2024-05-02,12774.2451171875,12917.4541015625,12716.9619140625,12831.529296875,19339388
2024-05-03,12946.095703125,13060.6630859375,12774.2451171875,12831.529296875,20700161
2024-05-06,12917.4541015625,13146.5888671875,12917.4541015625,13117.947265625,28279118
2024-05-07,13175.23046875,13203.8720703125,12974.73828125,13032.021484375,16766924
2024-05-08,12831.529296875,13003.3798828125,12774.2451171875,12917.4541015625,37423792
2024-05-09,12946.095703125,13060.6630859375,12802.88671875,12974.73828125,27308334
2024-05-10,13032.021484375,13117.947265625,12888.8125,12946.095703125,19933100
2024-05-13,12946.095703125,13175.23046875,12946.095703125,12974.73828125,24445909
2024-05-14,13117.947265625,13289.7978515625,13003.3798828125,13089.3046875,29097851
2024-05-15,13146.5888671875,13203.8720703125,13060.6630859375,13117.947265625,26710082
2024-05-16,13261.15625,13490.2900390625,13175.23046875,13404.365234375,54868572
2024-05-17,13433.0068359375,13433.0068359375,13261.15625,13318.439453125,26998821
2024-05-20,13518.9326171875,13518.9326171875,13404.365234375,13433.0068359375,31292545
2024-05-21,13433.0068359375,13518.9326171875,13318.439453125,13518.9326171875,28633495
2024-05-22,13518.9326171875,13547.57421875,13289.7978515625,13289.7978515625,34988192
2024-05-23,13003.3798828125,13089.3046875,12888.8125,13060.6630859375,22834803
2024-05-24,12917.4541015625,13347.0810546875,12688.3203125,12860.1708984375,63471557
2024-05-27,12946.095703125,12946.095703125,12802.88671875,12860.1708984375,13954776
2024-05-28,13003.3798828125,13032.021484375,12802.88671875,12946.095703125,22881413
2024-05-29,12946.095703125,12974.73828125,12774.2451171875,12774.2451171875,29865784
2024-05-30,12659.677734375,12688.3203125,12430.5439453125,12516.46875,50300599
2024-05-31,12516.46875,12602.39453125,12459.185546875,12459.185546875,26069410
2024-06-03,12459.185546875,12459.185546875,12459.185546875,12459.185546875,0
2024-06-04,13032.021484375,13060.6630859375,12888.8125,12888.8125,15778684
2024-06-05,12917.4541015625,13003.3798828125,12716.9619140625,12716.9619140625,23841199
2024-06-06,12831.529296875,12946.095703125,12774.2451171875,12802.88671875,17477075
2024-06-07,12917.4541015625,12974.73828125,12774.2451171875,12860.1708984375,14793934
2024-06-10,12917.4541015625,13117.947265625,12888.8125,12974.73828125,23299857
2024-06-11,12974.73828125,13003.3798828125,12860.1708984375,12917.4541015625,18431449
2024-06-12,12917.4541015625,13232.5146484375,12831.529296875,13232.5146484375,43996877
2024-06-13,13289.7978515625,13576.2158203125,13261.15625,13490.2900390625,68000601
2024-06-14,13748.06640625,13748.06640625,13232.5146484375,13232.5146484375,44557595
2024-06-17,13404.365234375,13404.365234375,13146.5888671875,13318.439453125,29777277
2024-06-18,13461.6484375,13490.2900390625,13318.439453125,13318.439453125,20878921
2024-06-19,13404.365234375,13433.0068359375,13203.8720703125,13347.0810546875,23178880
2024-06-20,13404.365234375,13433.0068359375,13261.15625,13318.439453125,23905266
2024-06-21,13318.439453125,13375.7236328125,13232.5146484375,13289.7978515625,17689876
2024-06-24,13232.5146484375,13289.7978515625,12917.4541015625,12974.73828125,44398388
2024-06-25,13003.3798828125,13089.3046875,12888.8125,12946.095703125,15506354
2024-06-26,12946.095703125,12974.73828125,12802.88671875,12888.8125,19349338
2024-06-27,12860.1708984375,12946.095703125,12831.529296875,12888.8125,10767477
2024-06-28,12917.4541015625,12917.4541015625,12716.9619140625,12716.9619140625,16708443
2024-07-01,12745.603515625,12860.1708984375,12688.3203125,12860.1708984375,7212010
2024-07-02,12888.8125,13089.3046875,12860.1708984375,13003.3798828125,17340561
2024-07-03,13060.6630859375,13146.5888671875,12946.095703125,13117.947265625,12258305
2024-07-04,13117.947265625,13175.23046875,12946.095703125,13060.6630859375,9974406
2024-07-05,13060.6630859375,13089.3046875,12946.095703125,13060.6630859375,10877107
2024-07-08,13060.6630859375,13146.5888671875,12946.095703125,13003.3798828125,12294266
2024-07-09,13060.6630859375,13261.15625,12974.73828125,13261.15625,23442307
2024-07-10,13261.15625,13518.9326171875,13261.15625,13347.0810546875,33503823
2024-07-11,13433.0068359375,13461.6484375,13232.5146484375,13232.5146484375,13438922
2024-07-12,13146.5888671875,13289.7978515625,13117.947265625,13175.23046875,12865110
2024-07-15,13203.8720703125,13289.7978515625,13146.5888671875,13203.8720703125,7697489
2024-07-16,13232.5146484375,13719.4248046875,13203.8720703125,13490.2900390625,43239941
2024-07-17,13633.4990234375,14406.828125,13490.2900390625,14034.484375,126319026
2024-07-18,14091.7685546875,14320.90234375,13805.3505859375,14263.619140625,52498261
2024-07-19,14263.619140625,14693.24609375,14206.3359375,14550.037109375,79574766
2024-07-22,14492.75390625,14750.5302734375,14120.41015625,14435.4697265625,59016181
2024-07-23,14521.3955078125,14521.3955078125,13633.4990234375,13690.783203125,83612396
2024-07-24,13633.4990234375,13891.275390625,13547.57421875,13719.4248046875,45106618
2024-07-25,13662.1416015625,13805.3505859375,13461.6484375,13719.4248046875,35588887
2024-07-26,13690.783203125,13948.5595703125,13662.1416015625,13919.91796875,21228410
2024-07-29,14005.8427734375,14005.8427734375,13805.3505859375,13805.3505859375,16589387
2024-07-30,13805.3505859375,14034.484375,13662.1416015625,14034.484375,34166316
2024-07-31,14034.484375,14263.619140625,13862.6337890625,13977.201171875,35605820
2024-08-01,13977.201171875,14063.126953125,13318.439453125,13404.365234375,56458032
2024-08-02,13175.23046875,13633.4990234375,13175.23046875,13633.4990234375,41490051
2024-08-05,13203.8720703125,13490.2900390625,13060.6630859375,13146.5888671875,54503896
2024-08-06,13289.7978515625,13461.6484375,13175.23046875,13404.365234375,29613705
2024-08-07,13404.365234375,13461.6484375,13289.7978515625,13375.7236328125,17819407
2024-08-08,13347.0810546875,13461.6484375,13175.23046875,13203.8720703125,17813821
2024-08-09,13289.7978515625,13461.6484375,13289.7978515625,13433.0068359375,14786777
2024-08-12,13461.6484375,13576.2158203125,13375.7236328125,13576.2158203125,17861478
2024-08-13,13547.57421875,13604.857421875,13404.365234375,13518.9326171875,11733198
2024-08-14,13604.857421875,13604.857421875,13404.365234375,13404.365234375,11477279
2024-08-15,13404.365234375,13490.2900390625,13318.439453125,13318.439453125,13762749
2024-08-16,13404.365234375,13805.3505859375,13375.7236328125,13776.7080078125,36669999
2024-08-19,13805.3505859375,13891.275390625,13719.4248046875,13776.7080078125,15607256
2024-08-20,13805.3505859375,14034.484375,13776.7080078125,13891.275390625,28591249
2024-08-21,13891.275390625,14206.3359375,13776.7080078125,14177.693359375,37576716
2024-08-22,14234.9775390625,14263.619140625,13977.201171875,13977.201171875,22816822
2024-08-23,13977.201171875,14120.41015625,13919.91796875,14063.126953125,16712808
2024-08-26,14149.0517578125,14206.3359375,13919.91796875,14005.8427734375,17837562
2024-08-27,13948.5595703125,14034.484375,13919.91796875,13977.201171875,17628078
2024-08-28,14005.8427734375,14149.0517578125,13948.5595703125,14120.41015625,21112495
2024-08-29,14120.41015625,14435.4697265625,14120.41015625,14234.9775390625,39484068
2024-08-30,14234.9775390625,14320.90234375,14206.3359375,14234.9775390625,15483137
2024-09-02,14234.9775390625,14234.9775390625,14234.9775390625,14234.9775390625,0
2024-09-03,14234.9775390625,14234.9775390625,14234.9775390625,14234.9775390625,0
2024-09-04,14005.8427734375,14091.7685546875,13948.5595703125,13977.201171875,26445958
2024-09-05,13977.201171875,14149.0517578125,13690.783203125,13719.4248046875,28730905
2024-09-06,13690.783203125,13776.7080078125,13604.857421875,13748.06640625,25628796
2024-09-09,13690.783203125,13719.4248046875,13604.857421875,13719.4248046875,13559201
2024-09-10,13776.7080078125,13862.6337890625,13547.57421875,13604.857421875,21614035
2024-09-11,13604.857421875,13776.7080078125,13461.6484375,13690.783203125,16914087
2024-09-12,13748.06640625,13833.9921875,13719.4248046875,13748.06640625,9826545
2024-09-13,13776.7080078125,13776.7080078125,13662.1416015625,13690.783203125,7676541
2024-09-16,13690.783203125,13891.275390625,13662.1416015625,13690.783203125,14695826
2024-09-17,13748.06640625,13891.275390625,13633.4990234375,13891.275390625,14454221
2024-09-18,13919.91796875,14091.7685546875,13833.9921875,13977.201171875,23662090
2024-09-19,14005.8427734375,14063.126953125,13948.5595703125,13977.201171875,11731453
2024-09-20,14063.126953125,14320.90234375,14063.126953125,14177.693359375,45953108
2024-09-23,14206.3359375,14550.037109375,14206.3359375,14206.3359375,32891431
2024-09-24,14263.619140625,14492.75390625,14206.3359375,14464.1123046875,30689231
2024-09-25,14550.037109375,14836.455078125,14521.3955078125,14750.5302734375,55942876
2024-09-26,14750.5302734375,14865.0966796875,14607.3212890625,14721.8876953125,46218105
2024-09-27,14721.8876953125,14979.6640625,14664.6044921875,14721.8876953125,31660713
2024-09-30,14578.6787109375,14779.171875,14578.6787109375,14721.8876953125,25140873
2024-10-01,14750.5302734375,14979.6640625,14693.24609375,14693.24609375,32763821
2024-10-02,14635.962890625,14807.8134765625,14607.3212890625,14721.8876953125,22374811
2024-10-03,14693.24609375,14951.0224609375,14550.037109375,14607.3212890625,36652018
2024-10-04,14607.3212890625,14607.3212890625,14378.1865234375,14378.1865234375,32472289
2024-10-07,14492.75390625,14550.037109375,14320.90234375,14435.4697265625,17782049
2024-10-08,14435.4697265625,14607.3212890625,14378.1865234375,14435.4697265625,20893235
2024-10-09,14492.75390625,14693.24609375,14464.1123046875,14664.6044921875,25027926
2024-10-10,14721.8876953125,14865.0966796875,14607.3212890625,14607.3212890625,21519767
2024-10-11,14607.3212890625,14664.6044921875,14521.3955078125,14635.962890625,11320864
2024-10-14,14693.24609375,14951.0224609375,14607.3212890625,14807.8134765625,27185436
2024-10-15,14865.0966796875,14951.0224609375,14693.24609375,14693.24609375,26907172
2024-10-16,14693.24609375,14693.24609375,14550.037109375,14607.3212890625,18904883
2024-10-17,14635.962890625,14836.455078125,14521.3955078125,14836.455078125,20391521
2024-10-18,14893.7392578125,15008.3056640625,14721.8876953125,14750.5302734375,32257044
2024-10-21,14750.5302734375,14836.455078125,14635.962890625,14635.962890625,16427909
2024-10-22,14607.3212890625,14693.24609375,14406.828125,14464.1123046875,35485193
2024-10-23,14464.1123046875,14521.3955078125,14406.828125,14464.1123046875,20310346
2024-10-24,14464.1123046875,14550.037109375,14149.0517578125,14149.0517578125,28361864
2024-10-25,14206.3359375,14206.3359375,14063.126953125,14120.41015625,18515417
2024-10-28,14177.693359375,14234.9775390625,14120.41015625,14206.3359375,6760921
2024-10-29,14263.619140625,14378.1865234375,14234.9775390625,14320.90234375,9325878
2024-10-30,14320.90234375,14406.828125,14149.0517578125,14320.90234375,11032824
2024-10-31,14320.90234375,14435.4697265625,14206.3359375,14349.544921875,11630202
2024-11-01,14292.2607421875,14349.544921875,14091.7685546875,14091.7685546875,16265210
2024-11-04,14149.0517578125,14177.693359375,13977.201171875,14005.8427734375,20776448
2024-11-05,14063.126953125,14091.7685546875,13977.201171875,14005.8427734375,11340765
2024-11-06,14120.41015625,14263.619140625,14034.484375,14234.9775390625,11454235
2024-11-07,14320.90234375,14320.90234375,14206.3359375,14206.3359375,8242671
2024-11-08,14234.9775390625,14263.619140625,13977.201171875,14063.126953125,13409245
2024-11-11,14063.126953125,14091.7685546875,13719.4248046875,13919.91796875,29917806
2024-11-12,13919.91796875,13948.5595703125,13805.3505859375,13805.3505859375,15381013
2024-11-13,13805.3505859375,13891.275390625,13662.1416015625,13833.9921875,18607241
2024-11-14,13805.3505859375,13805.3505859375,13633.4990234375,13633.4990234375,14715901
2024-11-15,13576.2158203125,13633.4990234375,13461.6484375,13461.6484375,20573423
2024-11-18,13461.6484375,13547.57421875,13232.5146484375,13404.365234375,26233681
2024-11-19,13461.6484375,13518.9326171875,13261.15625,13261.15625,13235722
2024-11-20,13261.15625,13576.2158203125,13261.15625,13490.2900390625,16956856
2024-11-21,13518.9326171875,13748.06640625,13404.365234375,13748.06640625,11487055
2024-11-22,13719.4248046875,13862.6337890625,13690.783203125,13748.06640625,12823039
2024-11-25,13748.06640625,13776.7080078125,13690.783203125,13719.4248046875,8394722
2024-11-26,13776.7080078125,13862.6337890625,13748.06640625,13805.3505859375,7744448
2024-11-27,13748.06640625,13891.275390625,13690.783203125,13805.3505859375,7111283
2024-11-28,13862.6337890625,13891.275390625,13748.06640625,13748.06640625,11499275
2024-11-29,13776.7080078125,13833.9921875,13719.4248046875,13833.9921875,7573021
2024-12-02,13862.6337890625,13919.91796875,13776.7080078125,13833.9921875,7175350
2024-12-03,13833.9921875,13862.6337890625,13719.4248046875,13719.4248046875,11480770
2024-12-04,13690.783203125,13748.06640625,13633.4990234375,13662.1416015625,10711091
2024-12-05,13662.1416015625,14091.7685546875,13633.4990234375,14063.126953125,18434242
2024-12-06,14091.7685546875,14091.7685546875,13948.5595703125,13948.5595703125,10681938
2024-12-09,13977.201171875,14063.126953125,13891.275390625,13977.201171875,10209901
2024-12-10,13977.201171875,14034.484375,13891.275390625,13891.275390625,8745433
2024-12-11,13891.275390625,13977.201171875,13805.3505859375,13919.91796875,9816071
2024-12-12,13977.201171875,14063.126953125,13919.91796875,13919.91796875,10035156
2024-12-13,13891.275390625,13948.5595703125,13862.6337890625,13891.275390625,7674620
2024-12-16,13891.275390625,13948.5595703125,13748.06640625,13805.3505859375,9935826
2024-12-17,13776.7080078125,13862.6337890625,13776.7080078125,13833.9921875,6752193
2024-12-18,13833.9921875,13862.6337890625,13776.7080078125,13862.6337890625,6596476
2024-12-19,13633.4990234375,13776.7080078125,13633.4990234375,13662.1416015625,18253562
2024-12-20,13662.1416015625,13748.06640625,13633.4990234375,13748.06640625,7198219
2024-12-23,13748.06640625,13833.9921875,13748.06640625,13776.7080078125,5744400
2024-12-24,13776.7080078125,13776.7080078125,13662.1416015625,13690.783203125,6074686
2024-12-25,13719.4248046875,14206.3359375,13719.4248046875,14005.8427734375,25871099
2024-12-26,14034.484375,14263.619140625,14005.8427734375,14263.619140625,34747460
2024-12-27,14349.544921875,14492.75390625,14320.90234375,14349.544921875,29156506
2024-12-30,14406.828125,14406.828125,14206.3359375,14206.3359375,19315995
2024-12-31,14206.3359375,14378.1865234375,14206.3359375,14378.1865234375,19623937
2025-01-01,14378.1865234375,14378.1865234375,14378.1865234375,14378.1865234375,0
2025-01-02,14406.828125,14578.6787109375,14349.544921875,14435.4697265625,21709176
2025-01-03,14435.4697265625,14435.4697265625,14149.0517578125,14149.0517578125,19264846
2025-01-06,14149.0517578125,14263.619140625,13977.201171875,13977.201171875,25410060
2025-01-07,14295.125,14295.125,13965.744140625,14262.1875,17914373
2025-01-08,14130.4345703125,14295.125,14130.4345703125,14229.2490234375,9921799
2025-01-09,14229.2490234375,14295.125,14130.4345703125,14163.373046875,6629865
2025-01-10,14130.4345703125,14163.373046875,13932.806640625,13932.806640625,13178820
2025-01-13,13932.806640625,14163.373046875,13801.0537109375,14163.373046875,11949088
2025-01-14,14097.4970703125,14163.373046875,13932.806640625,14031.6201171875,8707248
2025-01-15,14130.4345703125,14163.373046875,14031.6201171875,14064.55859375,7174371
2025-01-16,14130.4345703125,14163.373046875,14031.6201171875,14064.55859375,7174371
2025-01-17,14163.373046875,14163.373046875,14064.55859375,14163.373046875,6806256
2025-01-20,14163.373046875,14459.8154296875,14163.373046875,14393.939453125,12506498
2025-01-21,14459.8154296875,14525.69140625,14328.0634765625,14393.939453125,10277163
2025-01-22,14459.8154296875,14459.8154296875,14328.0634765625,14361.0009765625,9050012
2025-01-23,14426.8779296875,14657.4443359375,14361.0009765625,14624.505859375,20849881
2025-01-24,14525.69140625,14789.1962890625,14525.69140625,14756.2578125,14873819
2025-01-27,14756.2578125,14756.2578125,14756.2578125,14756.2578125,0
2025-01-28,14756.2578125,14756.2578125,14756.2578125,14756.2578125,0
2025-01-29,14756.2578125,14756.2578125,14756.2578125,14756.2578125,0
2025-01-30,14756.2578125,14756.2578125,14756.2578125,14756.2578125,0
2025-01-31,14756.2578125,14756.2578125,14756.2578125,14756.2578125,0
2025-02-03,14525.69140625,14657.4443359375,14459.8154296875,14525.69140625,13795432
2025-02-04,14624.505859375,14888.0107421875,14558.6298828125,14789.1962890625,16784981
2025-02-05,14822.134765625,14855.072265625,14690.3818359375,14822.134765625,10974381
2025-02-06,14855.072265625,15118.5771484375,14855.072265625,14888.0107421875,16327911
2025-02-07,14953.88671875,15151.515625,14756.2578125,14986.8251953125,21544822
2025-02-10,14953.88671875,15316.205078125,14789.1962890625,15085.638671875,29352351
2025-02-11,15151.515625,15151.515625,15052.701171875,15151.515625,11748257
2025-02-12,15151.515625,15184.453125,14953.88671875,14953.88671875,10907892
2025-02-13,15052.701171875,15085.638671875,14888.0107421875,15085.638671875,11321395
2025-02-14,15151.515625,15151.515625,15019.7626953125,15052.701171875,12387031
2025-02-17,15085.638671875,15085.638671875,14888.0107421875,14920.9482421875,13174722
2025-02-18,14920.9482421875,15118.5771484375,14888.0107421875,14953.88671875,15305235
2025-02-19,15019.7626953125,15118.5771484375,14953.88671875,15052.701171875,13914747
2025-02-20,15151.515625,15151.515625,15052.701171875,15052.701171875,16442672
2025-02-21,15085.638671875,15250.3291015625,15019.7626953125,15085.638671875,31140100
2025-02-24,15019.7626953125,15184.453125,15019.7626953125,15151.515625,20432583
2025-02-25,15184.453125,15513.833984375,15184.453125,15415.01953125,57222831
2025-02-26,15480.8955078125,15513.833984375,15283.267578125,15283.267578125,12715982
2025-02-27,15283.267578125,15316.205078125,15118.5771484375,15283.267578125,19379698
2025-02-28,15217.3916015625,15250.3291015625,15118.5771484375,15151.515625,16778150
2025-03-03,15151.515625,15217.3916015625,15118.5771484375,15217.3916015625,13958920
2025-03-04,15184.453125,15546.7724609375,15052.701171875,15415.01953125,32435106
2025-03-05,15415.01953125,15876.15234375,15349.1435546875,15513.833984375,46079952
2025-03-06,15612.6484375,15876.15234375,15480.8955078125,15876.15234375,39345193
2025-03-07,15974.966796875,16403.162109375,15876.15234375,16139.6572265625,71977639
2025-03-10,16304.34765625,16403.162109375,16106.7197265625,16139.6572265625,29478952
2025-03-11,15942.029296875,16337.2861328125,15909.0908203125,16337.2861328125,40256297
2025-03-12,16403.162109375,16469.0390625,16205.533203125,16205.533203125,46993636
2025-03-13,16238.4716796875,16271.41015625,15942.029296875,16007.9052734375,35011303
2025-03-14,15974.966796875,16106.7197265625,15909.0908203125,16007.9052734375,29941032
2025-03-17,16073.78125,16106.7197265625,15876.15234375,16007.9052734375,38863684
2025-03-18,16073.78125,16073.78125,15744.400390625,15744.400390625,40400052
2025-03-19,15744.400390625,15810.2763671875,15612.6484375,15711.462890625,30945948
2025-03-20,15810.2763671875,16040.8427734375,15744.400390625,15974.966796875,32094466
2025-03-21,16007.9052734375,16139.6572265625,15942.029296875,16007.9052734375,23631465
2025-03-24,16007.9052734375,16073.78125,15777.3388671875,16073.78125,23637385
2025-03-25,16139.6572265625,16172.595703125,15909.0908203125,15942.029296875,19338409
2025-03-26,15909.0908203125,16073.78125,15810.2763671875,15810.2763671875,27744941
2025-03-27,15810.2763671875,15876.15234375,15744.400390625,15744.400390625,18862364
2025-03-28,15810.2763671875,15876.15234375,15678.5244140625,15744.400390625,19790317
2025-03-31,15711.462890625,15876.15234375,15678.5244140625,15876.15234375,28385385
2025-04-01,15909.0908203125,16205.533203125,15810.2763671875,16205.533203125,21129801
2025-04-02,16205.533203125,16238.4716796875,16040.8427734375,16040.8427734375,14858032
2025-04-03,15546.7724609375,15612.6484375,14920.9482421875,14920.9482421875,130954975
2025-04-04,13899.8681640625,14789.1962890625,13899.8681640625,14789.1962890625,110991454
2025-04-07,14789.1962890625,14789.1962890625,14789.1962890625,14789.1962890625,0
2025-04-08,13932.806640625,14426.8779296875,13768.1162109375,13768.1162109375,97940904
2025-04-09,12812.912109375,14097.4970703125,12812.912109375,13603.42578125,92938791
2025-04-10,14525.69140625,14525.69140625,14525.69140625,14525.69140625,2561169
2025-04-11,14822.134765625,15480.8955078125,14756.2578125,15447.9580078125,119848225
2025-04-14,15480.8955078125,15513.833984375,15250.3291015625,15447.9580078125,48093427
2025-04-15,15151.515625,15415.01953125,15085.638671875,15151.515625,44799671
2025-04-16,15151.515625,15316.205078125,14986.8251953125,15085.638671875,33239646
2025-04-17,14953.88671875,15151.515625,14888.0107421875,15151.515625,32748573
2025-04-18,15217.3916015625,15447.9580078125,15184.453125,15316.205078125,47912482
2025-04-21,15480.8955078125,15480.8955078125,15019.7626953125,15118.5771484375,56384288
2025-04-22,15052.701171875,15250.3291015625,14196.310546875,15217.3916015625,68879250
2025-04-23,15447.9580078125,15612.6484375,15217.3916015625,15415.01953125,51400390
2025-04-24,15415.01953125,15415.01953125,15184.453125,15316.205078125,27474433
2025-04-25,15480.8955078125,15645.5859375,15349.1435546875,15513.833984375,61799601
2025-04-28,15678.5244140625,15711.462890625,15513.833984375,15612.6484375,35021019
2025-04-29,15612.6484375,15645.5859375,15513.833984375,15513.833984375,20005418
2025-04-30,15513.833984375,15513.833984375,15513.833984375,15513.833984375,0
2025-05-01,15513.833984375,15513.833984375,15513.833984375,15513.833984375,0
2025-05-02,15513.833984375,15513.833984375,15513.833984375,15513.833984375,0
2025-05-05,15612.6484375,15645.5859375,15447.9580078125,15513.833984375,28625229
2025-05-06,15612.6484375,15645.5859375,15447.9580078125,15513.833984375,28625229
2025-05-07,15546.7724609375,15612.6484375,15480.8955078125,15513.833984375,34600684
2025-05-08,15513.833984375,15546.7724609375,15283.267578125,15316.205078125,33234181
2025-05-09,15349.1435546875,15546.7724609375,15283.267578125,15513.833984375,31902895
2025-05-12,15415.01953125,15744.400390625,15382.08203125,15678.5244140625,52669438
2025-05-13,15415.01953125,15744.400390625,15382.08203125,15678.5244140625,52669438
2025-05-14,15843.21484375,16139.6572265625,15810.2763671875,16139.6572265625,60861325
2025-05-15,16139.6572265625,16271.41015625,16040.8427734375,16139.6572265625,45037997
2025-05-16,16205.533203125,16765.48046875,16205.533203125,16501.9765625,104868145
2025-05-19,16139.6572265625,16403.162109375,16040.8427734375,16205.533203125,38392497
2025-05-20,16139.6572265625,16403.162109375,16040.8427734375,16205.533203125,38392497
2025-05-21,16271.41015625,16534.9140625,16139.6572265625,16370.2236328125,47640304
2025-05-22,16600.791015625,16831.357421875,16370.2236328125,16501.9765625,46097561
2025-05-23,16699.60546875,16699.60546875,16139.6572265625,16238.4716796875,39104894
2025-05-26,16271.41015625,16337.2861328125,15810.2763671875,16337.2861328125,27703500
2025-05-27,16271.41015625,16337.2861328125,15810.2763671875,16337.2861328125,27703500
2025-05-28,16469.0390625,16469.0390625,16238.4716796875,16304.34765625,27243242
2025-05-29,16370.2236328125,16370.2236328125,16172.595703125,16205.533203125,21786032
2025-05-30,16304.34765625,16304.34765625,16106.7197265625,16139.6572265625,19379698
2025-06-02,16106.7197265625,16271.41015625,15909.0908203125,16205.533203125,29121767
2025-06-03,16106.7197265625,16271.41015625,15909.0908203125,16205.533203125,29121767
2025-06-04,16238.4716796875,16337.2861328125,16238.4716796875,16271.41015625,29216035
2025-06-05,16304.34765625,16337.2861328125,16139.6572265625,16172.595703125,20466738
2025-06-06,16172.595703125,16238.4716796875,16073.78125,16073.78125,15175142
2025-06-09,15909.0908203125,16007.9052734375,15876.15234375,15974.966796875,19795327
2025-06-10,15909.0908203125,16007.9052734375,15876.15234375,15974.966796875,19795327
2025-06-11,16007.9052734375,16172.595703125,15876.15234375,15942.029296875,19640187
2025-06-12,15942.029296875,16007.9052734375,15909.0908203125,15974.966796875,9364390
2025-06-13,16007.9052734375,16271.41015625,16007.9052734375,16271.41015625,34220122
2025-06-16,16370.2236328125,16600.791015625,16337.2861328125,16534.9140625,32059097
2025-06-17,16370.2236328125,16600.791015625,16337.2861328125,16534.9140625,32059097
2025-06-18,16633.728515625,16732.54296875,16370.2236328125,16469.0390625,33358201
2025-06-19,16534.9140625,16666.666015625,16403.162109375,16501.9765625,39756116
2025-06-20,16600.791015625,16600.791015625,16436.099609375,16534.9140625,23050222
2025-06-23,16831.357421875,17193.67578125,16798.419921875,17061.923828125,35949276
2025-06-24,16831.357421875,17193.67578125,16798.419921875,17061.923828125,35949276
2025-06-25,17193.67578125,17391.3046875,17061.923828125,17061.923828125,39444015
2025-06-26,17127.798828125,17160.73828125,16864.294921875,16864.294921875,31870410
2025-06-27,16930.171875,17061.923828125,16798.419921875,17061.923828125,29516599
2025-06-30,16963.109375,17061.923828125,16930.171875,16996.046875,16278728
2025-07-01,16963.109375,17061.923828125,16930.171875,16996.046875,16278728
2025-07-02,17061.923828125,17226.61328125,16996.046875,17127.798828125,33918343
2025-07-03,17160.73828125,17325.427734375,17127.798828125,17160.73828125,21245472
2025-07-04,17226.61328125,17358.3671875,17094.861328125,17094.861328125,38811465
2025-07-07,17193.67578125,17457.1796875,17193.67578125,17391.3046875,28213396
2025-07-08,17193.67578125,17457.1796875,17193.67578125,17391.3046875,28213396
2025-07-09,17457.1796875,17588.93359375,17358.3671875,17391.3046875,24454069
2025-07-10,17490.119140625,17654.80859375,17391.3046875,17523.056640625,38375799
2025-07-11,17588.93359375,17588.93359375,17391.3046875,17424.2421875,21877871
2025-07-14,17621.87109375,17720.685546875,17391.3046875,17654.80859375,22844837
2025-07-15,17621.87109375,17720.685546875,17391.3046875,17654.80859375,22844837
2025-07-16,17654.80859375,17852.4375,17523.056640625,17523.056640625,29332314
2025-07-17,17457.1796875,17621.87109375,17424.2421875,17588.93359375,26743668
2025-07-18,17621.87109375,17720.685546875,17490.119140625,17621.87109375,26323486
2025-07-21,17984.189453125,18214.755859375,17720.685546875,17753.623046875,27247189
2025-07-22,17984.189453125,18214.755859375,17720.685546875,17753.623046875,27247189
2025-07-23,17720.685546875,17885.375,17555.994140625,17885.375,23475262
2025-07-24,17918.314453125,18181.818359375,17852.4375,18050.06640625,41276393
2025-07-25,18148.880859375,18741.765625,18148.880859375,18708.828125,60727590
2025-07-28,18741.765625,18939.39453125,18675.888671875,18939.39453125,37798503
2025-07-29,18741.765625,18939.39453125,18675.888671875,18939.39453125,37798503
2025-07-30,18972.33203125,19005.26953125,17687.74609375,17687.74609375,74365150
2025-07-31,17918.314453125,18346.5078125,17687.74609375,18050.06640625,48735086
2025-08-01,18214.755859375,18313.5703125,17753.623046875,18083.00390625,37905674
2025-08-04,17852.4375,18313.5703125,17819.5,18313.5703125,32247177
2025-08-05,17852.4375,18313.5703125,17819.5,18313.5703125,32247177
2025-08-06,19038.208984375,19565.216796875,18214.755859375,19565.216796875,107935720
2025-08-07,20092.2265625,20388.669921875,19894.59765625,20158.103515625,46124581
2025-08-08,20355.73046875,20388.669921875,19993.412109375,20256.91796875,40956702
2025-08-11,20289.85546875,21376.8125,20223.978515625,20948.6171875,73880604
2025-08-12,21277.998046875,21343.873046875,20849.802734375,21343.873046875,85954321
2025-08-13,22086.95703125,22434.783203125,21478.26171875,22434.783203125,91551385
2025-08-14,22086.95703125,22434.783203125,21478.26171875,22434.783203125,91551385
2025-08-15,24000.0,24000.0,24000.0,24000.0,46369035
2025-08-18,24826.087890625,24869.564453125,24043.478515625,24173.912109375,58686455
2025-08-19,24826.087890625,24869.564453125,24043.478515625,24173.912109375,58686455
2025-08-20,24652.173828125,25565.216796875,24260.869140625,24521.73828125,62113685
2025-08-21,24521.73828125,24608.6953125,23347.826171875,24173.912109375,89002180
2025-08-22,24391.3046875,24956.521484375,24130.435546875,24521.73828125,65722845
2025-08-25,23608.6953125,23739.130859375,22434.783203125,22782.609375,64618845
2025-08-26,23608.6953125,23739.130859375,22434.783203125,22782.609375,64618845
2025-08-27,22782.609375,24000.0,22695.65234375,23956.521484375,46498755
2025-08-28,24521.73828125,24565.216796875,23826.087890625,23826.087890625,44939240
2025-08-29,23826.087890625,23956.521484375,23217.390625,23652.173828125,37337050
2025-09-01,23652.173828125,23652.173828125,23652.173828125,23652.173828125,0
2025-09-02,23652.173828125,23652.173828125,23652.173828125,23652.173828125,0
2025-09-03,24173.912109375,25043.478515625,23913.04296875,24739.130859375,53651640
2025-09-04,24173.912109375,25043.478515625,23913.04296875,24739.130859375,53651640
2025-09-05,24739.130859375,24869.564453125,24434.783203125,24565.216796875,32262330
2025-09-08,23652.173828125,23695.65234375,23217.390625,23217.390625,72299350
2025-09-09,23652.173828125,23695.65234375,23217.390625,23217.390625,72299350
2025-09-10,23217.390625,23478.26171875,22869.564453125,23173.912109375,37766805
2025-09-11,23478.26171875,23956.521484375,23304.34765625,23434.783203125,33233045
2025-09-12,23304.34765625,23434.783203125,22652.173828125,23217.390625,35841130
2025-09-15,23217.390625,23217.390625,23217.390625,23217.390625,0
2025-09-16,23260.869140625,23347.826171875,23086.95703125,23347.826171875,24705795
2025-09-17,23565.216796875,24217.390625,23521.73828125,23913.04296875,59071820
2025-09-18,23826.087890625,23956.521484375,23478.26171875,23478.26171875,18191965
2025-09-19,23434.783203125,23565.216796875,23130.435546875,23304.34765625,20373630
2025-09-22,23086.95703125,23130.435546875,22695.65234375,22739.130859375,30328605
2025-09-23,23086.95703125,23130.435546875,22695.65234375,22739.130859375,30328605
2025-09-24,23000.0,23086.95703125,22739.130859375,22913.04296875,11615460
2025-09-25,22913.04296875,23304.34765625,22521.73828125,23304.34765625,26164915
2025-09-26,23478.26171875,23478.26171875,22956.521484375,23086.95703125,17813155
2025-09-29,22826.087890625,22913.04296875,22695.65234375,22739.130859375,18690950
2025-09-30,22826.087890625,22913.04296875,22695.65234375,22739.130859375,18690950
2025-10-01,22782.609375,23130.435546875,22652.173828125,22782.609375,22723770
2025-10-02,22826.087890625,23130.435546875,22739.130859375,22956.521484375,13276290
2025-10-03,23043.478515625,23782.609375,23000.0,23304.34765625,50699015
2025-10-06,23434.783203125,23913.04296875,23173.912109375,23782.609375,44829760
2025-10-07,23434.783203125,23913.04296875,23173.912109375,23782.609375,44829760
2025-10-08,23913.04296875,23956.521484375,23347.826171875,23347.826171875,25516545
2025-10-09,23652.173828125,23739.130859375,23347.826171875,23347.826171875,36998950
2025-10-10,23478.26171875,23826.087890625,23347.826171875,23782.609375,44467855
2025-10-13,23608.6953125,23826.087890625,23478.26171875,23782.609375,53417385
2025-10-14,23608.6953125,23826.087890625,23478.26171875,23782.609375,53417385
2025-10-15,23913.04296875,24086.95703125,23521.73828125,23521.73828125,56811495
2025-10-16,23608.6953125,24043.478515625,23565.216796875,23695.65234375,36209245
2025-10-17,23739.130859375,23956.521484375,23608.6953125,23652.173828125,30455220
2025-10-20,23434.783203125,23565.216796875,21956.521484375,21956.521484375,85709730
2025-10-21,23434.783203125,23565.216796875,21956.521484375,21956.521484375,85709730
2025-10-22,22043.478515625,22608.6953125,21565.216796875,22000.0,59418660
2025-10-23,22260.869140625,22304.34765625,21565.216796875,22130.435546875,34035745
2025-10-24,22173.912109375,22347.826171875,21913.04296875,21913.04296875,22890520
2025-10-27,21347.826171875,21434.783203125,20695.65234375,20695.65234375,60174900
2025-10-28,21347.826171875,21434.783203125,20695.65234375,20695.65234375,60174900
2025-10-29,20695.65234375,20869.564453125,20130.435546875,20869.564453125,56947770
2025-10-30,21043.478515625,21391.3046875,20913.04296875,21173.912109375,27723510
2025-10-31,21217.390625,21217.390625,20739.130859375,20826.087890625,28173390
2025-11-03,20608.6953125,20869.564453125,20086.95703125,20086.95703125,34455380
2025-11-04,20434.783203125,21173.912109375,20173.912109375,20869.564453125,43960475
2025-11-05,20434.783203125,21173.912109375,20173.912109375,20869.564453125,43960475
2025-11-06,20869.564453125,20956.521484375,20521.73828125,20608.6953125,12325585
2025-11-07,20652.173828125,20652.173828125,20130.435546875,20260.869140625,24525705
2025-11-10,20260.869140625,20521.73828125,20043.478515625,20086.95703125,19578980
2025-11-11,20130.435546875,20304.34765625,20000.0,20173.912109375,17492765
2025-11-12,20304.34765625,20695.65234375,20173.912109375,20608.6953125,20157545
2025-11-13,20652.173828125,20695.65234375,20434.783203125,20434.783203125,22575995
2025-11-14,20391.3046875,20565.216796875,20260.869140625,20434.783203125,19044920
2025-11-17,20521.73828125,20826.087890625,20521.73828125,20695.65234375,19369910
2025-11-18,20695.65234375,20826.087890625,20608.6953125,20608.6953125,22416835
2025-11-19,20652.173828125,20695.65234375,20347.826171875,20434.783203125,19068955
2025-11-20,20608.6953125,20608.6953125,20260.869140625,20304.34765625,15665645
2025-11-21,20217.390625,20217.390625,20000.0,20173.912109375,30669350
2025-11-24,20217.390625,20347.826171875,20043.478515625,20130.435546875,12110650
2025-11-25,20173.912109375,20260.869140625,19826.087890625,19869.564453125,21278105
2025-11-26,19913.04296875,20391.3046875,19869.564453125,20217.390625,24880595
2025-11-27,20304.34765625,20565.216796875,20260.869140625,20434.783203125,26326145
2025-11-28,20434.783203125,20434.783203125,20217.390625,20217.390625,13523310
2025-12-01,20260.869140625,20347.826171875,20173.912109375,20173.912109375,8965745
2025-12-02,20173.912109375,20521.73828125,20000.0,20478.26171875,22041360
2025-12-03,20478.26171875,21391.3046875,20478.26171875,21347.826171875,65176135
2025-12-04,21565.216796875,22608.6953125,21565.216796875,22347.826171875,93042130
2025-12-05,22434.783203125,22434.783203125,21826.087890625,21869.564453125,33861175
2025-12-08,21739.130859375,22217.390625,21608.6953125,22000.0,26009320
2025-12-09,21782.609375,21913.04296875,21173.912109375,21478.26171875,39535735
2025-12-10,21478.26171875,22130.435546875,21391.3046875,21869.564453125,29745095
2025-12-11,21956.521484375,22000.0,21478.26171875,21608.6953125,17469190
2025-12-12,21652.173828125,21695.65234375,20869.564453125,20869.564453125,25126580
2025-12-15,20869.564453125,21043.478515625,20565.216796875,20652.173828125,18426565
2025-12-16,20739.130859375,21521.73828125,20434.783203125,21260.869140625,24635300
2025-12-17,21347.826171875,21478.26171875,21173.912109375,21217.390625,10953290
2025-12-18,21347.826171875,21478.26171875,21173.912109375,21217.390625,10953290
2025-12-19,21434.783203125,21478.26171875,21304.34765625,21478.26171875,11895140
2025-12-22,21608.6953125,22086.95703125,21434.783203125,21956.521484375,30663715
2025-12-23,22043.478515625,22304.34765625,21652.173828125,21826.087890625,25295630
2025-12-24,21826.087890625,22217.390625,21695.65234375,22000.0,28513905
2025-12-25,21826.087890625,22217.390625,21695.65234375,22000.0,28513905
2025-12-26,21478.26171875,21739.130859375,21043.478515625,21608.6953125,28024925
2025-12-29,21608.6953125,21739.130859375,21478.26171875,21608.6953125,13165430
2025-12-30,21652.173828125,21913.04296875,21608.6953125,21739.130859375,13865435
2025-12-31,21739.130859375,22000.0,21695.65234375,22000.0,27398520
2026-01-01,22000.0,22000.0,22000.0,22000.0,0
2026-01-02,22000.0,22000.0,22000.0,22000.0,0
2026-01-05,22043.478515625,22391.3046875,20869.564453125,22043.478515625,42387275
2026-01-06,22130.435546875,23260.869140625,21739.130859375,23173.912109375,82965715
2026-01-07,23260.869140625,23347.826171875,23000.0,23217.390625,38982585
2026-01-08,23260.869140625,23608.6953125,23043.478515625,23130.435546875,54665135
2026-01-09,23260.869140625,24086.95703125,23217.390625,23739.130859375,75975095
2026-01-12,23956.521484375,24521.73828125,23956.521484375,24521.73828125,65513545
2026-01-13,24565.216796875,24608.6953125,23869.564453125,23956.521484375,52634350
2026-01-14,24000.0,24304.34765625,23347.826171875,23608.6953125,51895245
2026-01-15,23521.73828125,23956.521484375,23304.34765625,23695.65234375,39786320
2026-01-16,23826.087890625,24086.95703125,23521.73828125,23521.73828125,23413425
2026-01-19,23652.173828125,24000.0,23608.6953125,23913.04296875,31301390
2026-01-20,24130.435546875,24347.826171875,23565.216796875,23826.087890625,32325350
2026-01-21,23739.130859375,23913.04296875,23391.3046875,23478.26171875,31126705
2026-01-22,23608.6953125,23869.564453125,23391.3046875,23434.783203125,20132705
2026-01-23,23434.783203125,23565.216796875,23173.912109375,23434.783203125,26492320
2026-01-26,23260.869140625,23347.826171875,22608.6953125,22695.65234375,36464200
2026-01-27,22739.130859375,23130.435546875,22695.65234375,23043.478515625,22081150
2026-01-28,23086.95703125,23260.869140625,22782.609375,23086.95703125,20648135
2026-01-29,23391.3046875,23434.783203125,22869.564453125,23217.390625,22204545
2026-01-30,23260.869140625,23652.173828125,23130.435546875,23652.173828125,32274290
2026-02-02,23652.173828125,24000.0,23434.783203125,23739.130859375,29874240
2026-02-03,23913.04296875,24434.783203125,23913.04296875,24086.95703125,58384580
2026-02-04,24217.390625,24434.783203125,23956.521484375,24173.912109375,29593755
2026-02-05,24217.390625,24260.869140625,23521.73828125,23521.73828125,29078785
2026-02-06,23478.26171875,24434.783203125,23000.0,23782.609375,57451470
2026-02-09,24173.912109375,24434.783203125,23826.087890625,24000.0,29225870
2026-02-10,24173.912109375,24782.609375,23913.04296875,24217.390625,59016275
2026-02-11,24434.783203125,25652.173828125,24391.3046875,25217.390625,120263895
2026-02-12,25478.26171875,25478.26171875,24608.6953125,24652.173828125,32181485
2026-02-13,24869.564453125,24869.564453125,24608.6953125,24608.6953125,24577685
2026-02-16,24608.6953125,24608.6953125,24608.6953125,24608.6953125,0
2026-02-17,24608.6953125,24608.6953125,24608.6953125,24608.6953125,0
2026-02-18,24608.6953125,24608.6953125,24608.6953125,24608.6953125,0
2026-02-19,24608.6953125,24608.6953125,24608.6953125,24608.6953125,0
2026-02-20,24608.6953125,24608.6953125,24608.6953125,24608.6953125,0
2026-02-23,25043.478515625,25086.95703125,24608.6953125,24652.173828125,21891400
2026-02-24,24782.609375,24782.609375,24478.26171875,24565.216796875,31265165
2026-02-25,24782.609375,25478.26171875,24608.6953125,25000.0,32301660
2026-02-26,25130.435546875,25304.34765625,24739.130859375,25043.478515625,18465205
2026-02-27,25000.0,25086.95703125,24782.609375,24782.609375,17075775
2026-03-02,24347.826171875,24521.73828125,24000.0,24043.478515625,58851710
2026-03-03,24347.826171875,24521.73828125,24000.0,24043.478515625,58851710
2026-03-04,23565.216796875,23826.087890625,22913.04296875,23434.783203125,48420980
2026-03-05,23869.564453125,23956.521484375,23478.26171875,23521.73828125,19905005
2026-03-06,23565.216796875,23608.6953125,23173.912109375,23217.390625,25491590
2026-03-09,21652.173828125,22304.34765625,21608.6953125,21608.6953125,84015895
2026-03-10,22695.65234375,23086.95703125,22260.869140625,23086.95703125,43521175
2026-03-11,23086.95703125,23478.26171875,23000.0,23304.34765625,25544490
2026-03-12,23043.478515625,23304.34765625,22608.6953125,22826.087890625,21936940
2026-03-13,22782.609375,23043.478515625,22434.783203125,22739.130859375,19911905
2026-03-16,22739.130859375,23043.478515625,22695.65234375,22695.65234375,14315430
2026-03-17,22956.521484375,23260.869140625,22826.087890625,22913.04296875,10941675
2026-03-18,23217.390625,23391.3046875,22391.3046875,22869.564453125,17168925
2026-03-19,22652.173828125,23043.478515625,22521.73828125,22956.521484375,22682830
2026-03-20,22869.564453125,22913.04296875,22565.216796875,22565.216796875,15301785
2026-03-23,22260.869140625,22304.34765625,21608.6953125,21739.130859375,24922915
2026-03-24,22391.3046875,22608.6953125,22086.95703125,22260.869140625,14997265
2026-03-25,22565.216796875,22826.087890625,22478.26171875,22608.6953125,15899325
2026-03-26,22913.04296875,22913.04296875,22347.826171875,22434.783203125,15736140
2026-03-27,22391.3046875,22782.609375,22260.869140625,22739.130859375,14796705
2026-03-30,22434.783203125,22695.65234375,22304.34765625,22391.3046875,12896675
2026-03-31,22565.216796875,23217.390625,22565.216796875,23000.0,24110555
2026-04-01,23478.26171875,23565.216796875,23043.478515625,23043.478515625,21789855
2026-04-02,23043.478515625,23086.95703125,22521.73828125,22869.564453125,26900455
2026-04-03,22869.564453125,23000.0,22565.216796875,22565.216796875,12620905
2026-04-06,22608.6953125,22608.6953125,22260.869140625,22304.34765625,13403365
2026-04-07,22391.3046875,22434.783203125,22130.435546875,22260.869140625,17612480
2026-04-08,23000.0,23173.912109375,22695.65234375,23130.435546875,38416095
2026-04-09,23043.478515625,23217.390625,22913.04296875,23043.478515625,17223665
2026-04-10,23304.34765625,23565.216796875,23173.912109375,23217.390625,34876395
2026-04-13,22913.04296875,23173.912109375,22826.087890625,23000.0,17283925
2026-04-14,23217.390625,23304.34765625,23043.478515625,23217.390625,18693365
2026-04-15,23217.390625,23347.826171875,23130.435546875,23130.435546875,13286985
2026-04-16,23043.478515625,23130.435546875,22782.609375,22869.564453125,14768070
2026-04-17,22869.564453125,23130.435546875,22869.564453125,23000.0,9894715
2026-04-20,23000.0,23130.435546875,22913.04296875,22913.04296875,15267745
2026-04-21,22956.521484375,23130.435546875,22869.564453125,22869.564453125,14997955
2026-04-22,22913.04296875,22956.521484375,22695.65234375,22782.609375,9688405
2026-04-23,22782.609375,23478.26171875,22739.130859375,22956.521484375,17582810
2026-04-24,22956.521484375,22956.521484375,22782.609375,22782.609375,10435790
2026-04-27,22782.609375,22782.609375,22782.609375,22782.609375,0
2026-04-28,22782.609375,22826.087890625,22608.6953125,22608.6953125,14458720
2026-04-29,22608.6953125,22739.130859375,22478.26171875,22652.173828125,15283500
2026-04-30,22652.173828125,22652.173828125,22652.173828125,22652.173828125,0
2026-05-01,22652.173828125,22652.173828125,22652.173828125,22652.173828125,0
2026-05-04,22739.130859375,22956.521484375,22652.173828125,22695.65234375,11703665
2026-05-05,22608.6953125,22695.65234375,22391.3046875,22565.216796875,14161675
2026-05-06,22608.6953125,22739.130859375,22478.26171875,22652.173828125,18589175
2026-05-07,22739.130859375,22869.564453125,22608.6953125,22695.65234375,19304130
2026-05-08,22695.65234375,23086.95703125,22652.173828125,22739.130859375,25534600
2026-05-11,22782.609375,22913.04296875,22565.216796875,22608.6953125,19111620
2026-05-12,22608.6953125,22695.65234375,22521.73828125,22521.73828125,12953830
2026-05-13,22521.73828125,22608.6953125,22391.3046875,22434.783203125,14550145
2026-05-14,22478.26171875,22695.65234375,22434.783203125,22478.26171875,15046945
2026-05-15,22652.173828125,22652.173828125,22260.869140625,22304.34765625,25964125
2026-05-18,22304.34765625,22304.34765625,22086.95703125,22173.912109375,21612525
2026-05-19,22217.390625,22260.869140625,21782.609375,21782.609375,34871335
2026-05-20,21826.087890625,22000.0,21304.34765625,21391.3046875,44781690
2026-05-21,21478.26171875,21652.173828125,21391.3046875,21565.216796875,21427030
2026-05-22,21608.6953125,21652.173828125,21304.34765625,21434.783203125,17242295
2026-05-25,21565.216796875,21739.130859375,21521.73828125,21565.216796875,11710450
2026-05-26,21565.216796875,22217.390625,21565.216796875,22173.912109375,21474525
2026-05-27,22217.390625,22304.34765625,22000.0,22086.95703125,14489195
2026-05-28,22086.95703125,22260.869140625,21739.130859375,21739.130859375,11056790
2026-05-29,21739.130859375,21913.04296875,21608.6953125,21739.130859375,9397455
2026-06-01,21826.087890625,21869.564453125,21652.173828125,21826.087890625,5948030
2026-06-02,21826.087890625,21869.564453125,21434.783203125,21434.783203125,14765310
2026-06-03,21434.783203125,21913.04296875,21434.783203125,21913.04296875,16648320
2026-06-04,21782.609375,21913.04296875,21652.173828125,21739.130859375,9841700
2026-06-05,21782.609375,21869.564453125,21739.130859375,21739.130859375,9595025
2026-06-08,21652.173828125,21652.173828125,21347.826171875,21391.3046875,13903270
2026-06-09,21434.783203125,21608.6953125,21347.826171875,21434.783203125,11223425
2026-06-10,21434.783203125,21608.6953125,21434.783203125,21478.26171875,10782285
2026-06-11,21434.783203125,21521.73828125,21347.826171875,21521.73828125,5232155
2026-06-12,21739.130859375,21913.04296875,21608.6953125,21608.6953125,23486680
2026-06-15,21782.609375,22043.478515625,21782.609375,21913.04296875,18012450
2026-06-16,21956.521484375,22000.0,21826.087890625,21826.087890625,13397845
2026-06-17,21869.564453125,22000.0,21826.087890625,21913.04296875,13358860
2026-06-18,21913.04296875,22000.0,21869.564453125,21956.521484375,8011705
2026-06-19,21956.521484375,21956.521484375,21739.130859375,21739.130859375,8166150
2026-06-22,21782.609375,21826.087890625,21565.216796875,21565.216796875,8887430
2026-06-23,21695.65234375,22000.0,21521.73828125,21565.216796875,21351935
2026-06-24,21608.6953125,21695.65234375,21434.783203125,21565.216796875,14501040
2026-06-25,21565.216796875,21652.173828125,21478.26171875,21478.26171875,8718840
2026-06-26,21478.26171875,21565.216796875,21434.783203125,21521.73828125,7941900
2026-06-29,21608.6953125,21956.521484375,21565.216796875,21826.087890625,18183225
2026-06-30,21826.087890625,21956.521484375,21782.609375,21913.04296875,15561570
2026-07-01,21826.087890625,21956.521484375,21782.609375,21913.04296875,15561570
2026-07-02,22434.783203125,22521.73828125,22260.869140625,22304.34765625,11489535
2026-07-03,22434.783203125,22434.783203125,22086.95703125,22260.869140625,15584800
2026-07-06,22347.826171875,22434.783203125,21956.521484375,22000.0,14815220
2026-07-07,22086.95703125,22391.3046875,22000.0,22391.3046875,14224120
2026-07-08,22391.3046875,22739.130859375,22347.826171875,22608.6953125,23234600
2026-07-09,21695.65234375,21739.130859375,21391.3046875,21391.3046875,12899435
2026-07-10,21391.3046875,21739.130859375,21347.826171875,21434.783203125,12083740
2026-07-13,21391.3046875,21434.783203125,20869.564453125,21260.869140625,18590210
2026-07-14,20869.564453125,21347.826171875,20869.564453125,21347.826171875,14109005
2026-07-15,21086.95703125,21260.869140625,20826.087890625,20826.087890625,14633865
2026-07-16,20826.087890625,21086.95703125,20434.783203125,21000.0,16832550
2026-07-17,20913.04296875,20956.521484375,20652.173828125,20652.173828125,11959540
2026-07-20,20521.73828125,20608.6953125,19826.087890625,19826.087890625,23771535
2026-07-21,19739.130859375,20043.478515625,19652.173828125,19739.130859375,12984880
2026-07-22,19826.087890625,20173.912109375,19434.783203125,19434.783203125,24327100
2026-07-23,19391.3046875,19739.130859375,18782.609375,19173.912109375,24129760
2026-07-24,19173.912109375,19217.390625,18869.564453125,19043.478515625,11885710
2026-07-27,19086.95703125,19304.34765625,18826.087890625,18826.087890625,15841480
2026-07-28,18695.65234375,19260.869140625,18565.216796875,19260.869140625,19946750
2026-07-29,19304.34765625,19304.34765625,19086.95703125,19217.390625,10151855
2026-07-30,19173.912109375,19652.173828125,19173.912109375,19565.216796875,12882415
2026-07-31,19869.564453125,20130.435546875,19565.216796875,19565.216796875,13857730
2026-08-03,19782.609375,20913.04296875,19782.609375,20869.564453125,26145365
2026-08-04,20956.521484375,21260.869140625,20869.564453125,21217.390625,19535050
2026-08-05,21304.34765625,21304.34765625,20913.04296875,21130.435546875,16145655
2026-08-06,21130.435546875,21173.912109375,20695.65234375,20782.609375,10961110
2026-08-07,20782.609375,21173.912109375,20739.130859375,21000.0,10893490
2026-08-10,21000.0,21260.869140625,20826.087890625,21086.95703125,32717730
2026-08-11,20500.0,20550.0,20350.0,20350.0,18715600
2026-08-12,20400.0,20500.0,20350.0,20450.0,8937200
2026-08-13,20500.0,20550.0,20150.0,20150.0,11662400
2026-08-14,20150.0,20250.0,20000.0,20000.0,11904400
2026-08-17,20000.0,20200.0,19900.0,19900.0,7655700
2026-08-18,19900.0,20050.0,19850.0,19950.0,7081200
2026-08-19,19950.0,20000.0,19850.0,19950.0,5046400
2026-08-20,20000.0,20350.0,20000.0,20300.0,10904100
2026-08-21,20300.0,20850.0,20100.0,20850.0,15698000
2026-08-24,21050.0,21200.0,20750.0,20750.0,11070400
2026-08-25,20750.0,20950.0,20650.0,20650.0,10212100
2026-08-26,20650.0,21200.0,20500.0,21050.0,18747100
2026-08-27,21050.0,21200.0,20850.0,21050.0,7612900
2026-08-28,21050.0,21050.0,20850.0,21050.0,8679400
2026-08-31,21050.0,21050.0,21050.0,21050.0,0
2026-09-01,21050.0,21050.0,21050.0,21050.0,0
2026-09-02,21050.0,21050.0,21050.0,21050.0,0
2026-09-03,21000.0,21000.0,20600.0,20600.0,11654500
2026-09-04,20600.0,20850.0,20550.0,20550.0,8857700
2026-09-07,20550.0,20650.0,20100.0,20200.0,14138400
2026-09-08,20200.0,20250.0,20100.0,20150.0,7453700
2026-09-09,20150.0,20150.0,20150.0,20150.0,0
2026-09-10,20200.0,20250.0,20050.0,20100.0,6900700
2026-09-11,20000.0,20050.0,19750.0,19750.0,18351700
2026-09-14,19750.0,19950.0,19600.0,19700.0,16345400
2026-09-15,19750.0,20150.0,19750.0,20000.0,15925500
2026-09-16,20050.0,20300.0,20000.0,20300.0,9098600
2026-09-17,20150.0,20550.0,20100.0,20550.0,16498200
2026-09-18,20550.0,20600.0,19900.0,19900.0,16843700
2026-09-21,20150.0,20200.0,19900.0,20200.0,13897400
2026-09-22,20150.0,20200.0,19950.0,20100.0,9661200
2026-09-23,20100.0,20200.0,20000.0,20000.0,8858000
2026-09-24,20000.0,20100.0,19850.0,19850.0,8475200
2026-09-25,19900.0,20100.0,19850.0,19900.0,7854300
2026-09-28,19900.0,20000.0,19600.0,19800.0,9922600
2026-09-29,19750.0,19800.0,19500.0,19600.0,9381700
2026-09-30,19650.0,19800.0,19550.0,19650.0,6955000
2026-10-01,19700.0,19800.0,19550.0,19550.0,7635868
