Date,Open,High,Low,Close,Volume
2021-10-01,22696.779296875,22809.69921875,22132.181640625,22132.181640625,19004368
2021-10-04,22019.263671875,22075.72265625,21369.9765625,21793.423828125,3173
2021-10-05,22273.33203125,22979.078125,22132.181640625,22809.69921875,17140559
2021-10-06,22809.69921875,22809.69921875,22809.69921875,22809.69921875,0
2021-10-07,22583.859375,23120.2265625,22442.7109375,22979.078125,15062792
2021-10-08,22979.078125,22979.078125,22979.078125,22979.078125,0
2021-10-11,22979.078125,22979.078125,22979.078125,22979.078125,0
2021-10-12,23656.59375,23797.7421875,23374.294921875,23374.294921875,13375747
2021-10-13,23374.294921875,23571.904296875,23148.45703125,23148.45703125,12787185
2021-10-14,23148.45703125,23148.45703125,23148.45703125,23148.45703125,0
2021-10-15,23261.375,23374.294921875,22979.078125,23007.306640625,11311264
2021-10-18,23007.306640625,23007.306640625,23007.306640625,23007.306640625,0
2021-10-19,23148.45703125,23543.673828125,23035.537109375,23091.99609375,15697405
2021-10-20,23091.99609375,23120.2265625,22527.400390625,22753.23828125,23871561
2021-10-21,22809.69921875,22837.927734375,22414.48046875,22414.48046875,18097880
2021-10-22,22414.48046875,22555.62890625,22047.4921875,22132.181640625,19850282
2021-10-25,22132.181640625,22132.181640625,22132.181640625,22132.181640625,0
2021-10-26,22132.181640625,22132.181640625,22132.181640625,22132.181640625,0
2021-10-27,22132.181640625,22132.181640625,22132.181640625,22132.181640625,0
2021-10-28,22866.158203125,23374.294921875,22725.009765625,23035.537109375,22969501
2021-10-29,23063.767578125,23148.45703125,22696.779296875,22866.158203125,20737996
2021-11-01,22866.158203125,22866.158203125,22866.158203125,22866.158203125,0
2021-11-02,23430.75390625,23910.662109375,23374.294921875,23995.3515625,32939807
2021-11-03,24136.5,24192.958984375,23374.294921875,23543.673828125,3289092346
2021-11-04,23600.1328125,24785.78515625,23543.673828125,24277.6484375,44095562
2021-11-05,24447.02734375,24503.48828125,24164.73046875,24221.189453125,25161863
2021-11-08,24447.02734375,25378.61328125,24334.109375,25124.54296875,56040907
2021-11-09,25124.54296875,25293.921875,24729.326171875,25011.625,28593872
2021-11-10,25124.54296875,25802.060546875,25011.625,25237.462890625,34960720
2021-11-11,25265.693359375,25689.140625,24418.798828125,24926.935546875,43634702
2021-11-12,25068.083984375,25519.76171875,24870.474609375,25181.00390625,21809558
2021-11-15,25689.140625,26423.115234375,25463.302734375,25858.51953125,50400596
2021-11-16,25519.76171875,25886.75,25124.54296875,25265.693359375,28961922
2021-11-17,25293.921875,26112.587890625,25181.00390625,25886.75,35402274
2021-11-18,27326.470703125,27693.45703125,26536.03515625,27693.45703125,72545438
2021-11-19,28229.82421875,28681.501953125,25802.060546875,27382.9296875,54985286
2021-11-22,27382.9296875,28173.365234375,27044.171875,27439.388671875,36070362
2021-11-23,27270.009765625,29359.017578125,27044.171875,29359.017578125,66271754
2021-11-24,29923.61328125,30714.048828125,29754.234375,30036.533203125,41440569
2021-11-25,30092.9921875,31335.10546875,29810.6953125,31052.806640625,45023836
2021-11-26,30883.427734375,31278.646484375,29923.61328125,30205.912109375,54610682
2021-11-29,29641.31640625,31278.646484375,29641.31640625,31222.185546875,52691259
2021-11-30,32069.080078125,32577.216796875,31052.806640625,31560.943359375,42440221
2021-12-01,31335.10546875,31730.322265625,30544.669921875,31165.7265625,41190124
2021-12-02,31052.806640625,31504.484375,30488.2109375,30488.2109375,37625809
2021-12-03,30544.669921875,30714.048828125,28512.123046875,28512.123046875,79580551
2021-12-06,28568.58203125,29528.396484375,27665.228515625,28794.421875,55391417
2021-12-07,29359.017578125,29641.31640625,28681.501953125,29471.9375,28115831
2021-12-08,29641.31640625,29867.154296875,29246.09765625,29246.09765625,23040702
2021-12-09,28794.421875,30375.291015625,28794.421875,30375.291015625,29017360
2021-12-10,30318.83203125,30375.291015625,29697.775390625,29923.61328125,24769725
2021-12-13,30036.533203125,30488.2109375,29528.396484375,30149.453125,27502473
2021-12-14,30092.9921875,30431.75,29697.775390625,29754.234375,25739267
2021-12-15,29641.31640625,29980.07421875,29189.638671875,29189.638671875,24639012
2021-12-16,29302.55859375,29359.017578125,28512.123046875,28737.9609375,39530001
2021-12-17,28794.421875,29867.154296875,28737.9609375,29641.31640625,28592101
2021-12-20,29641.31640625,30770.509765625,29415.4765625,30205.912109375,32915542
2021-12-21,29980.07421875,30318.83203125,29641.31640625,29641.31640625,21771123
2021-12-22,29641.31640625,29810.6953125,28681.501953125,28850.880859375,40331104
2021-12-23,28681.501953125,28737.9609375,27100.630859375,27665.228515625,46549350
2021-12-24,27778.146484375,28201.595703125,27326.470703125,27693.45703125,15670306
2021-12-27,28201.595703125,28201.595703125,27665.228515625,27749.91796875,11564542
2021-12-28,27834.607421875,27975.755859375,27552.30859375,27552.30859375,17463976
2021-12-29,27608.767578125,28455.6640625,27157.091796875,28032.21484375,17374532
2021-12-30,28342.744140625,29810.6953125,28286.28515625,29697.775390625,29411447
2021-12-31,29867.154296875,29923.61328125,29133.1796875,29246.09765625,17019765
2022-01-03,29246.09765625,29246.09765625,29246.09765625,29246.09765625,0
2022-01-04,29641.31640625,30149.453125,29302.55859375,29923.61328125,29126996
2022-01-05,29923.61328125,30431.75,29641.31640625,29810.6953125,27809949
2022-01-06,29584.85546875,29923.61328125,29302.55859375,29302.55859375,23464545
2022-01-07,29189.638671875,29641.31640625,28907.33984375,29133.1796875,24751127
2022-01-10,29133.1796875,29359.017578125,27975.755859375,27975.755859375,30944577
2022-01-11,28060.4453125,28568.58203125,27100.630859375,27157.091796875,27633009
2022-01-12,27382.9296875,28512.123046875,27157.091796875,28512.123046875,27390003
2022-01-13,28794.421875,28850.880859375,27580.5390625,27580.5390625,20178127
2022-01-14,27354.69921875,27919.296875,27270.009765625,27495.849609375,11828624
2022-01-17,27382.9296875,27608.767578125,25576.220703125,25576.220703125,57291004
2022-01-18,25011.625,25463.302734375,23797.7421875,23882.431640625,28325184
2022-01-19,24785.78515625,25519.76171875,24475.2578125,25519.76171875,19634376
2022-01-20,25632.681640625,26084.357421875,25096.314453125,25802.060546875,16039065
2022-01-21,25519.76171875,25745.599609375,24955.1640625,25152.7734375,15104415
2022-01-24,24729.326171875,25011.625,23402.525390625,23402.525390625,33281290
2022-01-25,23148.45703125,24221.189453125,23091.99609375,24164.73046875,18130824
2022-01-26,24277.6484375,24503.48828125,23938.890625,23967.12109375,14906397
2022-01-27,23995.3515625,25124.54296875,23769.51171875,24503.48828125,13362640
2022-01-28,24447.02734375,25435.072265625,24390.568359375,25435.072265625,13803840
2022-01-31,25435.072265625,25435.072265625,25435.072265625,25435.072265625,0
2022-02-01,25435.072265625,25435.072265625,25435.072265625,25435.072265625,0
2022-02-02,25435.072265625,25435.072265625,25435.072265625,25435.072265625,0
2022-02-03,25435.072265625,25435.072265625,25435.072265625,25435.072265625,0
2022-02-04,25435.072265625,25435.072265625,25435.072265625,25435.072265625,0
2022-02-07,25971.439453125,26479.576171875,25576.220703125,25886.75,17163585
2022-02-08,25689.140625,26027.8984375,25406.841796875,25773.830078125,11792669
2022-02-09,25576.220703125,26140.818359375,25576.220703125,25802.060546875,14578198
2022-02-10,25858.51953125,25914.978515625,25181.00390625,25463.302734375,12391504
2022-02-11,25406.841796875,25773.830078125,25293.921875,25463.302734375,9843490
2022-02-14,25124.54296875,25237.462890625,24616.40625,24616.40625,18571316
2022-02-15,24616.40625,24616.40625,24616.40625,24616.40625,0
2022-02-16,25237.462890625,25463.302734375,25011.625,25350.3828125,8616241
2022-02-17,25293.921875,25491.53125,25293.921875,25406.841796875,10398045
2022-02-18,25124.54296875,25858.51953125,25068.083984375,25519.76171875,16624616
2022-02-21,25576.220703125,26197.27734375,25576.220703125,25971.439453125,19439901
2022-02-22,25576.220703125,25802.060546875,25124.54296875,25406.841796875,13644788
2022-02-23,25519.76171875,25745.599609375,25519.76171875,25576.220703125,9976328
2022-02-24,25463.302734375,25971.439453125,24531.716796875,25181.00390625,22586927
2022-02-25,25406.841796875,26281.966796875,25293.921875,25802.060546875,27771337
2022-02-28,25858.51953125,26310.197265625,25773.830078125,25802.060546875,13331645
2022-03-01,25971.439453125,26140.818359375,25632.681640625,25971.439453125,15594677
2022-03-02,25745.599609375,25886.75,25152.7734375,25293.921875,22328689
2022-03-03,25406.841796875,25689.140625,25124.54296875,25689.140625,14955282
2022-03-04,25971.439453125,26761.873046875,25943.208984375,26310.197265625,36336038
2022-03-07,26027.8984375,26451.345703125,25830.2890625,26423.115234375,20561232
2022-03-08,26253.736328125,27213.55078125,26027.8984375,26536.03515625,43098921
2022-03-09,26705.4140625,26818.333984375,25914.978515625,26310.197265625,21803890
2022-03-10,26987.712890625,26987.712890625,26310.197265625,26310.197265625,15061021
2022-03-11,26084.357421875,26253.736328125,25237.462890625,25406.841796875,29689699
2022-03-14,25181.00390625,25293.921875,24221.189453125,24390.568359375,29474678
2022-03-15,24305.87890625,24898.705078125,24277.6484375,24447.02734375,13837315
2022-03-16,24559.947265625,25096.314453125,24503.48828125,24729.326171875,12572873
2022-03-17,25096.314453125,25096.314453125,24729.326171875,24729.326171875,8354639
2022-03-18,24814.015625,25124.54296875,24672.8671875,24729.326171875,13848651
2022-03-21,25011.625,25096.314453125,24729.326171875,25011.625,12322605
2022-03-22,25011.625,25293.921875,24955.1640625,25039.853515625,10637331
2022-03-23,25124.54296875,25237.462890625,24955.1640625,24955.1640625,11210484
2022-03-24,25096.314453125,25096.314453125,24701.095703125,24729.326171875,12566496
2022-03-25,24701.095703125,24814.015625,24447.02734375,24531.716796875,14041532
2022-03-28,24221.189453125,24418.798828125,23600.1328125,23854.201171875,18405357
2022-03-29,24221.189453125,24221.189453125,24051.810546875,24080.041015625,7263240
2022-03-30,23769.51171875,24390.568359375,23741.283203125,23882.431640625,12394515
2022-03-31,24164.73046875,24164.73046875,23713.052734375,23713.052734375,7509079
2022-04-01,23713.052734375,24221.189453125,23374.294921875,24221.189453125,13822969
2022-04-04,24559.947265625,25435.072265625,24334.109375,25406.841796875,26231654
2022-04-05,25293.921875,25632.681640625,24983.39453125,25011.625,12783111
2022-04-06,24672.8671875,25350.3828125,24672.8671875,25181.00390625,14438098
2022-04-07,25181.00390625,25604.451171875,24870.474609375,24870.474609375,17074849
2022-04-08,24842.24609375,24983.39453125,24277.6484375,24277.6484375,12947653
2022-04-11,24277.6484375,24277.6484375,24277.6484375,24277.6484375,0
2022-04-12,24334.109375,24503.48828125,23487.21484375,23600.1328125,12449422
2022-04-13,23713.052734375,24136.5,23091.99609375,24023.580078125,14920744
2022-04-14,24249.419921875,24249.419921875,23656.59375,23713.052734375,7608088
2022-04-15,23600.1328125,23769.51171875,22499.169921875,22583.859375,17164647
2022-04-18,22188.642578125,22583.859375,21002.990234375,21172.369140625,29227067
2022-04-19,21228.828125,21680.505859375,19760.876953125,19760.876953125,21357199
2022-04-20,19732.646484375,20325.474609375,19591.498046875,19873.796875,17979743
2022-04-21,19535.0390625,20777.150390625,19478.578125,20353.703125,22219408
2022-04-22,20607.771484375,20692.4609375,19760.876953125,20353.703125,12534792
2022-04-25,20325.474609375,20466.623046875,18942.212890625,18942.212890625,19741532
2022-04-26,18349.38671875,19478.578125,17700.099609375,19478.578125,22547075
2022-04-27,19337.4296875,19535.0390625,19026.90234375,19422.119140625,9058327
2022-04-28,19365.66015625,19563.267578125,18801.0625,18913.982421875,10995286
2022-04-29,18913.982421875,19309.19921875,18716.373046875,18942.212890625,16492663
2022-05-02,18942.212890625,18942.212890625,18942.212890625,18942.212890625,0
2022-05-03,18942.212890625,18942.212890625,18942.212890625,18942.212890625,0
2022-05-04,18942.212890625,19083.361328125,18067.087890625,18067.087890625,13192430
2022-05-05,18349.38671875,18490.53515625,17107.2734375,17502.4921875,17943079
2022-05-06,16937.89453125,17333.111328125,16288.6083984375,16288.6083984375,26813308
2022-05-09,16062.7705078125,16091.0,15159.416015625,15159.416015625,34377471
2022-05-10,14679.5087890625,15836.931640625,14651.279296875,15752.2421875,27294183
2022-05-11,15836.931640625,15865.1611328125,15441.7138671875,15639.3232421875,10897340
2022-05-12,15385.2548828125,15554.6337890625,14566.58984375,14566.58984375,28116540
2022-05-13,14679.5087890625,15018.2666015625,14143.142578125,14566.58984375,44372928
2022-05-16,15469.9443359375,15582.86328125,15357.0244140625,15413.484375,33088763
2022-05-17,15244.10546875,16457.98828125,15187.6455078125,16457.98828125,34844531
2022-05-18,16486.216796875,16909.6640625,16147.4599609375,16175.689453125,43840513
2022-05-19,15582.86328125,16373.2978515625,15582.86328125,16091.0,33810518
2022-05-20,16260.37890625,16655.595703125,16034.5400390625,16062.7705078125,29308896
2022-05-23,16091.0,16175.689453125,14961.806640625,14961.806640625,54610505
2022-05-24,14905.34765625,15865.1611328125,14199.6015625,15865.1611328125,38674877
2022-05-25,15865.1611328125,16542.677734375,15808.7021484375,16260.37890625,30718044
2022-05-26,16316.8388671875,17050.814453125,16260.37890625,16627.3671875,51524585
2022-05-27,16542.677734375,17191.962890625,16514.447265625,16881.435546875,37359424
2022-05-30,16966.125,17333.111328125,16655.595703125,16881.435546875,25905934
2022-05-31,16599.13671875,16966.125,16373.2978515625,16740.28515625,32455922
2022-06-01,16655.595703125,16881.435546875,16203.9189453125,16683.826171875,25766366
2022-06-02,16683.826171875,16683.826171875,16683.826171875,16683.826171875,0
2022-06-03,16260.37890625,16768.515625,16260.37890625,16514.447265625,30571390
2022-06-06,16683.826171875,16881.435546875,16260.37890625,16373.2978515625,23317006
2022-06-07,16203.9189453125,16345.068359375,15385.2548828125,15921.62109375,32900310
2022-06-08,16091.0,16796.74609375,15921.62109375,16542.677734375,26851211
2022-06-09,16570.90625,16712.056640625,16288.6083984375,16373.2978515625,14119641
2022-06-10,16147.4599609375,16373.2978515625,15724.0126953125,15724.0126953125,27740519
2022-06-13,14961.806640625,15244.10546875,14651.279296875,14651.279296875,36994030
2022-06-14,14340.7509765625,14510.1298828125,13635.0048828125,13747.9248046875,32095665
2022-06-15,13832.6142578125,13973.7626953125,12788.1103515625,12788.1103515625,34527844
2022-06-16,13211.5576171875,13211.5576171875,12392.892578125,12505.8125,24014849
2022-06-17,11771.8369140625,12138.82421875,11630.6875,11630.6875,37085246
2022-06-20,11658.91796875,12025.9052734375,10840.2529296875,10840.2529296875,32349651
2022-06-21,10360.345703125,11235.4697265625,10190.966796875,10332.1162109375,44253020
2022-06-22,10632.4677734375,10632.4677734375,10512.3271484375,10632.4677734375,19797590
2022-06-23,10812.6796875,11113.03125,10752.6083984375,11113.03125,22802063
2022-06-24,11052.9609375,11473.4541015625,11022.92578125,11173.1015625,19858352
2022-06-27,11263.2080078125,11923.982421875,11173.1015625,11923.982421875,23132175
2022-06-28,11954.017578125,11984.052734375,11683.701171875,11773.806640625,21992513
2022-06-29,11593.5947265625,12134.2294921875,11533.5244140625,11863.912109375,23710163
2022-06-30,11833.876953125,11923.982421875,11293.2431640625,11293.2431640625,22044286
2022-07-01,11203.13671875,11893.947265625,10782.64453125,11833.876953125,25848819
2022-07-04,12044.123046875,12374.5107421875,11984.052734375,12134.2294921875,32814808
2022-07-05,12104.193359375,12224.3349609375,11833.876953125,11833.876953125,23672375
2022-07-06,11533.5244140625,11893.947265625,11353.3134765625,11413.3837890625,25245028
2022-07-07,11293.2431640625,11533.5244140625,11203.13671875,11473.4541015625,16352635
2022-07-08,11593.5947265625,12254.3701171875,11593.5947265625,12254.3701171875,50416976
2022-07-11,12284.4052734375,12704.8984375,11954.017578125,12404.5458984375,43388561
2022-07-12,12404.5458984375,12404.5458984375,12404.5458984375,12404.5458984375,0
2022-07-13,12554.7216796875,12674.86328125,12194.2998046875,12434.5810546875,29697468
2022-07-14,12314.4404296875,13185.4619140625,12224.3349609375,12915.14453125,39112581
2022-07-15,12975.21484375,13065.3212890625,12674.86328125,12674.86328125,27596934
2022-07-18,12795.00390625,12855.07421875,12434.5810546875,12554.7216796875,29992122
2022-07-19,12404.5458984375,12554.7216796875,12074.158203125,12404.5458984375,33073005
2022-07-20,12614.79296875,12975.21484375,12554.7216796875,12795.00390625,37110265
2022-07-21,12734.93359375,12975.21484375,12674.86328125,12795.00390625,26568807
2022-07-22,12795.00390625,12915.14453125,12554.7216796875,12554.7216796875,29813665
2022-07-25,12434.5810546875,12644.828125,12194.2998046875,12284.4052734375,30481048
2022-07-26,12344.4755859375,12434.5810546875,12074.158203125,12164.2646484375,27396835
2022-07-27,12014.087890625,12254.3701171875,11893.947265625,12254.3701171875,29639702
2022-07-28,12554.7216796875,12825.0390625,12434.5810546875,12704.8984375,32430426
2022-07-29,12795.00390625,13005.25,12644.828125,12825.0390625,34613030
2022-08-01,12825.0390625,13696.060546875,12825.0390625,13696.060546875,48559490
2022-08-02,13816.201171875,14206.6591796875,13756.130859375,13936.341796875,59141067
2022-08-03,13756.130859375,14236.6943359375,13726.095703125,14146.5888671875,37072975
2022-08-04,14296.7646484375,14356.8349609375,13816.201171875,14146.5888671875,34861905
2022-08-05,14026.4482421875,15077.6806640625,13966.3779296875,14897.4697265625,48266667
2022-08-08,15107.7158203125,15227.8564453125,14627.15234375,14807.36328125,35377799
2022-08-09,14837.3984375,14987.5751953125,14627.15234375,14897.4697265625,24886116
2022-08-10,14747.29296875,15017.6103515625,14687.22265625,14747.29296875,24278996
2022-08-11,14927.5048828125,15137.7509765625,14296.7646484375,14657.1875,46688187
2022-08-12,14627.15234375,14957.5400390625,14446.94140625,14957.5400390625,28597426
2022-08-15,15107.7158203125,15197.8212890625,14777.328125,14867.43359375,24264180
2022-08-16,14867.43359375,15017.6103515625,14687.22265625,14777.328125,19584840
2022-08-17,14897.4697265625,15107.7158203125,14717.2578125,14747.29296875,35309546
2022-08-18,14597.1171875,15317.9619140625,14597.1171875,15077.6806640625,47654719
2022-08-19,15077.6806640625,15287.9267578125,14957.5400390625,15107.7158203125,26223879
2022-08-22,15107.7158203125,15227.8564453125,14777.328125,14837.3984375,27880434
2022-08-23,14597.1171875,15257.8916015625,14296.7646484375,15257.8916015625,53977796
2022-08-24,15408.068359375,15438.103515625,15107.7158203125,15167.7861328125,22415850
2022-08-25,15227.8564453125,15618.314453125,15227.8564453125,15317.9619140625,24609108
2022-08-26,15317.9619140625,15408.068359375,14897.4697265625,14897.4697265625,38732361
2022-08-29,14537.046875,14657.1875,14146.5888671875,14657.1875,47624588
2022-08-30,14807.36328125,14897.4697265625,14356.8349609375,14386.8701171875,20134029
2022-08-31,14236.6943359375,14537.046875,14236.6943359375,14416.90625,18056135
2022-09-01,14416.90625,14416.90625,14416.90625,14416.90625,0
2022-09-02,14416.90625,14416.90625,14416.90625,14416.90625,0
2022-09-05,14476.9765625,14597.1171875,14236.6943359375,14236.6943359375,16910147
2022-09-06,14326.7998046875,14507.01171875,14116.5537109375,14266.7294921875,18356615
2022-09-07,14236.6943359375,14386.8701171875,13545.884765625,13545.884765625,38642633
2022-09-08,13786.166015625,13816.201171875,13245.5322265625,13245.5322265625,26597108
2022-09-09,13215.4970703125,13335.6376953125,12795.00390625,13335.6376953125,55669809
2022-09-12,13515.849609375,13515.849609375,13125.3916015625,13125.3916015625,19973717
2022-09-13,13125.3916015625,13245.5322265625,12734.93359375,13005.25,31583087
2022-09-14,12614.79296875,13305.6025390625,12614.79296875,13185.4619140625,43032312
2022-09-15,13275.5673828125,13275.5673828125,12975.21484375,13005.25,15736025
2022-09-16,12915.14453125,13035.28515625,12644.828125,12704.8984375,32406454
2022-09-19,12704.8984375,12704.8984375,11954.017578125,11954.017578125,37778480
2022-09-20,12134.2294921875,12464.6162109375,11954.017578125,12434.5810546875,23548520
2022-09-21,12314.4404296875,12494.6513671875,12224.3349609375,12344.4755859375,13953618
2022-09-22,12194.2998046875,12734.93359375,12134.2294921875,12674.86328125,28643705
2022-09-23,12614.79296875,12795.00390625,12344.4755859375,12404.5458984375,18002198
2022-09-26,12044.123046875,12194.2998046875,11563.5595703125,11713.736328125,38133064
2022-09-27,11833.876953125,12014.087890625,11713.736328125,11743.771484375,18234925
2022-09-28,11653.6650390625,12044.123046875,11653.6650390625,11863.912109375,23505404
2022-09-29,12134.2294921875,12134.2294921875,11593.5947265625,11593.5947265625,18879501
2022-09-30,11503.4892578125,11893.947265625,10992.890625,11893.947265625,34340350
2022-10-03,11773.806640625,11803.841796875,11082.99609375,11082.99609375,26374535
2022-10-04,11353.3134765625,11473.4541015625,10572.3974609375,10692.5380859375,25991652
2022-10-05,11022.92578125,11293.2431640625,10932.8203125,11203.13671875,22667055
2022-10-06,11203.13671875,11203.13671875,10452.2568359375,10452.2568359375,20096905
2022-10-07,10242.009765625,10272.044921875,9731.4111328125,10091.833984375,40170838
2022-10-10,10061.798828125,10632.4677734375,9941.658203125,10452.2568359375,29329233
2022-10-11,10242.009765625,10452.2568359375,9731.4111328125,9731.4111328125,27307773
2022-10-12,9851.552734375,10392.1865234375,9761.4462890625,10362.1513671875,30934016
2022-10-13,10362.1513671875,10632.4677734375,10211.974609375,10512.3271484375,20785930
2022-10-14,10812.6796875,11052.9609375,10692.5380859375,10752.6083984375,36684598
2022-10-17,10572.3974609375,10812.6796875,10362.1513671875,10812.6796875,22833859
2022-10-18,11052.9609375,11113.03125,10632.4677734375,10692.5380859375,31292096
2022-10-19,10752.6083984375,10812.6796875,10512.3271484375,10602.4326171875,20551538
2022-10-20,10512.3271484375,10722.5732421875,10362.1513671875,10452.2568359375,18664587
2022-10-21,10452.2568359375,10482.2919921875,9731.4111328125,9731.4111328125,46739127
2022-10-24,9791.4814453125,9851.552734375,9070.63671875,9070.63671875,38878023
2022-10-25,9070.63671875,9641.3056640625,8590.0732421875,9040.6015625,38287383
2022-10-26,9190.77734375,9370.98828125,8830.3544921875,8920.4599609375,15006382
2022-10-27,9070.63671875,9521.1650390625,9010.56640625,9521.1650390625,36141402
2022-10-28,9731.4111328125,9851.552734375,9521.1650390625,9551.2001953125,27072383
2022-10-31,9551.2001953125,9851.552734375,9130.70703125,9791.4814453125,34129764
2022-11-01,9971.693359375,10242.009765625,9791.4814453125,10181.939453125,37169862
2022-11-02,10181.939453125,10242.009765625,9911.623046875,9911.623046875,26488568
2022-11-03,9731.4111328125,10091.833984375,9701.3759765625,9911.623046875,18814911
2022-11-04,9761.4462890625,9791.4814453125,9220.8125,9220.8125,42135199
2022-11-07,9160.7421875,9310.91796875,8590.0732421875,8590.0732421875,35237963
2022-11-08,8289.720703125,9100.671875,8289.720703125,9010.56640625,27268486
2022-11-09,9100.671875,9370.98828125,8950.49609375,8950.49609375,14342994
2022-11-10,8830.3544921875,8890.4248046875,8349.791015625,8349.791015625,30640860
2022-11-11,8590.0732421875,8770.2841796875,8289.720703125,8469.9326171875,33061019
2022-11-14,8289.720703125,8710.2138671875,7929.29833984375,8560.0380859375,34226650
2022-11-15,8409.861328125,8560.0380859375,7989.36865234375,8349.791015625,40346133
2022-11-16,7869.2275390625,8920.4599609375,7839.1923828125,8920.4599609375,44944900
2022-11-17,9100.671875,9521.1650390625,9070.63671875,9491.1298828125,38929130
2022-11-18,9461.0947265625,9971.693359375,9220.8125,9761.4462890625,57593384
2022-11-21,9881.587890625,9911.623046875,9581.2353515625,9671.3408203125,20855348
2022-11-22,9551.2001953125,10211.974609375,9551.2001953125,9821.5166015625,49367042
2022-11-23,9731.4111328125,9881.587890625,9491.1298828125,9491.1298828125,21852345
2022-11-24,9280.8828125,9611.2705078125,9160.7421875,9611.2705078125,27011621
2022-11-25,9851.552734375,10272.044921875,9701.3759765625,10272.044921875,37571224
2022-11-28,10512.3271484375,10962.85546875,10512.3271484375,10962.85546875,54334377
2022-11-29,11113.03125,11503.4892578125,10812.6796875,11383.3486328125,53736579
2022-11-30,11233.1728515625,11653.6650390625,11082.99609375,11563.5595703125,49350894
2022-12-01,11713.736328125,11803.841796875,10932.8203125,10932.8203125,61776473
2022-12-02,10872.75,11683.701171875,10872.75,11683.701171875,48820184
2022-12-05,12194.2998046875,12494.6513671875,11893.947265625,12494.6513671875,59619173
2022-12-06,12254.3701171875,12584.7578125,11743.771484375,11743.771484375,68813878
2022-12-07,11743.771484375,11984.052734375,11353.3134765625,11563.5595703125,35258439
2022-12-08,11863.912109375,12344.4755859375,11743.771484375,12344.4755859375,57629009
2022-12-09,12434.5810546875,12494.6513671875,11954.017578125,12164.2646484375,30932351
2022-12-12,12254.3701171875,12464.6162109375,11473.4541015625,11503.4892578125,44133353
2022-12-13,11503.4892578125,12254.3701171875,11323.2783203125,12254.3701171875,42204950
2022-12-14,12614.79296875,12614.79296875,12074.158203125,12074.158203125,34528130
2022-12-15,12074.158203125,12224.3349609375,11984.052734375,12164.2646484375,25891769
2022-12-16,12014.087890625,12374.5107421875,12014.087890625,12314.4404296875,35706413
2022-12-19,12314.4404296875,13125.3916015625,12224.3349609375,12314.4404296875,69460785
2022-12-20,12314.4404296875,12464.6162109375,11623.6298828125,11893.947265625,44628938
2022-12-21,12134.2294921875,12134.2294921875,11082.99609375,11593.5947265625,44025646
2022-12-22,11713.736328125,11743.771484375,11173.1015625,11473.4541015625,21822213
2022-12-23,11413.3837890625,11473.4541015625,10962.85546875,10992.890625,18916458
2022-12-26,10932.8203125,10992.890625,10242.009765625,10242.009765625,31014089
2022-12-27,10211.974609375,10932.8203125,10211.974609375,10932.8203125,24551176
2022-12-28,11082.99609375,11082.99609375,10692.5380859375,10902.78515625,18277708
2022-12-29,10812.6796875,10962.85546875,10572.3974609375,10572.3974609375,14562237
2022-12-30,10662.5029296875,10872.75,10572.3974609375,10632.4677734375,10690948
2023-01-02,10632.4677734375,10632.4677734375,10632.4677734375,10632.4677734375,0
2023-01-03,10692.5380859375,11353.3134765625,10692.5380859375,11353.3134765625,30041730
2023-01-04,11533.5244140625,11713.736328125,11383.3486328125,11413.3837890625,17779959
2023-01-05,11503.4892578125,11623.6298828125,11233.1728515625,11593.5947265625,22156488
2023-01-06,11593.5947265625,11773.806640625,11353.3134765625,11353.3134765625,21880478
2023-01-09,11473.4541015625,11623.6298828125,11323.2783203125,11413.3837890625,16166853
2023-01-10,11413.3837890625,11563.5595703125,11082.99609375,11353.3134765625,19350116
2023-01-11,11443.4189453125,11863.912109375,11443.4189453125,11593.5947265625,23262522
2023-01-12,11623.6298828125,11713.736328125,11473.4541015625,11593.5947265625,10891879
2023-01-13,11713.736328125,11923.982421875,11473.4541015625,11533.5244140625,23850665
2023-01-16,11593.5947265625,11713.736328125,11473.4541015625,11653.6650390625,12201675
2023-01-17,11773.806640625,12254.3701171875,11713.736328125,12254.3701171875,36610851
2023-01-18,12314.4404296875,12614.79296875,12194.2998046875,12344.4755859375,32241148
2023-01-19,12284.4052734375,12764.96875,12254.3701171875,12734.93359375,44039130
2023-01-20,12734.93359375,12734.93359375,12734.93359375,12734.93359375,0
2023-01-23,12734.93359375,12734.93359375,12734.93359375,12734.93359375,0
2023-01-24,12734.93359375,12734.93359375,12734.93359375,12734.93359375,0
2023-01-25,12734.93359375,12734.93359375,12734.93359375,12734.93359375,0
2023-01-26,12734.93359375,12734.93359375,12734.93359375,12734.93359375,0
2023-01-27,12915.14453125,12975.21484375,12524.6865234375,12584.7578125,32396299
2023-01-30,12584.7578125,13035.28515625,12434.5810546875,12614.79296875,32028564
2023-01-31,12704.8984375,13005.25,12524.6865234375,12975.21484375,29839801
2023-02-01,13035.28515625,13125.3916015625,12074.158203125,12104.193359375,44209097
2023-02-02,12194.2998046875,12254.3701171875,11954.017578125,12104.193359375,19972718
2023-02-03,12074.158203125,12194.2998046875,11773.806640625,11863.912109375,22002668
2023-02-06,11773.806640625,12014.087890625,11653.6650390625,12014.087890625,19231255
2023-02-07,12074.158203125,12224.3349609375,11443.4189453125,11443.4189453125,28946516
2023-02-08,11653.6650390625,11833.876953125,11233.1728515625,11713.736328125,20875158
2023-02-09,11683.701171875,11863.912109375,11593.5947265625,11623.6298828125,12375970
2023-02-10,11623.6298828125,11773.806640625,11323.2783203125,11413.3837890625,15878025
2023-02-13,11383.3486328125,11413.3837890625,10902.78515625,11113.03125,18911297
2023-02-14,11263.2080078125,11353.3134765625,11113.03125,11353.3134765625,10289253
2023-02-15,11353.3134765625,11623.6298828125,11293.2431640625,11473.4541015625,17220616
2023-02-16,11593.5947265625,11713.736328125,11503.4892578125,11713.736328125,16360958
2023-02-17,11683.701171875,11803.841796875,11533.5244140625,11683.701171875,13411088
2023-02-20,11683.701171875,12464.6162109375,11653.6650390625,12464.6162109375,39379268
2023-02-21,12494.6513671875,12584.7578125,12284.4052734375,12284.4052734375,23406353
2023-02-22,12134.2294921875,12254.3701171875,11593.5947265625,11593.5947265625,40068126
2023-02-23,11593.5947265625,11833.876953125,11293.2431640625,11833.876953125,29875592
2023-02-24,11863.912109375,11863.912109375,11413.3837890625,11413.3837890625,12861733
2023-02-27,11293.2431640625,11353.3134765625,10962.85546875,10962.85546875,24695507
2023-02-28,11173.1015625,11263.2080078125,10932.8203125,10962.85546875,19823393
2023-03-01,10992.890625,11413.3837890625,10902.78515625,11383.3486328125,18945091
2023-03-02,11413.3837890625,11473.4541015625,11203.13671875,11203.13671875,8891561
2023-03-03,11323.2783203125,11323.2783203125,11082.99609375,11082.99609375,12289904
2023-03-06,11323.2783203125,11533.5244140625,11263.2080078125,11263.2080078125,17213291
2023-03-07,11413.3837890625,11713.736328125,11293.2431640625,11653.6650390625,26973000
2023-03-08,11473.4541015625,11893.947265625,11413.3837890625,11893.947265625,24398189
2023-03-09,11893.947265625,12074.158203125,11863.912109375,11893.947265625,29481887
2023-03-10,11743.771484375,11923.982421875,11683.701171875,11893.947265625,22263861
2023-03-13,11743.771484375,11984.052734375,11533.5244140625,11803.841796875,34194688
2023-03-14,11803.841796875,11833.876953125,11413.3837890625,11443.4189453125,25103694
2023-03-15,11803.841796875,12224.3349609375,11713.736328125,12224.3349609375,47375880
2023-03-16,12134.2294921875,12404.5458984375,12104.193359375,12104.193359375,32612878
2023-03-17,12254.3701171875,12314.4404296875,12044.123046875,12194.2998046875,32132109
2023-03-20,12134.2294921875,12164.2646484375,11713.736328125,11713.736328125,30877249
2023-03-21,11833.876953125,12014.087890625,11623.6298828125,12014.087890625,29211039
2023-03-22,12104.193359375,12194.2998046875,11923.982421875,11923.982421875,20481621
2023-03-23,11833.876953125,12254.3701171875,11803.841796875,12224.3349609375,29121144
2023-03-24,12284.4052734375,12404.5458984375,12254.3701171875,12284.4052734375,30987620
2023-03-27,12314.4404296875,12855.07421875,12284.4052734375,12614.79296875,39109418
2023-03-28,12734.93359375,12795.00390625,12464.6162109375,12494.6513671875,31438923
2023-03-29,12494.6513671875,12674.86328125,12464.6162109375,12644.828125,26365047
2023-03-30,12915.14453125,13035.28515625,12584.7578125,12584.7578125,38642966
2023-03-31,12644.828125,13035.28515625,12524.6865234375,12915.14453125,53238330
2023-04-03,13215.4970703125,13305.6025390625,13155.4267578125,13215.4970703125,52997114
2023-04-04,13275.5673828125,13635.990234375,13095.3564453125,13515.849609375,51612406
2023-04-05,13455.7783203125,13575.919921875,13275.5673828125,13515.849609375,30586091
2023-04-06,13605.955078125,13816.201171875,13125.3916015625,13125.3916015625,41993865
2023-04-07,13155.4267578125,13515.849609375,13065.3212890625,13515.849609375,42093914
2023-04-10,13666.025390625,13936.341796875,13365.6728515625,13455.7783203125,43708019
2023-04-11,13455.7783203125,13575.919921875,13095.3564453125,13575.919921875,42031654
2023-04-12,13575.919921875,13635.990234375,13185.4619140625,13215.4970703125,28338230
2023-04-13,13275.5673828125,13365.6728515625,13005.25,13065.3212890625,29543315
2023-04-14,13155.4267578125,13245.5322265625,12734.93359375,12734.93359375,44848680
2023-04-17,12734.93359375,12915.14453125,12704.8984375,12825.0390625,21479782
2023-04-18,12885.109375,13065.3212890625,12704.8984375,13065.3212890625,31781687
2023-04-19,13095.3564453125,13125.3916015625,12764.96875,12795.00390625,22689029
2023-04-20,12734.93359375,12855.07421875,12644.828125,12674.86328125,15893673
2023-04-21,12855.07421875,13335.6376953125,12825.0390625,13005.25,51041743
2023-04-24,13035.28515625,13155.4267578125,12885.109375,12915.14453125,16067969
2023-04-25,13005.25,13035.28515625,12584.7578125,12674.86328125,31151427
2023-04-26,12674.86328125,12825.0390625,12434.5810546875,12825.0390625,29221360
2023-04-27,12855.07421875,12885.109375,12674.86328125,12704.8984375,15208644
2023-04-28,12795.00390625,12945.1796875,12764.96875,12945.1796875,27734106
2023-05-01,12945.1796875,12945.1796875,12945.1796875,12945.1796875,0
2023-05-02,12945.1796875,12945.1796875,12945.1796875,12945.1796875,0
2023-05-03,12945.1796875,12945.1796875,12945.1796875,12945.1796875,0
2023-05-04,12825.0390625,13155.4267578125,12795.00390625,13065.3212890625,27494221
2023-05-05,13065.3212890625,13095.3564453125,12885.109375,12885.109375,14155714
2023-05-08,13005.25,13395.7080078125,12975.21484375,13395.7080078125,47554670
2023-05-09,13455.7783203125,13485.8134765625,13245.5322265625,13365.6728515625,21996509
2023-05-10,13365.6728515625,13635.990234375,13365.6728515625,13515.849609375,31688796
2023-05-11,13515.849609375,13756.130859375,13455.7783203125,13455.7783203125,32887223
2023-05-12,13425.7431640625,13966.3779296875,13395.7080078125,13966.3779296875,45792405
2023-05-15,14116.5537109375,14176.6240234375,13756.130859375,13756.130859375,34701593
2023-05-16,13756.130859375,13906.306640625,13726.095703125,13756.130859375,32745722
2023-05-17,13756.130859375,13816.201171875,13455.7783203125,13485.8134765625,37702903
2023-05-18,13575.919921875,13906.306640625,13485.8134765625,13696.060546875,45109374
2023-05-19,13696.060546875,13996.4130859375,13605.955078125,13756.130859375,26081546
2023-05-22,13876.271484375,13936.341796875,13726.095703125,13756.130859375,24596623
2023-05-23,13816.201171875,13996.4130859375,13696.060546875,13726.095703125,33806310
2023-05-24,13726.095703125,13726.095703125,13726.095703125,13726.095703125,0
2023-05-25,13575.919921875,13635.990234375,13485.8134765625,13515.849609375,26172606
2023-05-26,13545.884765625,13635.990234375,13515.849609375,13545.884765625,13770999
2023-05-29,13726.095703125,14086.5185546875,13666.025390625,14056.4833984375,29292610
2023-05-30,14116.5537109375,14176.6240234375,13876.271484375,14026.4482421875,24711987
2023-05-31,13966.3779296875,14116.5537109375,13816.201171875,13906.306640625,31007097
2023-06-01,13936.341796875,14176.6240234375,13846.236328125,14086.5185546875,27236357
2023-06-02,14296.7646484375,14627.15234375,14236.6943359375,14476.9765625,45449808
2023-06-05,14687.22265625,14777.328125,14356.8349609375,14476.9765625,31447080
2023-06-06,14476.9765625,15197.8212890625,14356.8349609375,15107.7158203125,57139251
2023-06-07,15107.7158203125,15257.8916015625,14957.5400390625,15077.6806640625,30251650
2023-06-08,15197.8212890625,15257.8916015625,14597.1171875,14597.1171875,57857241
2023-06-09,14717.2578125,15167.7861328125,14567.08203125,15167.7861328125,38215967
2023-06-12,15167.7861328125,15257.8916015625,14837.3984375,15227.8564453125,28813672
2023-06-13,15317.9619140625,15438.103515625,15077.6806640625,15227.8564453125,30663334
2023-06-14,15317.9619140625,15738.455078125,15227.8564453125,15257.8916015625,42035483
2023-06-15,15317.9619140625,15498.173828125,15287.9267578125,15438.103515625,23713326
2023-06-16,15648.349609375,16339.16015625,15648.349609375,15678.384765625,57346674
2023-06-19,15798.5263671875,16038.8076171875,15678.384765625,15858.5966796875,24993990
2023-06-20,15498.173828125,15588.279296875,14987.5751953125,15438.103515625,32051704
2023-06-21,15438.103515625,15738.455078125,15378.033203125,15618.314453125,32060027
2023-06-22,15618.314453125,15618.314453125,15618.314453125,15618.314453125,0
2023-06-23,15678.384765625,15738.455078125,15468.138671875,15618.314453125,20780936
2023-06-26,15618.314453125,15648.349609375,15167.7861328125,15498.173828125,28939524
2023-06-27,15528.208984375,16068.8427734375,15498.173828125,15978.7373046875,33934327
2023-06-28,15978.7373046875,16188.9833984375,15858.5966796875,15948.7021484375,27338903
2023-06-29,16008.7724609375,16008.7724609375,15287.9267578125,15287.9267578125,33197192
2023-06-30,15317.9619140625,15558.244140625,15257.8916015625,15498.173828125,24167293
2023-07-03,15648.349609375,15678.384765625,15408.068359375,15438.103515625,21876316
2023-07-04,15438.103515625,15918.6669921875,15347.998046875,15918.6669921875,40588848
2023-07-05,16038.8076171875,16038.8076171875,15738.455078125,15738.455078125,26424976
2023-07-06,15738.455078125,16038.8076171875,15498.173828125,15798.5263671875,44624943
2023-07-07,15678.384765625,15888.6318359375,15408.068359375,15888.6318359375,24631915
2023-07-10,16008.7724609375,16519.37109375,16008.7724609375,16519.37109375,50996129
2023-07-11,16459.30078125,17090.041015625,16459.30078125,16849.7578125,45114867
2023-07-12,16999.935546875,17180.146484375,16609.4765625,16789.6875,38362961
2023-07-13,16969.900390625,17120.076171875,16819.72265625,17060.005859375,26896256
2023-07-14,17120.076171875,17180.146484375,16789.6875,17120.076171875,26806528
2023-07-17,17150.111328125,17540.568359375,17150.111328125,17300.287109375,24085223
2023-07-18,17300.287109375,17300.287109375,17090.041015625,17150.111328125,20668068
2023-07-19,17180.146484375,17360.357421875,17090.041015625,17120.076171875,16724864
2023-07-20,17120.076171875,17120.076171875,16579.44140625,16819.72265625,47997983
2023-07-21,16819.72265625,17300.287109375,16729.6171875,17270.251953125,27405825
2023-07-24,17480.498046875,17540.568359375,17060.005859375,17240.216796875,24197591
2023-07-25,17240.216796875,17480.498046875,17120.076171875,17300.287109375,24053427
2023-07-26,17300.287109375,17450.462890625,17060.005859375,17420.427734375,21275522
2023-07-27,17420.427734375,17840.919921875,17360.357421875,17690.744140625,27410486
2023-07-28,17690.744140625,17961.0625,17630.673828125,17870.95703125,21858005
2023-07-31,17991.09765625,18141.2734375,17630.673828125,17810.884765625,25335755
2023-08-01,17840.919921875,17840.919921875,17300.287109375,17300.287109375,27262327
2023-08-02,17240.216796875,17510.533203125,17180.146484375,17420.427734375,19075771
2023-08-03,17390.392578125,17450.462890625,16999.935546875,17120.076171875,25320939
2023-08-04,17120.076171875,17660.708984375,17120.076171875,17540.568359375,24957366
2023-08-07,17780.849609375,17991.09765625,17660.708984375,17840.919921875,25126001
2023-08-08,17931.02734375,17931.02734375,17420.427734375,17480.498046875,19358439
2023-08-09,17360.357421875,17540.568359375,17150.111328125,17180.146484375,27667850
2023-08-10,17180.146484375,17330.322265625,16879.79296875,16879.79296875,38924468
2023-08-11,16969.900390625,16999.935546875,16609.4765625,16909.828125,45839517
2023-08-14,17090.041015625,17660.708984375,16879.79296875,17510.533203125,50495883
2023-08-15,17540.568359375,17540.568359375,17210.181640625,17240.216796875,21948232
2023-08-16,17210.181640625,17510.533203125,17090.041015625,17330.322265625,23864982
2023-08-17,17450.462890625,18381.5546875,17450.462890625,17991.09765625,98481714
2023-08-18,17840.919921875,18261.4140625,16819.72265625,16999.935546875,77305242
2023-08-21,17420.427734375,17510.533203125,17120.076171875,17330.322265625,59161210
2023-08-22,17420.427734375,18441.625,16729.6171875,18441.625,86249741
2023-08-23,18621.8359375,18711.94140625,18111.23828125,18261.4140625,54766869
2023-08-24,18201.34375,19282.611328125,18111.23828125,19222.541015625,63751654
2023-08-25,19042.330078125,19522.892578125,19012.294921875,19342.681640625,53992112
2023-08-28,19402.751953125,19643.033203125,19282.611328125,19492.857421875,44891463
2023-08-29,19522.892578125,19703.10546875,19042.330078125,19432.787109375,58593710
2023-08-30,19462.822265625,20363.87890625,19282.611328125,20123.59765625,41585844
2023-08-31,20123.59765625,20273.7734375,20003.45703125,20063.52734375,29361695
2023-09-01,20063.52734375,20063.52734375,20063.52734375,20063.52734375,0
2023-09-04,20063.52734375,20063.52734375,20063.52734375,20063.52734375,0
2023-09-05,20183.66796875,20243.73828125,19703.10546875,20033.4921875,45173465
2023-09-06,20033.4921875,20724.302734375,19793.2109375,20423.94921875,32721917
2023-09-07,20484.01953125,20514.0546875,20003.45703125,20213.703125,35743703
2023-09-08,20123.59765625,20484.01953125,20063.52734375,20273.7734375,27728280
2023-09-11,20423.94921875,20634.197265625,20063.52734375,20123.59765625,57311548
2023-09-12,20213.703125,21505.216796875,20123.59765625,21505.216796875,61809102
2023-09-13,21745.5,21985.78125,21325.005859375,21505.216796875,59330012
2023-09-14,21505.216796875,21775.53515625,20964.583984375,21415.111328125,56448395
2023-09-15,21565.2890625,21655.39453125,21024.654296875,21325.005859375,39330492
2023-09-18,21024.654296875,21595.32421875,20964.583984375,21445.146484375,42429354
2023-09-19,21505.216796875,21745.5,21144.794921875,21745.5,32558942
2023-09-20,21865.640625,22226.0625,21685.4296875,21895.67578125,38208143
2023-09-21,21865.640625,21895.67578125,20874.478515625,20874.478515625,81881869
2023-09-22,20213.703125,20393.9140625,19432.787109375,19582.962890625,115795887
2023-09-25,19342.681640625,19883.31640625,18231.37890625,18231.37890625,71497061
2023-09-26,18621.8359375,19492.857421875,18201.34375,18561.765625,64427860
2023-09-27,19042.330078125,19823.24609375,18561.765625,19823.24609375,53348035
2023-09-28,19703.10546875,19763.17578125,19042.330078125,19402.751953125,46464616
2023-09-29,19763.17578125,19763.17578125,19102.400390625,19102.400390625,33276100
2023-10-02,19102.400390625,19612.998046875,19042.330078125,19282.611328125,28653360
2023-10-03,18982.259765625,19012.294921875,18081.203125,18141.2734375,70327434
2023-10-04,17900.9921875,19402.751953125,17810.884765625,19072.365234375,55868742
2023-10-05,19162.470703125,19462.822265625,18922.189453125,19012.294921875,37063154
2023-10-06,19012.294921875,19793.2109375,18741.9765625,19793.2109375,44113044
2023-10-09,19763.17578125,20123.59765625,19462.822265625,19943.38671875,36547759
2023-10-10,20183.66796875,20363.87890625,19643.033203125,19643.033203125,46245207
2023-10-11,19703.10546875,20423.94921875,19552.927734375,20423.94921875,39221287
2023-10-12,20484.01953125,20484.01953125,20063.52734375,20183.66796875,30211531
2023-10-13,20003.45703125,20484.01953125,19823.24609375,20153.6328125,36676274
2023-10-16,20153.6328125,20183.66796875,19162.470703125,19282.611328125,47215568
2023-10-17,19462.822265625,19763.17578125,18892.154296875,18892.154296875,32522817
2023-10-18,19102.400390625,19312.646484375,17900.9921875,18952.224609375,47435976
2023-10-19,18952.224609375,19072.365234375,17900.9921875,18081.203125,48057746
2023-10-20,18081.203125,18862.119140625,17480.498046875,18802.048828125,46940557
2023-10-23,18381.5546875,18832.083984375,18261.4140625,18381.5546875,25535687
2023-10-24,18621.8359375,18711.94140625,18291.44921875,18651.87109375,23729641
2023-10-25,18621.8359375,18952.224609375,18501.6953125,18501.6953125,23940893
2023-10-26,17840.919921875,17991.09765625,17210.181640625,17240.216796875,90160650
2023-10-27,17570.603515625,17900.9921875,17270.251953125,17690.744140625,33380977
2023-10-30,17420.427734375,17630.673828125,16519.37109375,16519.37109375,27954514
2023-10-31,16549.40625,16759.65234375,15408.068359375,15468.138671875,60654790
2023-11-01,15468.138671875,16309.125,15468.138671875,16309.125,51567958
2023-11-02,16579.44140625,17420.427734375,16519.37109375,17360.357421875,45747458
2023-11-03,17420.427734375,17450.462890625,16999.935546875,17360.357421875,42258554
2023-11-06,17510.533203125,17600.638671875,17300.287109375,17420.427734375,29733925
2023-11-07,17360.357421875,17600.638671875,16999.935546875,17029.970703125,30513510
2023-11-08,17029.970703125,18201.34375,16999.935546875,18201.34375,52655182
2023-11-09,18411.58984375,18982.259765625,18351.51953125,18531.73046875,56570751
2023-11-10,18381.5546875,19162.470703125,18351.51953125,18501.6953125,53843786
2023-11-13,18621.8359375,18982.259765625,18501.6953125,18892.154296875,34733722
2023-11-14,19192.505859375,19342.681640625,18832.083984375,19072.365234375,38688079
2023-11-15,19703.10546875,19703.10546875,19162.470703125,19192.505859375,44794910
2023-11-16,19162.470703125,19402.751953125,18832.083984375,19402.751953125,31717929
2023-11-17,19432.787109375,19582.962890625,18681.90625,18922.189453125,48755760
2023-11-20,18441.625,19643.033203125,18411.58984375,19462.822265625,44119702
2023-11-21,19703.10546875,19703.10546875,19402.751953125,19552.927734375,28782542
2023-11-22,19522.892578125,19793.2109375,19402.751953125,19763.17578125,38159866
2023-11-23,19943.38671875,19943.38671875,18561.765625,18561.765625,45084070
2023-11-24,18772.013671875,19222.541015625,18441.625,19222.541015625,41089260
2023-11-27,19192.505859375,19222.541015625,18621.8359375,18621.8359375,25138653
2023-11-28,18621.8359375,18922.189453125,18141.2734375,18862.119140625,35619515
2023-11-29,18922.189453125,19192.505859375,18802.048828125,18982.259765625,20335625
2023-11-30,18982.259765625,19312.646484375,18802.048828125,18802.048828125,27766401
2023-12-01,19042.330078125,19372.716796875,18772.013671875,19222.541015625,33366161
2023-12-04,19763.17578125,20423.94921875,19552.927734375,20183.66796875,75373011
2023-12-05,20213.703125,20243.73828125,19913.3515625,20003.45703125,39079953
2023-12-06,20033.4921875,20333.84375,19973.421875,20183.66796875,29806340
2023-12-07,20183.66796875,20243.73828125,19252.576171875,19733.140625,73601257
2023-12-08,19643.033203125,19823.24609375,19402.751953125,19582.962890625,30097831
2023-12-11,19582.962890625,19853.28125,19282.611328125,19643.033203125,33289084
2023-12-12,19703.10546875,19823.24609375,19522.892578125,19582.962890625,20731993
2023-12-13,19763.17578125,19793.2109375,19222.541015625,19222.541015625,35873550
2023-12-14,19522.892578125,19522.892578125,19162.470703125,19222.541015625,26067063
2023-12-15,19282.611328125,19522.892578125,19042.330078125,19102.400390625,33079497
2023-12-18,19132.435546875,19312.646484375,19012.294921875,19042.330078125,18850202
2023-12-19,19072.365234375,19312.646484375,18832.083984375,19312.646484375,26115506
2023-12-20,19312.646484375,19582.962890625,19192.505859375,19402.751953125,22484602
2023-12-21,19252.576171875,19402.751953125,19222.541015625,19342.681640625,13456868
2023-12-22,19432.787109375,19793.2109375,19342.681640625,19432.787109375,29061881
2023-12-25,19432.787109375,19673.068359375,19282.611328125,19552.927734375,23228229
2023-12-26,19582.962890625,19763.17578125,19522.892578125,19673.068359375,23315460
2023-12-27,19793.2109375,19913.3515625,19703.10546875,19703.10546875,26804364
2023-12-28,19733.140625,19913.3515625,19612.998046875,19823.24609375,18138538
2023-12-29,19793.2109375,19883.31640625,19673.068359375,19703.10546875,21292169
2024-01-01,19703.10546875,19703.10546875,19703.10546875,19703.10546875,0
2024-01-02,19823.24609375,19943.38671875,19522.892578125,19522.892578125,30051885
2024-01-03,19432.787109375,19793.2109375,19402.751953125,19793.2109375,18992202
2024-01-04,19823.24609375,20544.08984375,19823.24609375,20183.66796875,97740751
2024-01-05,20303.80859375,20514.0546875,20183.66796875,20514.0546875,41846205
2024-01-08,20694.267578125,20724.302734375,20423.94921875,20484.01953125,34507820
2024-01-09,20544.08984375,20634.197265625,20363.87890625,20423.94921875,31604895
2024-01-10,20393.9140625,20453.984375,20033.4921875,20243.73828125,39668095
2024-01-11,20273.7734375,20664.232421875,20183.66796875,20363.87890625,42403051
2024-01-12,20183.66796875,20423.94921875,20033.4921875,20333.84375,42048634
2024-01-15,20423.94921875,20484.01953125,19823.24609375,19823.24609375,37033522
2024-01-16,19823.24609375,20123.59765625,19673.068359375,20123.59765625,32154084
2024-01-17,20123.59765625,20724.302734375,20093.5625,20213.703125,43646924
2024-01-18,20303.80859375,20453.984375,20213.703125,20303.80859375,24532365
2024-01-19,20423.94921875,20484.01953125,20063.52734375,20243.73828125,37271742
2024-01-22,20363.87890625,20423.94921875,20063.52734375,20393.9140625,27991637
2024-01-23,20423.94921875,20484.01953125,20213.703125,20303.80859375,20916776
2024-01-24,20273.7734375,20664.232421875,20243.73828125,20423.94921875,45532377
2024-01-25,20423.94921875,20423.94921875,20423.94921875,20423.94921875,0
2024-01-26,20514.0546875,20634.197265625,20393.9140625,20484.01953125,23785741
2024-01-29,20544.08984375,20664.232421875,20333.84375,20393.9140625,20408373
2024-01-30,20333.84375,20514.0546875,20303.80859375,20514.0546875,19818732
2024-01-31,20604.162109375,21114.759765625,20544.08984375,20664.232421875,74610240
2024-02-01,20694.267578125,20934.548828125,20664.232421875,20814.408203125,18566868
2024-02-02,20814.408203125,20814.408203125,20814.408203125,20814.408203125,0
2024-02-05,20904.513671875,21114.759765625,20724.302734375,20994.619140625,32509333
2024-02-06,21114.759765625,21294.970703125,20964.583984375,21024.654296875,21966544
2024-02-07,21024.654296875,21234.900390625,20964.583984375,21084.724609375,26153961
2024-02-08,21084.724609375,21084.724609375,21084.724609375,21084.724609375,0
2024-02-09,21084.724609375,21084.724609375,21084.724609375,21084.724609375,0
2024-02-12,21084.724609375,21084.724609375,21084.724609375,21084.724609375,0
2024-02-13,21084.724609375,21084.724609375,21084.724609375,21084.724609375,0
2024-02-14,21084.724609375,21084.724609375,21084.724609375,21084.724609375,0
2024-02-15,21144.794921875,21325.005859375,21024.654296875,21084.724609375,24785568
2024-02-16,21234.900390625,21264.935546875,20964.583984375,21024.654296875,30026914
2024-02-19,21024.654296875,21144.794921875,20664.232421875,21144.794921875,54659495
2024-02-20,21415.111328125,21505.216796875,21174.830078125,21204.865234375,30134122
2024-02-21,21204.865234375,21204.865234375,20844.443359375,20994.619140625,30885573
2024-02-22,20934.548828125,20994.619140625,20754.337890625,20814.408203125,23991666
2024-02-23,20784.373046875,20964.583984375,20453.984375,20514.0546875,40191481
2024-02-26,20484.01953125,21234.900390625,20453.984375,21084.724609375,44739974
2024-02-27,21174.830078125,21895.67578125,21084.724609375,21565.2890625,78308731
2024-02-28,21685.4296875,21775.53515625,21415.111328125,21685.4296875,43391557
2024-02-29,21865.640625,22646.556640625,21805.5703125,22226.0625,71896426
2024-03-01,22466.345703125,22646.556640625,22226.0625,22436.310546875,35775998
2024-03-04,22706.626953125,22736.662109375,22226.0625,22316.16796875,42194130
2024-03-05,22316.16796875,22496.380859375,22015.81640625,22466.345703125,52248992
2024-03-06,22466.345703125,22706.626953125,22045.8515625,22286.1328125,46081399
2024-03-07,22226.0625,22796.732421875,22135.95703125,22646.556640625,56700433
2024-03-08,22766.697265625,22886.837890625,22105.921875,22105.921875,59734204
2024-03-11,22105.921875,22316.16796875,21745.5,21835.60546875,41362273
2024-03-12,21835.60546875,21985.78125,21655.39453125,21805.5703125,36501813
2024-03-13,21865.640625,22886.837890625,21805.5703125,22796.732421875,59576389
2024-03-14,22856.802734375,23427.47265625,22706.626953125,22736.662109375,65530399
2024-03-15,22706.626953125,22766.697265625,22286.1328125,22706.626953125,46573988
2024-03-18,22736.662109375,22826.767578125,21385.076171875,22015.81640625,80928655
2024-03-19,22045.8515625,22226.0625,21715.46484375,21715.46484375,24352077
2024-03-20,21865.640625,22346.203125,21775.53515625,22346.203125,27241684
2024-03-21,22796.732421875,22826.767578125,22526.416015625,22616.521484375,45238889
2024-03-22,22706.626953125,23097.083984375,22586.486328125,22706.626953125,49639555
2024-03-25,22736.662109375,23006.978515625,22406.2734375,22526.416015625,40526088
2024-03-26,22466.345703125,22946.908203125,22316.16796875,22826.767578125,32487359
2024-03-27,23006.978515625,23127.119140625,22766.697265625,23127.119140625,31254972
2024-03-28,23427.47265625,23577.6484375,23307.330078125,23517.578125,43977203
2024-03-29,23457.5078125,23487.54296875,23127.119140625,23127.119140625,29181573
2024-04-01,23127.119140625,23547.61328125,22736.662109375,23307.330078125,51758401
2024-04-02,23006.978515625,23427.47265625,22826.767578125,23367.40234375,35205834
2024-04-03,23307.330078125,23547.61328125,22826.767578125,22856.802734375,42867339
2024-04-04,22856.802734375,22946.908203125,22616.521484375,22616.521484375,41424533
2024-04-05,22316.16796875,22406.2734375,22105.921875,22105.921875,52012769
2024-04-08,22105.921875,22226.0625,22015.81640625,22045.8515625,20173482
2024-04-09,22165.9921875,22526.416015625,22045.8515625,22526.416015625,22033299
2024-04-10,22586.486328125,22586.486328125,22196.02734375,22196.02734375,14192338
2024-04-11,21955.74609375,22466.345703125,21955.74609375,22316.16796875,19790099
2024-04-12,22436.310546875,22706.626953125,22256.09765625,22556.451171875,32459392
2024-04-15,22406.2734375,22616.521484375,20994.619140625,20994.619140625,49836324
2024-04-16,21084.724609375,21204.865234375,20484.01953125,21144.794921875,54594239
2024-04-17,21294.970703125,21325.005859375,20664.232421875,20664.232421875,23192105
2024-04-18,20664.232421875,20664.232421875,20664.232421875,20664.232421875,0
2024-04-19,20393.9140625,20904.513671875,19853.28125,19943.38671875,49213722
2024-04-22,20544.08984375,21325.005859375,20393.9140625,21084.724609375,32461389
2024-04-23,21084.724609375,21204.865234375,20604.162109375,20724.302734375,27869947
2024-04-24,21024.654296875,21595.32421875,20964.583984375,21415.111328125,35502985
2024-04-25,21415.111328125,21415.111328125,21084.724609375,21234.900390625,17609659
2024-04-26,20934.548828125,21234.900390625,20844.443359375,21144.794921875,23005990
2024-04-29,21144.794921875,21144.794921875,21144.794921875,21144.794921875,0
2024-04-30,21144.794921875,21144.794921875,21144.794921875,21144.794921875,0
2024-05-01,21144.794921875,21144.794921875,21144.794921875,21144.794921875,0
2024-05-02,21144.794921875,21204.865234375,20604.162109375,20844.443359375,20343449
2024-05-03,21084.724609375,21204.865234375,20784.373046875,20814.408203125,15255256
2024-05-06,21024.654296875,21655.39453125,20994.619140625,21415.111328125,27949853
2024-05-07,21505.216796875,21625.359375,21264.935546875,21355.041015625,13772664
2024-05-08,21144.794921875,21565.2890625,21084.724609375,21415.111328125,22824703
2024-05-09,21535.25390625,21565.2890625,21054.689453125,21144.794921875,25541513
2024-05-10,21204.865234375,21325.005859375,21024.654296875,21294.970703125,20173815
2024-05-13,21415.111328125,21565.2890625,21174.830078125,21385.076171875,17101089
2024-05-14,21415.111328125,21565.2890625,21234.900390625,21325.005859375,11701262
2024-05-15,21445.146484375,21805.5703125,21325.005859375,21595.32421875,33783005
2024-05-16,21835.60546875,21865.640625,21655.39453125,21685.4296875,22666555
2024-05-17,21685.4296875,21985.78125,21595.32421875,21865.640625,24663877
2024-05-20,21985.78125,22286.1328125,21925.7109375,22015.81640625,33203019
2024-05-21,21955.74609375,22105.921875,21805.5703125,22105.921875,23368232
2024-05-22,22105.921875,22436.310546875,21865.640625,21895.67578125,37768992
2024-05-23,21865.640625,22045.8515625,21535.25390625,22045.8515625,27766068
2024-05-24,21805.5703125,21895.67578125,20904.513671875,21174.830078125,47102867
2024-05-27,21174.830078125,21325.005859375,20904.513671875,21084.724609375,28035918
2024-05-28,21204.865234375,21385.076171875,21114.759765625,21385.076171875,21714506
2024-05-29,21475.181640625,21565.2890625,21084.724609375,21144.794921875,21794579
2024-05-30,21024.654296875,21054.689453125,20604.162109375,20934.548828125,31399303
2024-05-31,20934.548828125,21024.654296875,20784.373046875,20844.443359375,14052335
2024-06-03,20844.443359375,20844.443359375,20844.443359375,20844.443359375,0
2024-06-04,21264.935546875,21565.2890625,21234.900390625,21264.935546875,19044807
2024-06-05,21294.970703125,21505.216796875,21264.935546875,21264.935546875,23486759
2024-06-06,21385.076171875,21415.111328125,21144.794921875,21264.935546875,14372293
2024-06-07,21415.111328125,21415.111328125,21204.865234375,21294.970703125,10733731
2024-06-10,21325.005859375,21505.216796875,21234.900390625,21234.900390625,22162480
2024-06-11,21325.005859375,21505.216796875,21174.830078125,21505.216796875,24596456
2024-06-12,21535.25390625,21985.78125,21505.216796875,21985.78125,45523221
2024-06-13,22105.921875,22165.9921875,21835.60546875,21925.7109375,21655076
2024-06-14,22045.8515625,22346.203125,21685.4296875,21685.4296875,44510743
2024-06-17,21625.359375,21775.53515625,21475.181640625,21565.2890625,20894303
2024-06-18,21685.4296875,21805.5703125,21535.25390625,21685.4296875,16135723
2024-06-19,21745.5,21805.5703125,21505.216796875,21745.5,16262407
2024-06-20,21745.5,21805.5703125,21264.935546875,21565.2890625,23763601
2024-06-21,21505.216796875,21625.359375,21325.005859375,21325.005859375,15074136
2024-06-24,21294.970703125,21325.005859375,20544.08984375,20784.373046875,45256867
2024-06-25,20784.373046875,20934.548828125,20664.232421875,20754.337890625,10859750
2024-06-26,20754.337890625,20814.408203125,20183.66796875,20664.232421875,19169161
2024-06-27,20604.162109375,20754.337890625,20484.01953125,20604.162109375,8837291
2024-06-28,20604.162109375,20694.267578125,20273.7734375,20393.9140625,18915459
2024-07-01,20453.984375,20484.01953125,20093.5625,20363.87890625,13207660
2024-07-02,20453.984375,20634.197265625,20363.87890625,20634.197265625,12008568
2024-07-03,20634.197265625,20784.373046875,20634.197265625,20694.267578125,9909199
2024-07-04,20694.267578125,20904.513671875,20604.162109375,20664.232421875,9598730
2024-07-05,20664.232421875,20814.408203125,20514.0546875,20814.408203125,12385459
2024-07-08,20904.513671875,21054.689453125,20664.232421875,20754.337890625,12696594
2024-07-09,20784.373046875,20964.583984375,20604.162109375,20814.408203125,16773973
2024-07-10,20844.443359375,20874.478515625,20634.197265625,20634.197265625,9594902
2024-07-11,20784.373046875,21114.759765625,20694.267578125,20904.513671875,18313499
2024-07-12,20904.513671875,20964.583984375,20694.267578125,20694.267578125,8505347
2024-07-15,20844.443359375,20844.443359375,20604.162109375,20604.162109375,6581439
2024-07-16,20724.302734375,21024.654296875,20634.197265625,20664.232421875,12450549
2024-07-17,20784.373046875,20994.619140625,20393.9140625,20514.0546875,23875303
2024-07-18,20634.197265625,20664.232421875,20303.80859375,20634.197265625,15735692
2024-07-19,20844.443359375,21144.794921875,20724.302734375,20904.513671875,28740591
2024-07-22,20874.478515625,21054.689453125,20514.0546875,20814.408203125,16832904
2024-07-23,20814.408203125,20874.478515625,20333.84375,20333.84375,21177637
2024-07-24,20213.703125,20363.87890625,19192.505859375,19763.17578125,36520457
2024-07-25,19402.751953125,19612.998046875,19102.400390625,19162.470703125,27404992
2024-07-26,19282.611328125,19402.751953125,19162.470703125,19282.611328125,11648990
2024-07-29,19432.787109375,19552.927734375,19342.681640625,19342.681640625,9485197
2024-07-30,19342.681640625,19462.822265625,19162.470703125,19192.505859375,9966798
2024-07-31,19342.681640625,19402.751953125,19042.330078125,19102.400390625,13072319
2024-08-01,19282.611328125,19282.611328125,18021.1328125,18201.34375,39747835
2024-08-02,17931.02734375,18832.083984375,17870.95703125,18772.013671875,25547007
2024-08-05,18411.58984375,18501.6953125,17780.849609375,17780.849609375,36667451
2024-08-06,18201.34375,18621.8359375,17810.884765625,18381.5546875,28484891
2024-08-07,18561.765625,18561.765625,18171.30859375,18381.5546875,10865577
2024-08-08,18201.34375,18441.625,17961.0625,18021.1328125,18544894
2024-08-09,18351.51953125,18982.259765625,18201.34375,18802.048828125,24839837
2024-08-12,18982.259765625,19222.541015625,18741.9765625,19222.541015625,18436521
2024-08-13,19192.505859375,19192.505859375,18772.013671875,19042.330078125,15643467
2024-08-14,19102.400390625,19132.435546875,18802.048828125,18862.119140625,12022718
2024-08-15,18862.119140625,18952.224609375,18501.6953125,18561.765625,15548745
2024-08-16,18772.013671875,19643.033203125,18711.94140625,19643.033203125,45417346
2024-08-19,19823.24609375,19823.24609375,19462.822265625,19462.822265625,16103261
2024-08-20,19462.822265625,19793.2109375,19402.751953125,19612.998046875,23002161
2024-08-21,19612.998046875,19853.28125,19492.857421875,19853.28125,21559855
2024-08-22,19853.28125,19973.421875,19643.033203125,19883.31640625,16997877
2024-08-23,19943.38671875,20363.87890625,19673.068359375,20183.66796875,26598273
2024-08-26,20363.87890625,20604.162109375,20183.66796875,20393.9140625,33029889
2024-08-27,20153.6328125,20363.87890625,20063.52734375,20063.52734375,16604173
2024-08-28,20123.59765625,20574.125,19913.3515625,20453.984375,33373985
2024-08-29,20484.01953125,20544.08984375,20273.7734375,20393.9140625,14506802
2024-08-30,20333.84375,20423.94921875,20213.703125,20243.73828125,14369463
2024-09-02,20243.73828125,20243.73828125,20243.73828125,20243.73828125,0
2024-09-03,20243.73828125,20243.73828125,20243.73828125,20243.73828125,0
2024-09-04,19913.3515625,20093.5625,19823.24609375,19913.3515625,16743176
2024-09-05,20123.59765625,20273.7734375,19763.17578125,19883.31640625,16409568
2024-09-06,19883.31640625,20063.52734375,19703.10546875,20063.52734375,15878192
2024-09-09,19943.38671875,20033.4921875,19733.140625,19763.17578125,16821751
2024-09-10,19883.31640625,20033.4921875,19222.541015625,19462.822265625,22104715
2024-09-11,19462.822265625,19582.962890625,19132.435546875,19522.892578125,14834584
2024-09-12,19643.033203125,19673.068359375,19372.716796875,19372.716796875,9891054
2024-09-13,19402.751953125,19643.033203125,19282.611328125,19402.751953125,19381579
2024-09-16,19402.751953125,19612.998046875,19252.576171875,19282.611328125,15854386
2024-09-17,19282.611328125,19643.033203125,19252.576171875,19643.033203125,16082452
2024-09-18,19763.17578125,20273.7734375,19703.10546875,20063.52734375,46863481
2024-09-19,20273.7734375,20363.87890625,20153.6328125,20183.66796875,41015181
2024-09-20,20303.80859375,20333.84375,20063.52734375,20183.66796875,52731592
2024-09-23,20380.330078125,20456.234375,20076.7109375,20190.568359375,25339376
2024-09-24,20228.521484375,20228.521484375,20038.759765625,20190.568359375,11344402
2024-09-25,20304.42578125,20949.61328125,20266.47265625,20835.755859375,36003054
2024-09-26,20835.755859375,21025.517578125,20759.8515625,20873.708984375,19689769
2024-09-27,20873.708984375,21063.46875,20797.802734375,20949.61328125,16567157
2024-09-30,20873.708984375,21367.0859375,20683.947265625,21177.326171875,16796656
2024-10-01,21253.23046875,21518.89453125,21101.421875,21101.421875,19030914
2024-10-02,20949.61328125,21101.421875,20873.708984375,20949.61328125,15572353
2024-10-03,20949.61328125,21215.27734375,20759.8515625,20911.66015625,16903633
2024-10-04,20911.66015625,21101.421875,20721.8984375,20721.8984375,11206334
2024-10-07,20873.708984375,20949.61328125,20683.947265625,20949.61328125,12705852
2024-10-08,21063.46875,21177.326171875,20759.8515625,20797.802734375,16257820
2024-10-09,20759.8515625,20949.61328125,20570.08984375,20721.8984375,22686961
2024-10-10,20873.708984375,21101.421875,20759.8515625,20911.66015625,19611908
2024-10-11,20987.564453125,20987.564453125,20759.8515625,20835.755859375,10916627
2024-10-14,21025.517578125,21253.23046875,20873.708984375,20987.564453125,16588894
2024-10-15,20987.564453125,21177.326171875,20683.947265625,20683.947265625,16545814
2024-10-16,20532.138671875,20835.755859375,20532.138671875,20570.08984375,12925997
2024-10-17,20608.04296875,20835.755859375,20456.234375,20835.755859375,14549487
2024-10-18,20911.66015625,21063.46875,20759.8515625,20759.8515625,15660753
2024-10-21,20759.8515625,20797.802734375,20418.28125,20418.28125,15535596
2024-10-22,20342.376953125,20645.994140625,20266.47265625,20266.47265625,20217275
2024-10-23,20342.376953125,20494.185546875,20266.47265625,20418.28125,10718088
2024-10-24,20418.28125,20570.08984375,20342.376953125,20342.376953125,15510301
2024-10-25,20342.376953125,20418.28125,20266.47265625,20266.47265625,10478181
2024-10-28,20228.521484375,20494.185546875,20228.521484375,20342.376953125,8074367
2024-10-29,20380.330078125,20494.185546875,20266.47265625,20266.47265625,7059933
2024-10-30,20342.376953125,20380.330078125,19886.951171875,20000.806640625,12668305
2024-10-31,20000.806640625,20190.568359375,19962.85546875,20190.568359375,9334769
2024-11-01,20114.6640625,20114.6640625,19773.09375,19886.951171875,11036515
2024-11-04,19886.951171875,20152.6171875,19659.23828125,19924.90234375,17671572
2024-11-05,19924.90234375,20076.7109375,19848.998046875,19848.998046875,4219913
2024-11-06,19962.85546875,20190.568359375,19886.951171875,20076.7109375,14065720
2024-11-07,20228.521484375,20266.47265625,20000.806640625,20000.806640625,7892823
2024-11-08,20000.806640625,20076.7109375,19773.09375,19811.046875,10170689
2024-11-11,19811.046875,19811.046875,19393.572265625,19507.4296875,16726963
2024-11-12,19583.333984375,19848.998046875,19393.572265625,19507.4296875,13220710
2024-11-13,19507.4296875,19507.4296875,19165.859375,19317.66796875,16360317
2024-11-14,19317.66796875,19317.66796875,18710.43359375,18748.384765625,16803507
2024-11-15,18748.384765625,18748.384765625,18065.24609375,18179.1015625,33597265
2024-11-18,18179.1015625,18672.48046875,18065.24609375,18444.767578125,32774124
2024-11-19,18482.71875,18596.576171875,18065.24609375,18103.197265625,14103663
2024-11-20,18141.150390625,18748.384765625,18027.29296875,18444.767578125,23663584
2024-11-21,18444.767578125,18710.43359375,18255.005859375,18672.48046875,18701947
2024-11-22,18596.576171875,18672.48046875,18406.814453125,18482.71875,16868852
2024-11-25,18520.671875,18596.576171875,18368.86328125,18596.576171875,13380911
2024-11-26,18672.48046875,18900.193359375,18596.576171875,18672.48046875,12297443
2024-11-27,18672.48046875,18748.384765625,18406.814453125,18444.767578125,12282424
2024-11-28,18558.625,18634.529296875,18406.814453125,18444.767578125,11146522
2024-11-29,18444.767578125,18710.43359375,18368.86328125,18634.529296875,11880998
2024-12-02,18672.48046875,18786.337890625,18444.767578125,18558.625,10324435
2024-12-03,18558.625,18596.576171875,18406.814453125,18444.767578125,16503656
2024-12-04,18406.814453125,18444.767578125,18217.0546875,18255.005859375,12040541
2024-12-05,18292.958984375,19507.4296875,17951.388671875,19507.4296875,46918628
2024-12-06,19735.142578125,20076.7109375,19583.333984375,20000.806640625,44561847
2024-12-09,19962.85546875,20038.759765625,19735.142578125,19886.951171875,24847310
2024-12-10,19848.998046875,20038.759765625,19735.142578125,19924.90234375,16624993
2024-12-11,19962.85546875,20038.759765625,19697.189453125,19848.998046875,16547658
2024-12-12,19811.046875,20076.7109375,19735.142578125,19735.142578125,16046502
2024-12-13,19697.189453125,19735.142578125,19507.4296875,19583.333984375,14451864
2024-12-16,19659.23828125,19886.951171875,19545.380859375,19811.046875,19233801
2024-12-17,19811.046875,19848.998046875,19621.28515625,19735.142578125,8167379
2024-12-18,19735.142578125,19886.951171875,19583.333984375,19886.951171875,9489964
2024-12-19,19583.333984375,19886.951171875,19317.66796875,19886.951171875,40462348
2024-12-20,19811.046875,19924.90234375,19659.23828125,19924.90234375,16188522
2024-12-23,19886.951171875,19962.85546875,19621.28515625,19621.28515625,10332208
2024-12-24,19621.28515625,19697.189453125,19355.62109375,19697.189453125,16203541
2024-12-25,19735.142578125,20304.42578125,19659.23828125,20152.6171875,34544904
2024-12-26,20114.6640625,20190.568359375,20000.806640625,20000.806640625,11546630
2024-12-27,20038.759765625,20266.47265625,19962.85546875,20190.568359375,21536171
2024-12-30,20190.568359375,20418.28125,20076.7109375,20076.7109375,15142733
2024-12-31,20076.7109375,20076.7109375,19773.09375,19773.09375,10847857
2025-01-01,19773.09375,19773.09375,19773.09375,19773.09375,0
2025-01-02,19773.09375,20000.806640625,19659.23828125,19697.189453125,11775603
2025-01-03,19659.23828125,19697.189453125,19241.763671875,19241.763671875,21165968
2025-01-06,19241.763671875,19355.62109375,18862.2421875,18900.193359375,13154706
2025-01-07,19241.763671875,19241.763671875,18596.576171875,18634.529296875,24456555
2025-01-08,18596.576171875,18824.2890625,18558.625,18748.384765625,12034086
2025-01-09,18748.384765625,18938.146484375,18520.671875,18520.671875,11735289
2025-01-10,18444.767578125,18634.529296875,17837.533203125,17989.341796875,28157395
2025-01-13,17875.484375,18444.767578125,17875.484375,18330.91015625,14276644
2025-01-14,18368.86328125,18368.86328125,18141.150390625,18179.1015625,10677774
2025-01-15,18330.91015625,18482.71875,18217.0546875,18330.91015625,12999906
2025-01-16,18330.91015625,18482.71875,18217.0546875,18330.91015625,12999906
2025-01-17,18520.671875,18672.48046875,18406.814453125,18634.529296875,9278777
2025-01-20,18710.43359375,18710.43359375,18482.71875,18596.576171875,9198150
2025-01-21,18634.529296875,18824.2890625,18520.671875,18558.625,10570666
2025-01-22,18596.576171875,18786.337890625,18520.671875,18520.671875,12588467
2025-01-23,18558.625,19165.859375,18558.625,19089.955078125,24342728
2025-01-24,19052.001953125,19165.859375,18976.09765625,19165.859375,12793725
2025-01-27,19165.859375,19165.859375,19165.859375,19165.859375,0
2025-01-28,19165.859375,19165.859375,19165.859375,19165.859375,0
2025-01-29,19165.859375,19165.859375,19165.859375,19165.859375,0
2025-01-30,19165.859375,19165.859375,19165.859375,19165.859375,0
2025-01-31,19165.859375,19165.859375,19165.859375,19165.859375,0
2025-02-03,18862.2421875,19014.05078125,18786.337890625,18824.2890625,16938413
2025-02-04,18900.193359375,19317.66796875,18824.2890625,19203.810546875,20642810
2025-02-05,19317.66796875,19317.66796875,19014.05078125,19014.05078125,12689911
2025-02-06,19127.90625,19279.71484375,19014.05078125,19014.05078125,12201665
2025-02-07,19014.05078125,19127.90625,18938.146484375,18976.09765625,10335633
2025-02-10,18938.146484375,19089.955078125,18710.43359375,18900.193359375,20891017
2025-02-11,18938.146484375,18976.09765625,18710.43359375,18748.384765625,17035114
2025-02-12,18824.2890625,19014.05078125,18786.337890625,18786.337890625,9175753
2025-02-13,18786.337890625,18900.193359375,18748.384765625,18824.2890625,8916875
2025-02-14,18976.09765625,19203.810546875,18900.193359375,18900.193359375,21278215
2025-02-17,18900.193359375,19241.763671875,18824.2890625,18976.09765625,24324810
2025-02-18,19052.001953125,19203.810546875,18976.09765625,19089.955078125,12962490
2025-02-19,19165.859375,19279.71484375,19014.05078125,19241.763671875,20442822
2025-02-20,19317.66796875,19393.572265625,19165.859375,19165.859375,18189461
2025-02-21,19127.90625,19279.71484375,19089.955078125,19241.763671875,15252345
2025-02-24,19203.810546875,19621.28515625,19165.859375,19621.28515625,33019169
2025-02-25,19659.23828125,19886.951171875,19545.380859375,19621.28515625,36979546
2025-02-26,19621.28515625,19811.046875,19431.525390625,19621.28515625,33216654
2025-02-27,19697.189453125,19811.046875,19431.525390625,19811.046875,23709167
2025-02-28,19886.951171875,20342.376953125,19886.951171875,19962.85546875,54537686
2025-03-03,19962.85546875,20342.376953125,19848.998046875,20190.568359375,33786055
2025-03-04,20076.7109375,20190.568359375,19811.046875,20000.806640625,31714106
2025-03-05,20038.759765625,20228.521484375,19811.046875,19811.046875,36314367
2025-03-06,19886.951171875,20456.234375,19886.951171875,20418.28125,59270350
2025-03-07,20570.08984375,20608.04296875,20342.376953125,20418.28125,30165316
2025-03-10,20494.185546875,20683.947265625,20114.6640625,20228.521484375,60131302
2025-03-11,20000.806640625,20266.47265625,20000.806640625,20266.47265625,34815508
2025-03-12,20380.330078125,20456.234375,20152.6171875,20266.47265625,35293346
2025-03-13,20304.42578125,20797.802734375,20076.7109375,20456.234375,66947377
2025-03-14,20494.185546875,20645.994140625,20342.376953125,20456.234375,38206352
2025-03-17,20570.08984375,20608.04296875,20380.330078125,20494.185546875,23834984
2025-03-18,20570.08984375,20835.755859375,20342.376953125,20342.376953125,38918037
2025-03-19,20266.47265625,20380.330078125,20114.6640625,20152.6171875,32028317
2025-03-20,20228.521484375,20380.330078125,20038.759765625,20152.6171875,25742251
2025-03-21,20190.568359375,20380.330078125,20114.6640625,20190.568359375,27937118
2025-03-24,20304.42578125,20608.04296875,20114.6640625,20608.04296875,32204723
2025-03-25,20721.8984375,20835.755859375,20418.28125,20418.28125,31096619
2025-03-26,20418.28125,20532.138671875,20038.759765625,20114.6640625,34464935
2025-03-27,20114.6640625,20190.568359375,19962.85546875,19962.85546875,19850498
2025-03-28,20000.806640625,20152.6171875,19773.09375,20000.806640625,23216311
2025-03-31,19848.998046875,20000.806640625,19735.142578125,19735.142578125,25682966
2025-04-01,19886.951171875,19924.90234375,19583.333984375,19773.09375,24245632
2025-04-02,19848.998046875,20114.6640625,19811.046875,20076.7109375,20511329
2025-04-03,19127.90625,19583.333984375,18672.48046875,18672.48046875,71517336
2025-04-04,17382.10546875,18103.197265625,17382.10546875,18027.29296875,108083336
2025-04-07,18027.29296875,18027.29296875,18027.29296875,18027.29296875,0
2025-04-08,17458.009765625,17533.9140625,16774.87109375,16774.87109375,41527240
2025-04-09,15636.3046875,16736.91796875,15636.3046875,15636.3046875,97077253
2025-04-10,16698.966796875,16698.966796875,16698.966796875,16698.966796875,6877335
2025-04-11,17458.009765625,17799.580078125,17002.583984375,17799.580078125,85701495
2025-04-14,17989.341796875,18292.958984375,17761.626953125,18292.958984375,48482569
2025-04-15,18065.24609375,18217.0546875,17609.818359375,17685.72265625,34479559
2025-04-16,17761.626953125,17913.4375,17458.009765625,17458.009765625,24886043
2025-04-17,17306.201171875,17723.67578125,17306.201171875,17533.9140625,24576706
2025-04-18,17685.72265625,18179.1015625,17647.771484375,17723.67578125,34721969
2025-04-21,17761.626953125,17837.533203125,17344.154296875,17382.10546875,24413079
2025-04-22,17078.48828125,17382.10546875,16167.6357421875,16888.7265625,63839783
2025-04-23,17420.05859375,17420.05859375,17154.392578125,17268.25,17776178
2025-04-24,17382.10546875,17571.8671875,17192.345703125,17458.009765625,23642900
2025-04-25,17609.818359375,17609.818359375,17306.201171875,17306.201171875,20173140
2025-04-28,17382.10546875,17571.8671875,17306.201171875,17495.962890625,15888935
2025-04-29,17571.8671875,17571.8671875,17420.05859375,17420.05859375,12882390
2025-04-30,17420.05859375,17420.05859375,17420.05859375,17420.05859375,0
2025-05-01,17420.05859375,17420.05859375,17420.05859375,17420.05859375,0
2025-05-02,17420.05859375,17420.05859375,17420.05859375,17420.05859375,0
2025-05-05,17761.626953125,17799.580078125,17458.009765625,17533.9140625,12271358
2025-05-06,17761.626953125,17799.580078125,17458.009765625,17533.9140625,12271358
2025-05-07,17609.818359375,17837.533203125,17533.9140625,17571.8671875,21704936
2025-05-08,17571.8671875,17571.8671875,17268.25,17344.154296875,24882881
2025-05-09,17420.05859375,17685.72265625,17268.25,17533.9140625,24397797
2025-05-12,17533.9140625,17609.818359375,17344.154296875,17609.818359375,26378578
2025-05-13,17533.9140625,17609.818359375,17344.154296875,17609.818359375,26378578
2025-05-14,17875.484375,18141.150390625,17723.67578125,17761.626953125,33665903
2025-05-15,17799.580078125,18368.86328125,17685.72265625,18141.150390625,48246878
2025-05-16,18330.91015625,18406.814453125,18103.197265625,18141.150390625,31417417
2025-05-19,17875.484375,17989.341796875,17723.67578125,17723.67578125,26012065
2025-05-20,17875.484375,17989.341796875,17723.67578125,17723.67578125,26012065
2025-05-21,17761.626953125,17951.388671875,17685.72265625,17837.533203125,20203837
2025-05-22,17875.484375,17989.341796875,17647.771484375,17723.67578125,32121065
2025-05-23,17723.67578125,18141.150390625,17647.771484375,17723.67578125,36446770
2025-05-26,17799.580078125,17913.4375,17306.201171875,17913.4375,27551501
2025-05-27,17799.580078125,17913.4375,17306.201171875,17913.4375,27551501
2025-05-28,17989.341796875,18217.0546875,17837.533203125,17989.341796875,32172446
2025-05-29,18179.1015625,18368.86328125,17875.484375,17989.341796875,32409586
2025-05-30,18103.197265625,18141.150390625,17837.533203125,17837.533203125,19615860
2025-06-02,17723.67578125,17989.341796875,17723.67578125,17989.341796875,15885510
2025-06-03,17723.67578125,17989.341796875,17723.67578125,17989.341796875,15885510
2025-06-04,18292.958984375,18862.2421875,18292.958984375,18596.576171875,77185914
2025-06-05,18748.384765625,18748.384765625,18330.91015625,18368.86328125,25605237
2025-06-06,18368.86328125,18444.767578125,18141.150390625,18179.1015625,32482046
2025-06-09,17951.388671875,17989.341796875,17723.67578125,17723.67578125,20689316
2025-06-10,17951.388671875,17989.341796875,17723.67578125,17723.67578125,20689316
2025-06-11,17761.626953125,17875.484375,17685.72265625,17723.67578125,17758524
2025-06-12,17761.626953125,17913.4375,17723.67578125,17837.533203125,16996249
2025-06-13,17913.4375,18103.197265625,17875.484375,17951.388671875,18197102
2025-06-16,17533.9140625,18103.197265625,17533.9140625,18103.197265625,22163539
2025-06-17,17533.9140625,18103.197265625,17533.9140625,18103.197265625,22163539
2025-06-18,18141.150390625,18179.1015625,17951.388671875,18103.197265625,21535907
2025-06-19,18103.197265625,18179.1015625,17913.4375,17913.4375,28712830
2025-06-20,17913.4375,18179.1015625,17837.533203125,18141.150390625,25940791
2025-06-23,17989.341796875,18103.197265625,17875.484375,18027.29296875,20632666
2025-06-24,17989.341796875,18103.197265625,17875.484375,18027.29296875,20632666
2025-06-25,18330.91015625,18634.529296875,18217.0546875,18444.767578125,63881810
2025-06-26,18482.71875,18824.2890625,18368.86328125,18596.576171875,34064168
2025-06-27,18596.576171875,18672.48046875,18330.91015625,18596.576171875,24263549
2025-06-30,18976.09765625,19089.955078125,18748.384765625,18748.384765625,35031832
2025-07-01,18976.09765625,19089.955078125,18748.384765625,18748.384765625,35031832
2025-07-02,18786.337890625,18824.2890625,18482.71875,18558.625,19950492
2025-07-03,18520.671875,19583.333984375,18482.71875,19355.62109375,54364442
2025-07-04,19355.62109375,19962.85546875,19089.955078125,19545.380859375,76837845
2025-07-07,19886.951171875,20076.7109375,19773.09375,19962.85546875,43882967
2025-07-08,19886.951171875,20076.7109375,19773.09375,19962.85546875,43882967
2025-07-09,20038.759765625,20608.04296875,19924.90234375,20532.138671875,85644055
2025-07-10,20683.947265625,21898.41796875,20683.947265625,21670.705078125,95562848
2025-07-11,21936.369140625,22126.130859375,21708.65625,21974.322265625,68201718
2025-07-14,22619.509765625,22733.365234375,22012.2734375,22581.556640625,67794100
2025-07-15,22619.509765625,22733.365234375,22012.2734375,22581.556640625,67794100
2025-07-16,22619.509765625,24137.59765625,22505.65234375,23150.83984375,82800346
2025-07-17,23150.83984375,24213.501953125,22999.03125,23985.7890625,62065709
2025-07-18,24289.40625,24365.310546875,23796.02734375,24213.501953125,65440744
2025-07-21,24327.357421875,24365.310546875,23378.552734375,23796.02734375,72503445
2025-07-22,24327.357421875,24365.310546875,23378.552734375,23796.02734375,72503445
2025-07-23,23530.361328125,24289.40625,23188.791015625,24289.40625,81307547
2025-07-24,24517.119140625,25314.115234375,24213.501953125,24479.166015625,57769252
2025-07-25,24517.119140625,24555.0703125,23796.02734375,24289.40625,56900922
2025-07-28,26414.728515625,27211.724609375,26149.0625,27173.7734375,65325204
2025-07-29,26414.728515625,27211.724609375,26149.0625,27173.7734375,65325204
2025-07-30,27401.486328125,27477.390625,25276.162109375,25276.162109375,138330729
2025-07-31,25503.875,25921.349609375,24820.736328125,25731.58984375,82661750
2025-08-01,25883.3984375,26262.919921875,25124.353515625,25959.302734375,65055786
2025-08-04,24668.927734375,25807.494140625,24593.0234375,25807.494140625,74733487
2025-08-05,24668.927734375,25807.494140625,24593.0234375,25807.494140625,74733487
2025-08-06,26111.111328125,27249.677734375,24668.927734375,26300.873046875,121118681
2025-08-07,26376.77734375,26794.25,26111.111328125,26794.25,65992755
2025-08-08,27173.7734375,27173.7734375,26376.77734375,26680.39453125,48889660
2025-08-11,27173.7734375,28653.908203125,26794.25,28464.146484375,78072556
2025-08-12,27173.7734375,28653.908203125,26794.25,28464.146484375,78072556
2025-08-13,28767.765625,28805.716796875,27629.19921875,27894.865234375,59777172
2025-08-14,28122.578125,28198.482421875,27021.962890625,27894.865234375,89297466
2025-08-15,28084.625,28691.861328125,27401.486328125,27932.81640625,92805564
2025-08-18,27781.0078125,27932.81640625,27059.916015625,27173.7734375,66170083
2025-08-19,27781.0078125,27932.81640625,27059.916015625,27173.7734375,66170083
2025-08-20,26946.05859375,28312.337890625,26946.05859375,27894.865234375,77869274
2025-08-21,27894.865234375,27932.81640625,26187.015625,27401.486328125,79496189
2025-08-22,27477.390625,28767.765625,27401.486328125,28122.578125,95221498
2025-08-25,27629.19921875,28691.861328125,27211.724609375,27818.958984375,91362564
2025-08-26,27629.19921875,28691.861328125,27211.724609375,27818.958984375,91362564
2025-08-27,27743.0546875,29754.521484375,27439.4375,29754.521484375,124312172
2025-08-28,30703.326171875,31272.609375,30437.662109375,30551.517578125,78593343
2025-08-29,30741.279296875,31879.845703125,30475.61328125,31879.845703125,72368275
2025-09-01,31879.845703125,31879.845703125,31879.845703125,31879.845703125,0
2025-09-02,31879.845703125,31879.845703125,31879.845703125,31879.845703125,0
2025-09-03,32031.654296875,32373.22265625,31044.896484375,31386.466796875,71308652
2025-09-04,32031.654296875,32373.22265625,31044.896484375,31386.466796875,71308652
2025-09-05,31576.2265625,32335.271484375,31234.658203125,32107.55859375,43751354
2025-09-08,30589.470703125,31576.2265625,30437.662109375,30513.56640625,95049703
2025-09-09,30589.470703125,31576.2265625,30437.662109375,30513.56640625,95049703
2025-09-10,30779.23046875,31879.845703125,29830.42578125,31879.845703125,68501832
2025-09-11,32487.080078125,32942.5078125,31614.1796875,32221.4140625,57012774
2025-09-12,31728.037109375,32335.271484375,30209.94921875,32221.4140625,113195820
2025-09-15,32221.4140625,32221.4140625,32221.4140625,32221.4140625,0
2025-09-16,31955.75,32373.22265625,31462.37109375,32031.654296875,53384262
2025-09-17,32638.888671875,32638.888671875,31576.2265625,31576.2265625,49954289
2025-09-18,31424.41796875,31614.1796875,30741.279296875,30817.18359375,49958505
2025-09-19,31006.9453125,31424.41796875,30589.470703125,30968.9921875,34722891
2025-09-22,30741.279296875,30931.041015625,29754.521484375,29830.42578125,57359789
2025-09-23,30741.279296875,30931.041015625,29754.521484375,29830.42578125,57359789
2025-09-24,29906.330078125,30437.662109375,29906.330078125,29906.330078125,28232226
2025-09-25,29982.234375,30551.517578125,29261.142578125,30551.517578125,47924499
2025-09-26,29982.234375,30096.091796875,29602.712890625,29602.712890625,34249928
2025-09-29,28881.62109375,28995.478515625,28236.43359375,28502.099609375,45332422
2025-09-30,28881.62109375,28995.478515625,28236.43359375,28502.099609375,45332422
2025-10-01,28540.05078125,29450.904296875,28312.337890625,29261.142578125,50362302
2025-10-02,29488.857421875,29754.521484375,29185.23828125,29299.095703125,22353251
2025-10-03,29337.046875,29564.76171875,28615.95703125,28729.8125,27874012
2025-10-06,29223.19140625,30551.517578125,29185.23828125,30551.517578125,70483535
2025-10-07,29223.19140625,30551.517578125,29185.23828125,30551.517578125,70483535
2025-10-08,31120.80078125,31386.466796875,30779.23046875,30968.9921875,53410347
2025-10-09,31690.083984375,32259.3671875,30779.23046875,31272.609375,70809604
2025-10-10,31310.5625,31348.513671875,30779.23046875,30855.134765625,44070571
2025-10-13,30475.61328125,31652.130859375,30361.7578125,31386.466796875,55680308
2025-10-14,30475.61328125,31652.130859375,30361.7578125,31386.466796875,55680308
2025-10-15,32145.509765625,32866.6015625,31120.80078125,31120.80078125,85988699
2025-10-16,31196.705078125,31690.083984375,31006.9453125,31462.37109375,39673988
2025-10-17,31652.130859375,32069.60546875,31234.658203125,31386.466796875,39208270
2025-10-20,30931.041015625,31728.037109375,28805.716796875,28805.716796875,92993168
2025-10-21,30931.041015625,31728.037109375,28805.716796875,28805.716796875,92993168
2025-10-22,28805.716796875,29982.234375,28046.673828125,29299.095703125,106959422
2025-10-23,29450.904296875,29450.904296875,28236.43359375,29185.23828125,43206853
2025-10-24,29223.19140625,29337.046875,28464.146484375,28464.146484375,31987213
2025-10-27,27629.19921875,27743.0546875,26224.966796875,26414.728515625,93720004
2025-10-28,27629.19921875,27743.0546875,26224.966796875,26414.728515625,93720004
2025-10-29,26338.82421875,27325.58203125,26338.82421875,27211.724609375,45404618
2025-10-30,27287.62890625,27477.390625,27021.962890625,27021.962890625,30165579
2025-10-31,27059.916015625,27211.724609375,26414.728515625,26452.681640625,36937651
2025-11-03,26035.20703125,26224.966796875,24668.927734375,24668.927734375,65892233
2025-11-04,24593.0234375,26376.77734375,24365.310546875,26376.77734375,76198093
2025-11-05,24593.0234375,26376.77734375,24365.310546875,26376.77734375,76198093
2025-11-06,26566.537109375,26604.490234375,25845.4453125,26035.20703125,30535650
2025-11-07,25921.349609375,25959.302734375,24934.59375,25010.498046875,48322894
2025-11-10,25010.498046875,26452.681640625,24858.689453125,25503.875,43516849
2025-11-11,25883.3984375,26528.5859375,25579.78125,26452.681640625,39792031
2025-11-12,26642.44140625,27211.724609375,26414.728515625,26946.05859375,46065186
2025-11-13,26984.01171875,26984.01171875,26414.728515625,26528.5859375,28078743
2025-11-14,26414.728515625,26832.203125,26262.919921875,26528.5859375,25861480
2025-11-17,26566.537109375,26908.107421875,26452.681640625,26870.154296875,21017887
2025-11-18,26908.107421875,27287.62890625,26718.345703125,26984.01171875,33741788
2025-11-19,26870.154296875,26908.107421875,26073.158203125,26300.873046875,30655142
2025-11-20,26300.873046875,26528.5859375,25921.349609375,26414.728515625,27750304
2025-11-21,26035.20703125,26224.966796875,25845.4453125,26035.20703125,24301096
2025-11-24,26262.919921875,26490.6328125,26035.20703125,26111.111328125,15589348
2025-11-25,25921.349609375,26035.20703125,24744.83203125,24934.59375,69859593
2025-11-26,25048.44921875,25845.4453125,25010.498046875,25807.494140625,47478279
2025-11-27,25693.63671875,25921.349609375,25162.306640625,25200.2578125,26485950
2025-11-28,25162.306640625,25390.01953125,24706.87890625,24896.640625,33560113
2025-12-01,25048.44921875,25162.306640625,24289.40625,24289.40625,37410878
2025-12-02,24061.693359375,24630.974609375,24061.693359375,24517.119140625,41288387
2025-12-03,24593.0234375,24706.87890625,24403.26171875,24555.0703125,29046803
2025-12-04,24706.87890625,25162.306640625,24668.927734375,24896.640625,42180826
2025-12-05,25010.498046875,25048.44921875,24441.21484375,24479.166015625,62042390
2025-12-08,25000.0,25375.0,24500.0,24500.0,38325960
2025-12-09,24458.333984375,24500.0,23666.666015625,23958.333984375,36991920
2025-12-10,24166.666015625,24416.666015625,24083.333984375,24375.0,14562720
2025-12-11,24458.333984375,24750.0,24125.0,24208.333984375,14025840
2025-12-12,24416.666015625,24500.0,23333.333984375,23416.666015625,25870560
2025-12-15,23375.0,24041.666015625,23375.0,23666.666015625,22400760
2025-12-16,23833.333984375,25291.666015625,23333.333984375,25208.333984375,38525400
2025-12-17,25000.0,25083.333984375,24666.666015625,24708.333984375,16403640
2025-12-18,25000.0,25083.333984375,24666.666015625,24708.333984375,16403640
2025-12-19,25000.0,25791.666015625,24875.0,25666.666015625,51153840
2025-12-22,25750.0,26250.0,25458.333984375,26208.333984375,35586000
2025-12-23,26208.333984375,26333.333984375,25541.666015625,25666.666015625,31409880
2025-12-24,25583.333984375,26125.0,25333.333984375,26125.0,26492280
2025-12-25,25583.333984375,26125.0,25333.333984375,26125.0,26492280
2025-12-26,25208.333984375,26041.666015625,24791.666015625,25625.0,37446240
2025-12-29,25666.666015625,25791.666015625,25333.333984375,25416.666015625,14399400
2025-12-30,25416.666015625,25666.666015625,25250.0,25500.0,13398960
2025-12-31,25541.666015625,25750.0,25166.666015625,25208.333984375,16335360
2026-01-01,25208.333984375,25208.333984375,25208.333984375,25208.333984375,0
2026-01-02,25208.333984375,25208.333984375,25208.333984375,25208.333984375,0
2026-01-05,25333.333984375,25333.333984375,24000.0,24291.666015625,37418040
2026-01-06,24291.666015625,24833.333984375,23875.0,24708.333984375,28847640
2026-01-07,25000.0,25416.666015625,24791.666015625,25083.333984375,29566200
2026-01-08,25166.666015625,26083.333984375,25166.666015625,25458.333984375,51844920
2026-01-09,25791.666015625,25875.0,25250.0,25291.666015625,34818480
2026-01-12,25375.0,27041.666015625,25375.0,27041.666015625,67099920
2026-01-13,27958.333984375,28250.0,27208.333984375,27291.666015625,60182880
2026-01-14,27333.333984375,27958.333984375,26833.333984375,27791.666015625,70320120
2026-01-15,27750.0,28166.666015625,26958.333984375,27208.333984375,50578320
2026-01-16,27416.666015625,27875.0,26666.666015625,27208.333984375,49002840
2026-01-19,27166.666015625,27666.666015625,27041.666015625,27208.333984375,28026000
2026-01-20,27500.0,27750.0,26875.0,27166.666015625,33082680
2026-01-21,26875.0,27083.333984375,26166.666015625,26416.666015625,54677400
2026-01-22,26708.333984375,27125.0,26416.666015625,26583.333984375,27957120
2026-01-23,26833.333984375,27250.0,26500.0,26583.333984375,31286760
2026-01-26,26458.333984375,27000.0,25666.666015625,25833.333984375,31183800
2026-01-27,25833.333984375,26166.666015625,25708.333984375,25708.333984375,21577680
2026-01-28,25833.333984375,26166.666015625,25416.666015625,25791.666015625,29974320
2026-01-29,25875.0,26250.0,25791.666015625,25958.333984375,13296840
2026-01-30,26000.0,26333.333984375,25916.666015625,25958.333984375,22775760
2026-02-02,25958.333984375,25958.333984375,25500.0,25666.666015625,24402840
2026-02-03,25833.333984375,26250.0,25750.0,25750.0,33156960
2026-02-04,26166.666015625,27083.333984375,26125.0,26291.666015625,38859360
2026-02-05,26416.666015625,26583.333984375,25833.333984375,25833.333984375,18237240
2026-02-06,25583.333984375,25833.333984375,24916.666015625,24916.666015625,44827440
2026-02-09,25208.333984375,25291.666015625,24666.666015625,24666.666015625,17580240
2026-02-10,24666.666015625,25000.0,24583.333984375,24958.333984375,22953120
2026-02-11,25125.0,26000.0,25083.333984375,26000.0,27285720
2026-02-12,26041.666015625,26250.0,25875.0,26041.666015625,14117160
2026-02-13,25916.666015625,26291.666015625,25750.0,26166.666015625,23440200
2026-02-16,26166.666015625,26166.666015625,26166.666015625,26166.666015625,0
2026-02-17,26166.666015625,26166.666015625,26166.666015625,26166.666015625,0
2026-02-18,26166.666015625,26166.666015625,26166.666015625,26166.666015625,0
2026-02-19,26166.666015625,26166.666015625,26166.666015625,26166.666015625,0
2026-02-20,26166.666015625,26166.666015625,26166.666015625,26166.666015625,0
2026-02-23,26333.333984375,26541.666015625,26083.333984375,26333.333984375,20003160
2026-02-24,26250.0,27333.333984375,26041.666015625,26750.0,55773720
2026-02-25,26666.666015625,27250.0,26500.0,26791.666015625,51197640
2026-02-26,26916.666015625,27250.0,26666.666015625,27000.0,36515520
2026-02-27,27083.333984375,27458.333984375,26750.0,27000.0,44756280
2026-03-02,26250.0,27333.333984375,26083.333984375,26541.666015625,87066480
2026-03-03,26250.0,27333.333984375,26083.333984375,26541.666015625,87066480
2026-03-04,27125.0,28083.333984375,26250.0,28083.333984375,111013560
2026-03-05,28583.333984375,29166.666015625,27916.666015625,27916.666015625,100785480
2026-03-06,27583.333984375,27666.666015625,26250.0,26250.0,84724440
2026-03-09,24416.666015625,24541.666015625,24416.666015625,24416.666015625,40236000
2026-03-10,25000.0,25416.666015625,24166.666015625,24708.333984375,97249320
2026-03-11,24833.333984375,25666.666015625,24500.0,25208.333984375,46878360
2026-03-12,24750.0,25083.333984375,24083.333984375,24291.666015625,52934640
2026-03-13,23958.333984375,24333.333984375,23500.0,23666.666015625,65928720
2026-03-16,23708.333984375,24375.0,23583.333984375,23666.666015625,31248840
2026-03-17,24000.0,24541.666015625,23875.0,23875.0,35120880
2026-03-18,24000.0,24083.333984375,23083.333984375,23333.333984375,50988720
2026-03-19,22833.333984375,23000.0,22166.666015625,22500.0,72428040
2026-03-20,22333.333984375,22750.0,22208.333984375,22458.333984375,41743800
2026-03-23,21750.0,21958.333984375,21000.0,21166.666015625,61128840
2026-03-24,21875.0,22083.333984375,21541.666015625,21583.333984375,33783120
2026-03-25,22000.0,22708.333984375,21916.666015625,22375.0,36481200
2026-03-26,22375.0,22375.0,21958.333984375,21958.333984375,28083120
2026-03-27,21958.333984375,22666.666015625,21958.333984375,22541.666015625,27966360
2026-03-30,21958.333984375,22416.666015625,21666.666015625,22125.0,31130520
2026-03-31,22250.0,22750.0,22125.0,22458.333984375,41340960
2026-04-01,23083.333984375,23750.0,23000.0,23250.0,48358560
2026-04-02,23041.666015625,23291.666015625,22791.666015625,22958.333984375,30198960
2026-04-03,23083.333984375,23166.666015625,22500.0,22500.0,32561040
2026-04-06,22416.666015625,22916.666015625,22375.0,22458.333984375,21084720
2026-04-07,22625.0,22916.666015625,22291.666015625,22916.666015625,21763440
2026-04-08,23916.666015625,24500.0,23750.0,24500.0,78933960
2026-04-09,24125.0,24375.0,23958.333984375,23958.333984375,34583880
2026-04-10,24250.0,24291.666015625,23833.333984375,23833.333984375,28263720
2026-04-13,23500.0,23958.333984375,23416.666015625,23666.666015625,26186280
2026-04-14,24000.0,24250.0,23708.333984375,23916.666015625,23835000
2026-04-15,24166.666015625,24291.666015625,23916.666015625,23916.666015625,29334240
2026-04-16,23916.666015625,24250.0,23791.666015625,24041.666015625,31548000
2026-04-17,24041.666015625,24291.666015625,23791.666015625,23791.666015625,22309560
2026-04-20,23833.333984375,24333.333984375,23833.333984375,24125.0,28360440
2026-04-21,24166.666015625,24250.0,23583.333984375,23583.333984375,25974720
2026-04-22,23666.666015625,23708.333984375,23416.666015625,23458.333984375,17701320
2026-04-23,23500.0,23750.0,22958.333984375,23291.666015625,26494440
2026-04-24,23250.0,23333.333984375,22958.333984375,23083.333984375,13040400
2026-04-27,23083.333984375,23083.333984375,23083.333984375,23083.333984375,0
2026-04-28,23166.666015625,23375.0,23041.666015625,23041.666015625,12897960
2026-04-29,23083.333984375,23250.0,23041.666015625,23041.666015625,14689320
2026-04-30,23041.666015625,23041.666015625,23041.666015625,23041.666015625,0
2026-05-01,23041.666015625,23041.666015625,23041.666015625,23041.666015625,0
2026-05-04,23208.333984375,23458.333984375,23083.333984375,23083.333984375,15283320
2026-05-05,23000.0,23125.0,22750.0,22750.0,17140560
2026-05-06,22958.333984375,23916.666015625,22875.0,23750.0,33273720
2026-05-07,23958.333984375,24000.0,23583.333984375,23625.0,22914480
2026-05-08,23625.0,23833.333984375,23500.0,23583.333984375,17962560
2026-05-11,23708.333984375,24000.0,23541.666015625,23583.333984375,27741480
2026-05-12,23583.333984375,23666.666015625,23375.0,23375.0,14878320
2026-05-13,23541.666015625,23625.0,23041.666015625,23166.666015625,22955160
2026-05-14,23166.666015625,23458.333984375,23166.666015625,23416.666015625,13902240
2026-05-15,23500.0,23625.0,23208.333984375,23250.0,15602280
2026-05-18,23166.666015625,23541.666015625,23041.666015625,23458.333984375,17795760
2026-05-19,23583.333984375,23958.333984375,23041.666015625,23166.666015625,46181760
2026-05-20,23166.666015625,23250.0,22083.333984375,22708.333984375,29427480
2026-05-21,22833.333984375,22958.333984375,22541.666015625,22583.333984375,19930080
2026-05-22,22625.0,23291.666015625,22333.333984375,22958.333984375,28256520
2026-05-25,23125.0,23208.333984375,22875.0,22875.0,9610320
2026-05-26,22833.333984375,23416.666015625,22833.333984375,23333.333984375,22918800
2026-05-27,23416.666015625,23500.0,23208.333984375,23250.0,12120720
2026-05-28,23250.0,23500.0,22958.333984375,22958.333984375,18098160
2026-05-29,23000.0,23333.333984375,22875.0,22916.666015625,14059440
2026-06-01,22916.666015625,23291.666015625,22791.666015625,22875.0,14023920
2026-06-02,22875.0,23083.333984375,22458.333984375,22500.0,20322960
2026-06-03,22500.0,22958.333984375,22416.666015625,22750.0,17718000
2026-06-04,22791.666015625,22833.333984375,22500.0,22583.333984375,12212640
2026-06-05,22625.0,22708.333984375,22416.666015625,22500.0,11056560
2026-06-08,22333.333984375,22375.0,21958.333984375,21958.333984375,22831560
2026-06-09,22000.0,22333.333984375,21875.0,22083.333984375,13594800
2026-06-10,22083.333984375,22291.666015625,21958.333984375,22125.0,10928160
2026-06-11,22000.0,22125.0,21916.666015625,21916.666015625,8937600
2026-06-12,22250.0,22333.333984375,21791.666015625,21791.666015625,17037120
2026-06-15,22250.0,22666.666015625,22166.666015625,22541.666015625,28919400
2026-06-16,22666.666015625,23166.666015625,22541.666015625,23000.0,27825960
2026-06-17,23041.666015625,23250.0,22875.0,23083.333984375,18164640
2026-06-18,23083.333984375,23333.333984375,22916.666015625,22916.666015625,15301680
2026-06-19,22916.666015625,23041.666015625,22625.0,22625.0,16352640
2026-06-22,22666.666015625,22875.0,22416.666015625,22666.666015625,11600400
2026-06-23,22708.333984375,22875.0,22375.0,22375.0,19779840
2026-06-24,22416.666015625,22458.333984375,22125.0,22250.0,12291240
2026-06-25,22333.333984375,22375.0,22083.333984375,22083.333984375,12314040
2026-06-26,22083.333984375,22166.666015625,21875.0,22000.0,11266080
2026-06-29,22083.333984375,22291.666015625,22083.333984375,22166.666015625,8759160
2026-06-30,22208.333984375,22625.0,22166.666015625,22291.666015625,17668560
2026-07-01,22208.333984375,22625.0,22166.666015625,22291.666015625,17668560
2026-07-02,22708.333984375,22916.666015625,22583.333984375,22583.333984375,15704880
2026-07-03,22708.333984375,22916.666015625,22458.333984375,22791.666015625,24123240
2026-07-06,22916.666015625,23083.333984375,21916.666015625,22291.666015625,21858120
2026-07-07,22291.666015625,22625.0,22041.666015625,22625.0,18308160
2026-07-08,22625.0,23166.666015625,22583.333984375,22666.666015625,26279160
2026-07-09,22583.333984375,22708.333984375,22333.333984375,22458.333984375,12708480
2026-07-10,22500.0,22541.666015625,22083.333984375,22125.0,18254760
2026-07-13,22083.333984375,22083.333984375,20916.666015625,21375.0,42150840
2026-07-14,21041.666015625,21541.666015625,20833.333984375,21291.666015625,21554520
2026-07-15,21208.333984375,21458.333984375,20583.333984375,20583.333984375,23903520
2026-07-16,20416.666015625,20833.333984375,19750.0,20833.333984375,41717640
2026-07-17,20833.333984375,20833.333984375,20208.333984375,20208.333984375,13911240
2026-07-20,19916.666015625,20041.666015625,18916.666015625,18916.666015625,43504560
2026-07-21,18833.333984375,19750.0,18833.333984375,19333.333984375,27596040
2026-07-22,19375.0,19708.333984375,18666.666015625,18875.0,41705280
2026-07-23,18791.666015625,20000.0,18500.0,19625.0,35854920
2026-07-24,19291.666015625,19416.666015625,19000.0,19000.0,21185160
2026-07-27,19208.333984375,19291.666015625,18333.333984375,18333.333984375,19800480
2026-07-28,18166.666015625,19416.666015625,18083.333984375,19166.666015625,36493560
2026-07-29,19416.666015625,19625.0,19166.666015625,19375.0,22568880
2026-07-30,19458.333984375,20250.0,19333.333984375,20000.0,34818960
2026-07-31,20083.333984375,20083.333984375,19583.333984375,19625.0,21412680
2026-08-03,19833.333984375,20666.666015625,19791.666015625,20458.333984375,29213880
2026-08-04,20500.0,20583.333984375,20250.0,20458.333984375,16956240
2026-08-05,20708.333984375,20708.333984375,20291.666015625,20333.333984375,19787520
2026-08-06,20333.333984375,20541.666015625,20000.0,20250.0,17679360
2026-08-07,20208.333984375,20541.666015625,20166.666015625,20375.0,15942480
2026-08-10,20541.666015625,21041.666015625,20500.0,20916.666015625,24421560
2026-08-11,20958.333984375,21166.666015625,20833.333984375,20958.333984375,27202800
2026-08-12,20958.333984375,21125.0,20833.333984375,21083.333984375,18874680
2026-08-13,21083.333984375,21250.0,20833.333984375,20833.333984375,33644880
2026-08-14,20791.666015625,20791.666015625,20250.0,20416.666015625,40819440
2026-08-17,19800.0,20100.0,19700.0,19800.0,18212900
2026-08-18,19800.0,19900.0,19300.0,19500.0,15279600
2026-08-19,19500.0,19600.0,19200.0,19400.0,11085700
2026-08-20,19600.0,19700.0,19400.0,19400.0,11042500
2026-08-21,19700.0,20750.0,19650.0,20750.0,38706800
2026-08-24,21400.0,21600.0,21100.0,21250.0,32450300
2026-08-25,21250.0,21500.0,21100.0,21250.0,30658300
2026-08-26,21100.0,21650.0,21100.0,21650.0,27952800
2026-08-27,21750.0,21750.0,21350.0,21400.0,15960200
2026-08-28,21300.0,21600.0,21300.0,21350.0,20299000
2026-08-31,21350.0,21350.0,21350.0,21350.0,0
2026-09-01,21350.0,21350.0,21350.0,21350.0,0
2026-09-02,21350.0,21350.0,21350.0,21350.0,0
2026-09-03,21100.0,21350.0,20900.0,20900.0,21947100
2026-09-04,21000.0,21200.0,20950.0,21050.0,11573200
2026-09-07,21100.0,21200.0,20750.0,20850.0,15026800
2026-09-08,20850.0,21300.0,20850.0,21000.0,13825100
2026-09-09,21000.0,21000.0,21000.0,21000.0,0
2026-09-10,20850.0,21200.0,20700.0,21000.0,12807500
2026-09-11,20850.0,20950.0,20300.0,20300.0,24010700
2026-09-14,20250.0,20400.0,19700.0,20300.0,24518000
2026-09-15,20300.0,20750.0,20250.0,20650.0,16404500
2026-09-16,20650.0,20650.0,20300.0,20550.0,13947800
2026-09-17,20400.0,21600.0,20350.0,21150.0,40967600
2026-09-18,21500.0,21650.0,21200.0,21400.0,36400100
2026-09-21,21550.0,21600.0,20750.0,20900.0,33510000
2026-09-22,20950.0,21350.0,20900.0,20950.0,12109000
2026-09-23,20950.0,21150.0,20750.0,20850.0,15632800
2026-09-24,20850.0,21200.0,20600.0,20850.0,22439900
2026-09-25,20850.0,21050.0,20700.0,20700.0,11689500
2026-09-28,20700.0,20750.0,20000.0,20150.0,30299500
2026-09-29,20150.0,20350.0,19950.0,20150.0,15055400
2026-09-30,20300.0,20550.0,20050.0,20100.0,15011100
2026-10-01,20150.0,20550.0,20100.0,20150.0,31383792
