Date,Open,High,Low,Close,Volume
2021-10-01,14940.65234375,15025.1826171875,14496.87109375,14496.87109375,3941329
2021-10-04,14539.1357421875,14750.4609375,14053.0888671875,14053.0888671875,363000000
2021-10-05,14116.486328125,14560.2685546875,14116.486328125,14560.2685546875,3407553
2021-10-06,14560.2685546875,14560.2685546875,14560.2685546875,14560.2685546875,0
2021-10-07,14539.1357421875,14687.0634765625,14285.5458984375,14518.00390625,2367920
2021-10-08,14623.666015625,14644.7978515625,14370.076171875,14623.666015625,2674321
2021-10-11,14623.666015625,14623.666015625,14623.666015625,14623.666015625,0
2021-10-12,15299.904296875,15426.69921875,15194.2421875,15257.6396484375,3283810
2021-10-13,15299.904296875,15342.169921875,15004.0498046875,15299.904296875,2560988
2021-10-14,15299.904296875,15299.904296875,15299.904296875,15299.904296875,0
2021-10-15,15384.4345703125,15595.7587890625,15215.375,15511.2294921875,2957298
2021-10-18,15511.2294921875,15511.2294921875,15511.2294921875,15511.2294921875,0
2021-10-19,15490.0966796875,15490.0966796875,15173.109375,15384.4345703125,1853309
2021-10-20,15299.904296875,15638.0244140625,15151.9775390625,15468.9638671875,2971021
2021-10-21,15511.2294921875,15764.8193359375,15384.4345703125,15595.7587890625,3938489
2021-10-22,15616.8916015625,15743.6865234375,15405.5673828125,15595.7587890625,2190705
2021-10-25,15595.7587890625,15595.7587890625,15595.7587890625,15595.7587890625,0
2021-10-26,15215.375,15553.494140625,15088.580078125,15553.494140625,2808711
2021-10-27,15638.0244140625,15701.421875,15342.169921875,15680.2890625,4316817
2021-10-28,15680.2890625,15849.3486328125,15426.69921875,15722.5537109375,2713124
2021-10-29,15701.421875,15722.5537109375,15468.9638671875,15638.0244140625,2488588
2021-11-01,15638.0244140625,15638.0244140625,15638.0244140625,15638.0244140625,0
2021-11-02,15447.83203125,15828.2158203125,15278.7724609375,15828.2158203125,3412758
2021-11-03,15870.4814453125,16483.322265625,15849.3486328125,16356.5283203125,719154155
2021-11-04,16441.05859375,16504.455078125,16124.0703125,16187.4677734375,1588787
2021-11-05,16229.7333984375,16250.865234375,15849.3486328125,16060.673828125,1795578
2021-11-08,16060.673828125,16483.322265625,15807.083984375,15912.74609375,3642499
2021-11-09,15933.87890625,16187.4677734375,15891.61328125,16060.673828125,3227261
2021-11-10,16060.673828125,16102.9384765625,15912.74609375,16018.408203125,2338345
2021-11-11,16018.408203125,16060.673828125,15511.2294921875,15976.1435546875,3903709
2021-11-12,16018.408203125,16208.6005859375,15638.0244140625,16187.4677734375,2337635
2021-11-15,16483.322265625,16483.322265625,16124.0703125,16208.6005859375,4132977
2021-11-16,16145.203125,16398.79296875,15997.2763671875,16081.8056640625,4004265
2021-11-17,16060.673828125,16271.998046875,15976.1435546875,16208.6005859375,3338701
2021-11-18,16208.6005859375,16208.6005859375,15912.74609375,15976.1435546875,2969838
2021-11-19,15976.1435546875,16694.646484375,15912.74609375,16483.322265625,14093954
2021-11-22,16863.70703125,17624.4765625,16736.912109375,17624.4765625,19817612
2021-11-23,17793.53515625,17835.80078125,17159.5625,17709.005859375,6440091
2021-11-24,17624.4765625,18934.689453125,17539.9453125,18934.689453125,19399535
2021-11-25,19146.013671875,19315.072265625,18596.568359375,18871.291015625,7904425
2021-11-26,18913.556640625,19568.662109375,18638.833984375,19019.21875,9895201
2021-11-29,18681.099609375,18850.158203125,18173.919921875,18448.642578125,8575667
2021-11-30,18723.36328125,18871.291015625,17159.5625,17835.80078125,12021787
2021-12-01,17878.064453125,18173.919921875,17476.548828125,18173.919921875,8390407
2021-12-02,18342.98046875,18638.833984375,18047.125,18131.654296875,5166931
2021-12-03,18004.859375,18765.62890625,17920.330078125,17920.330078125,7403064
2021-12-06,18089.390625,18089.390625,16673.515625,17159.5625,8539467
2021-12-07,17244.091796875,17539.9453125,17117.296875,17307.48828125,2878746
2021-12-08,17328.62109375,18152.787109375,17222.958984375,17666.740234375,3347692
2021-12-09,17751.271484375,17962.595703125,17666.740234375,17962.595703125,3486341
2021-12-10,18237.31640625,18406.376953125,18068.2578125,18173.919921875,5149422
2021-12-13,18385.244140625,18385.244140625,17856.93359375,18173.919921875,5262519
2021-12-14,18068.2578125,18385.244140625,17878.064453125,18089.390625,3093581
2021-12-15,18216.185546875,18554.3046875,17983.728515625,18469.7734375,5940859
2021-12-16,18596.568359375,18976.953125,18554.3046875,18596.568359375,5889279
2021-12-17,18786.76171875,18850.158203125,18427.509765625,18533.171875,3247373
2021-12-20,18533.171875,19230.54296875,18342.98046875,19230.54296875,9682968
2021-12-21,19209.41015625,19230.54296875,18638.833984375,18638.833984375,4657998
2021-12-22,18638.833984375,18681.099609375,17582.2109375,18385.244140625,8038579
2021-12-23,18089.390625,18089.390625,17222.958984375,17835.80078125,7143747
2021-12-24,17624.4765625,18596.568359375,17582.2109375,18448.642578125,3823027
2021-12-27,18596.568359375,18596.568359375,17539.9453125,18258.44921875,2353961
2021-12-28,18131.654296875,18596.568359375,17878.064453125,18131.654296875,3456056
2021-12-29,18300.71484375,19019.21875,18279.58203125,18638.833984375,7877689
2021-12-30,18638.833984375,19019.21875,18638.833984375,18702.232421875,3429557
2021-12-31,18723.36328125,19991.3125,18723.36328125,19991.3125,22745098
2022-01-03,19991.3125,19991.3125,19991.3125,19991.3125,0
2022-01-04,20266.033203125,20308.298828125,19970.1796875,20139.23828125,5468600
2022-01-05,20139.23828125,20646.41796875,19801.119140625,20054.708984375,4652320
2022-01-06,19779.986328125,20456.2265625,19568.662109375,19737.72265625,9914129
2022-01-07,19632.060546875,19864.517578125,19505.265625,19526.3984375,5243827
2022-01-10,19399.603515625,19568.662109375,18807.89453125,19230.54296875,8956361
2022-01-11,19230.54296875,19441.8671875,18723.36328125,18892.423828125,4017042
2022-01-12,18892.423828125,19991.3125,18047.125,19843.384765625,6833324
2022-01-13,20033.576171875,20498.490234375,19653.193359375,19695.45703125,9716803
2022-01-14,19315.072265625,19653.193359375,19019.21875,19399.603515625,3120080
2022-01-17,19399.603515625,19737.72265625,18385.244140625,18596.568359375,7293044
2022-01-18,18385.244140625,18976.953125,17793.53515625,18342.98046875,7685804
2022-01-19,18258.44921875,18850.158203125,18258.44921875,18427.509765625,2917075
2022-01-20,18427.509765625,18807.89453125,17793.53515625,18596.568359375,6545615
2022-01-21,18385.244140625,19441.8671875,18364.111328125,19061.482421875,5496992
2022-01-24,18976.953125,19420.734375,18596.568359375,18638.833984375,3626174
2022-01-25,18638.833984375,19357.337890625,18596.568359375,19357.337890625,3441624
2022-01-26,19441.8671875,20287.166015625,19357.337890625,19906.78125,10140795
2022-01-27,19927.9140625,20287.166015625,19568.662109375,19779.986328125,4255301
2022-01-28,19991.3125,20667.55078125,19737.72265625,20096.974609375,8533079
2022-01-31,20096.974609375,20096.974609375,20096.974609375,20096.974609375,0
2022-02-01,20096.974609375,20096.974609375,20096.974609375,20096.974609375,0
2022-02-02,20096.974609375,20096.974609375,20096.974609375,20096.974609375,0
2022-02-03,20096.974609375,20096.974609375,20096.974609375,20096.974609375,0
2022-02-04,20096.974609375,20096.974609375,20096.974609375,20096.974609375,0
2022-02-07,20244.90234375,20498.490234375,20012.443359375,20012.443359375,3618129
2022-02-08,19695.45703125,20287.166015625,19695.45703125,20287.166015625,5823504
2022-02-09,20477.359375,20709.81640625,20160.37109375,20244.90234375,6860770
2022-02-10,20118.107421875,20329.431640625,19949.046875,20118.107421875,4386852
2022-02-11,19991.3125,20413.9609375,19970.1796875,20160.37109375,3744239
2022-02-14,19779.986328125,20054.708984375,19399.603515625,19399.603515625,8130381
2022-02-15,19399.603515625,19399.603515625,19399.603515625,19399.603515625,0
2022-02-16,19526.3984375,19526.3984375,19188.27734375,19272.80859375,5662614
2022-02-17,19441.8671875,19779.986328125,19272.80859375,19779.986328125,3730752
2022-02-18,19695.45703125,20033.576171875,19610.927734375,19801.119140625,3546675
2022-02-21,19526.3984375,19801.119140625,19505.265625,19695.45703125,4491430
2022-02-22,19441.8671875,19779.986328125,19315.072265625,19653.193359375,4280617
2022-02-23,19864.517578125,20223.76953125,19737.72265625,19822.251953125,4711471
2022-02-24,19716.58984375,19949.046875,19019.21875,19801.119140625,7304401
2022-02-25,19906.78125,20139.23828125,19864.517578125,20033.576171875,5611271
2022-02-28,20075.841796875,20118.107421875,19822.251953125,19822.251953125,3254944
2022-03-01,19779.986328125,19864.517578125,19526.3984375,19864.517578125,3678700
2022-03-02,19695.45703125,19695.45703125,18638.833984375,19357.337890625,10338121
2022-03-03,19209.41015625,19441.8671875,18765.62890625,19441.8671875,5345093
2022-03-04,19399.603515625,19568.662109375,19188.27734375,19357.337890625,2278721
2022-03-07,19230.54296875,19230.54296875,18976.953125,18976.953125,3099969
2022-03-08,18934.689453125,19188.27734375,18744.49609375,18850.158203125,4952569
2022-03-09,18807.89453125,18934.689453125,18131.654296875,18807.89453125,4968658
2022-03-10,19146.013671875,19146.013671875,18765.62890625,18765.62890625,2131081
2022-03-11,18385.244140625,18807.89453125,18385.244140625,18469.7734375,3203128
2022-03-14,18385.244140625,18427.509765625,18173.919921875,18173.919921875,3963806
2022-03-15,18258.44921875,18512.0390625,18110.5234375,18279.58203125,2498761
2022-03-16,18659.966796875,18807.89453125,18512.0390625,18617.701171875,2413584
2022-03-17,18850.158203125,18976.953125,18681.099609375,18681.099609375,1325921
2022-03-18,18702.232421875,18765.62890625,18596.568359375,18723.36328125,1470013
2022-03-21,18850.158203125,18934.689453125,18765.62890625,18934.689453125,3085773
2022-03-22,19040.3515625,19230.54296875,18976.953125,19061.482421875,2032654
2022-03-23,19103.748046875,19315.072265625,18934.689453125,19019.21875,1576957
2022-03-24,19019.21875,19019.21875,18765.62890625,18892.423828125,2521712
2022-03-25,18892.423828125,18955.8203125,18807.89453125,18807.89453125,1802676
2022-03-28,18723.36328125,18807.89453125,18406.376953125,18575.4375,2145277
2022-03-29,18575.4375,19082.615234375,18575.4375,18976.953125,2507989
2022-03-30,18934.689453125,19864.517578125,18934.689453125,19864.517578125,8643099
2022-03-31,19779.986328125,19906.78125,19653.193359375,19885.650390625,3024256
2022-04-01,19864.517578125,20477.359375,19758.85546875,20244.90234375,6287245
2022-04-04,20625.28515625,20625.28515625,20118.107421875,20202.63671875,4079978
2022-04-05,20139.23828125,20202.63671875,19801.119140625,19801.119140625,3350295
2022-04-06,19779.986328125,20456.2265625,19610.927734375,20033.576171875,4728979
2022-04-07,20075.841796875,20371.6953125,19737.72265625,19737.72265625,3572465
2022-04-08,19864.517578125,19864.517578125,19019.21875,19019.21875,3384602
2022-04-11,19019.21875,19019.21875,19019.21875,19019.21875,0
2022-04-12,19230.54296875,19272.80859375,18681.099609375,18681.099609375,2345679
2022-04-13,18723.36328125,19124.880859375,18342.98046875,19019.21875,2095117
2022-04-14,19019.21875,19146.013671875,18871.291015625,18913.556640625,1304864
2022-04-15,18807.89453125,18913.556640625,18490.90625,18512.0390625,2723061
2022-04-18,18385.244140625,18490.90625,17835.80078125,18258.44921875,3863486
2022-04-19,18258.44921875,18385.244140625,17709.005859375,17962.595703125,2240864
2022-04-20,17962.595703125,18110.5234375,17476.548828125,17476.548828125,1559448
2022-04-21,17539.9453125,17751.271484375,16314.2626953125,17751.271484375,3722708
2022-04-22,17751.271484375,18237.31640625,16905.97265625,17962.595703125,2488588
2022-04-25,17962.595703125,17962.595703125,16715.779296875,16884.83984375,2777006
2022-04-26,16694.646484375,17370.88671875,15743.6865234375,17370.88671875,2561461
2022-04-27,17328.62109375,17666.740234375,16905.97265625,17666.740234375,1600144
2022-04-28,17392.01953125,17772.40234375,17370.88671875,17497.681640625,1170710
2022-04-29,17539.9453125,18279.58203125,17434.283203125,18173.919921875,3472382
2022-05-02,18173.919921875,18173.919921875,18173.919921875,18173.919921875,0
2022-05-03,18173.919921875,18173.919921875,18173.919921875,18173.919921875,0
2022-05-04,18385.244140625,18385.244140625,17075.03125,17075.03125,1470486
2022-05-05,17539.9453125,17751.271484375,17159.5625,17666.740234375,1661424
2022-05-06,17328.62109375,17624.4765625,17117.296875,17159.5625,1459602
2022-05-09,16905.97265625,17159.5625,15976.1435546875,16483.322265625,3072760
2022-05-10,15426.69921875,16356.5283203125,15426.69921875,16229.7333984375,2718329
2022-05-11,16525.587890625,16673.515625,16187.4677734375,16673.515625,1582162
2022-05-12,16483.322265625,16610.1171875,15511.2294921875,15511.2294921875,3577197
2022-05-13,15405.5673828125,15919.0859375,14435.5869140625,14435.5869140625,3077588
2022-05-16,14321.4716796875,15405.5673828125,13437.078125,14578.23046875,6836243
2022-05-17,14549.7021484375,15262.9228515625,13922.068359375,15177.3359375,3024835
2022-05-18,15405.5673828125,15434.095703125,14834.990234375,15177.3359375,2077021
2022-05-19,14378.529296875,15006.1630859375,14378.529296875,14720.875,2382852
2022-05-20,14720.875,14892.0478515625,14549.7021484375,14749.404296875,1694776
2022-05-23,14834.990234375,14834.990234375,14150.298828125,14150.298828125,1537918
2022-05-24,13950.5966796875,14549.7021484375,13779.423828125,14549.7021484375,1812202
2022-05-25,14549.7021484375,15034.6923828125,14549.7021484375,15034.6923828125,1901410
2022-05-26,15120.2783203125,15120.2783203125,14863.51953125,14949.10546875,1399461
2022-05-27,14977.634765625,15348.509765625,14863.51953125,15319.98046875,3611434
2022-05-30,15348.509765625,15576.740234375,15291.451171875,15519.6826171875,1751386
2022-05-31,15548.2109375,15548.2109375,15177.3359375,15291.451171875,818820
2022-06-01,15262.9228515625,15462.625,15063.220703125,15120.2783203125,901894
2022-06-02,15120.2783203125,15120.2783203125,15120.2783203125,15120.2783203125,0
2022-06-03,15006.1630859375,15063.220703125,14749.404296875,14892.0478515625,1110806
2022-06-06,14892.0478515625,14920.5771484375,14720.875,14920.5771484375,1926998
2022-06-07,14920.5771484375,14949.10546875,14492.64453125,14834.990234375,1323924
2022-06-08,15120.2783203125,15405.5673828125,14834.990234375,15205.865234375,1697055
2022-06-09,15291.451171875,15291.451171875,15006.1630859375,15120.2783203125,667570
2022-06-10,14892.0478515625,15205.865234375,14863.51953125,14863.51953125,1065413
2022-06-13,14292.9423828125,14435.5869140625,13836.4814453125,13836.4814453125,3325583
2022-06-14,13807.9521484375,13807.9521484375,12895.0302734375,12895.0302734375,3853821
2022-06-15,12837.97265625,12895.0302734375,12039.1650390625,12552.6845703125,6404924
2022-06-16,12780.9150390625,13123.2607421875,12609.7421875,12666.7998046875,1398410
2022-06-17,12381.5107421875,12381.5107421875,11782.40625,11782.40625,7667858
2022-06-20,11782.40625,12324.453125,10983.5986328125,11012.1279296875,5613970
2022-06-21,10498.6083984375,11069.185546875,10270.3779296875,10270.3779296875,5370357
2022-06-22,10726.8388671875,10983.5986328125,10384.4931640625,10983.5986328125,7509597
2022-06-23,11211.8291015625,11611.232421875,11126.2431640625,11611.232421875,3035000
2022-06-24,11810.9345703125,11839.4638671875,11554.1748046875,11753.876953125,2436307
2022-06-27,11753.876953125,11839.4638671875,11525.646484375,11810.9345703125,2691838
2022-06-28,11925.0498046875,12609.7421875,11810.9345703125,12609.7421875,3073733
2022-06-29,12666.7998046875,13465.6064453125,12438.5693359375,12780.9150390625,4182611
2022-06-30,12809.443359375,13009.1455078125,12267.3955078125,12267.3955078125,2743715
2022-07-01,12267.3955078125,13123.2607421875,11525.646484375,12980.6162109375,4085867
2022-07-04,13180.318359375,13865.0107421875,13180.318359375,13865.0107421875,7417760
2022-07-05,14264.4140625,14492.64453125,13750.89453125,13750.89453125,4802335
2022-07-06,13294.43359375,13979.1259765625,13294.43359375,13750.89453125,2935977
2022-07-07,13865.0107421875,14464.115234375,13237.3759765625,14321.4716796875,5473936
2022-07-08,14521.1728515625,14692.3466796875,14264.4140625,14292.9423828125,3196240
2022-07-11,13807.9521484375,14150.298828125,13522.6640625,13636.779296875,4364357
2022-07-12,13636.779296875,13636.779296875,13636.779296875,13636.779296875,0
2022-07-13,13979.1259765625,14378.529296875,13693.8369140625,13865.0107421875,2657837
2022-07-14,13779.423828125,13979.1259765625,13636.779296875,13950.5966796875,2125919
2022-07-15,13950.5966796875,14378.529296875,13836.4814453125,13836.4814453125,4547154
2022-07-18,13865.0107421875,14064.7119140625,13836.4814453125,14036.18359375,2428771
2022-07-19,14093.2412109375,14093.2412109375,13779.423828125,13865.0107421875,1919111
2022-07-20,14235.884765625,14264.4140625,14036.18359375,14178.8271484375,3586547
2022-07-21,14292.9423828125,14521.1728515625,14264.4140625,14321.4716796875,2948245
2022-07-22,14521.1728515625,15091.75,14350.0,14949.10546875,7677322
2022-07-25,14834.990234375,14834.990234375,14549.7021484375,14692.3466796875,2380574
2022-07-26,14663.8173828125,14920.5771484375,14549.7021484375,14635.2890625,1995174
2022-07-27,14549.7021484375,14663.8173828125,14378.529296875,14635.2890625,1431884
2022-07-28,14863.51953125,15091.75,14663.8173828125,15091.75,4137569
2022-07-29,15120.2783203125,15576.740234375,15091.75,15177.3359375,11104907
2022-08-01,15120.2783203125,15262.9228515625,15006.1630859375,15205.865234375,3183271
2022-08-02,15405.5673828125,15491.1533203125,15148.8076171875,15177.3359375,3021154
2022-08-03,15177.3359375,15177.3359375,14892.0478515625,14949.10546875,3470699
2022-08-04,15091.75,15091.75,14834.990234375,14892.0478515625,4161404
2022-08-05,14834.990234375,14834.990234375,14635.2890625,14806.4619140625,4299685
2022-08-08,14720.875,15006.1630859375,14720.875,14920.5771484375,2731973
2022-08-09,15006.1630859375,15006.1630859375,14777.9326171875,14863.51953125,2798923
2022-08-10,14834.990234375,14892.0478515625,14777.9326171875,14834.990234375,2386007
2022-08-11,14949.10546875,15006.1630859375,14549.7021484375,14635.2890625,4106197
2022-08-12,14777.9326171875,14777.9326171875,14492.64453125,14720.875,2603156
2022-08-15,14834.990234375,15148.8076171875,14720.875,14977.634765625,4118465
2022-08-16,15006.1630859375,15262.9228515625,14892.0478515625,15063.220703125,5954152
2022-08-17,15063.220703125,15120.2783203125,14920.5771484375,14920.5771484375,4096558
2022-08-18,14892.0478515625,15091.75,14834.990234375,14834.990234375,4835459
2022-08-19,14777.9326171875,14949.10546875,14663.8173828125,14663.8173828125,3224282
2022-08-22,14720.875,14720.875,14064.7119140625,14264.4140625,4247458
2022-08-23,14093.2412109375,14378.529296875,14007.654296875,14378.529296875,1966782
2022-08-24,14464.115234375,14578.23046875,14321.4716796875,14321.4716796875,1926822
2022-08-25,14492.64453125,14749.404296875,14378.529296875,14663.8173828125,3709581
2022-08-26,14663.8173828125,14749.404296875,14464.115234375,14492.64453125,2695343
2022-08-29,14321.4716796875,14663.8173828125,14064.7119140625,14435.5869140625,3237427
2022-08-30,14606.759765625,14692.3466796875,14264.4140625,14264.4140625,2931771
2022-08-31,14264.4140625,14378.529296875,14178.8271484375,14264.4140625,2155363
2022-09-01,14264.4140625,14264.4140625,14264.4140625,14264.4140625,0
2022-09-02,14264.4140625,14264.4140625,14264.4140625,14264.4140625,0
2022-09-05,14264.4140625,14350.0,14007.654296875,14007.654296875,2709364
2022-09-06,14007.654296875,14150.298828125,13922.068359375,14036.18359375,3517669
2022-09-07,14036.18359375,14464.115234375,13979.1259765625,13979.1259765625,5274314
2022-09-08,14093.2412109375,14150.298828125,13465.6064453125,13465.6064453125,3299119
2022-09-09,13551.193359375,13579.7216796875,12723.857421875,13465.6064453125,7305592
2022-09-12,13579.7216796875,13665.30859375,13094.7314453125,13322.962890625,2688158
2022-09-13,13351.4912109375,13437.078125,13123.2607421875,13322.962890625,1908069
2022-09-14,13066.203125,13208.84765625,12923.55859375,13208.84765625,2360945
2022-09-15,13294.43359375,13294.43359375,13123.2607421875,13123.2607421875,1202117
2022-09-16,13066.203125,13123.2607421875,12752.3857421875,12980.6162109375,2537783
2022-09-19,12666.7998046875,12895.0302734375,12181.8095703125,12581.212890625,4487215
2022-09-20,12552.6845703125,12723.857421875,12181.8095703125,12723.857421875,2898822
2022-09-21,12552.6845703125,12609.7421875,12410.0400390625,12552.6845703125,1682333
2022-09-22,12324.453125,12837.97265625,12295.9248046875,12837.97265625,2475390
2022-09-23,12666.7998046875,12837.97265625,12581.212890625,12723.857421875,1611177
2022-09-26,12438.5693359375,13123.2607421875,11953.5791015625,12866.5009765625,4891368
2022-09-27,12609.7421875,13437.078125,12609.7421875,13265.9052734375,6751767
2022-09-28,13351.4912109375,13351.4912109375,12837.97265625,13009.1455078125,2122940
2022-09-29,13094.7314453125,13237.3759765625,12609.7421875,12638.2705078125,2740035
2022-09-30,12609.7421875,12695.328125,12039.1650390625,12552.6845703125,3672250
2022-10-03,12324.453125,12609.7421875,11925.0498046875,12067.6943359375,4051691
2022-10-04,12210.337890625,12581.212890625,12096.22265625,12124.751953125,3589001
2022-10-05,12552.6845703125,12552.6845703125,12238.8671875,12238.8671875,2315202
2022-10-06,12238.8671875,12238.8671875,11411.53125,11839.4638671875,3583743
2022-10-07,11354.4736328125,11782.40625,11012.1279296875,11411.53125,4163683
2022-10-10,11325.9443359375,11668.2900390625,10955.0703125,11383.001953125,2853079
2022-10-11,11126.2431640625,11325.9443359375,10612.7236328125,11040.65625,4381007
2022-10-12,11012.1279296875,11725.3486328125,11012.1279296875,11183.30078125,3511185
2022-10-13,11240.3583984375,11411.53125,11126.2431640625,11240.3583984375,2550577
2022-10-14,12010.63671875,12010.63671875,11440.0595703125,11525.646484375,4806541
2022-10-17,11497.1171875,11525.646484375,11069.185546875,11354.4736328125,2148353
2022-10-18,11554.1748046875,11696.8193359375,11354.4736328125,11383.001953125,2633126
2022-10-19,11411.53125,11753.876953125,11354.4736328125,11639.76171875,2748097
2022-10-20,11696.8193359375,11696.8193359375,11354.4736328125,11383.001953125,2721107
2022-10-21,11468.5888671875,11468.5888671875,10641.2529296875,10955.0703125,3771097
2022-10-24,10983.5986328125,10983.5986328125,10213.3203125,10755.3681640625,3363439
2022-10-25,10840.9541015625,11297.416015625,10270.3779296875,10983.5986328125,3234447
2022-10-26,11040.65625,11126.2431640625,10641.2529296875,10869.4833984375,1379657
2022-10-27,10955.0703125,11354.4736328125,10641.2529296875,11354.4736328125,3733416
2022-10-28,11468.5888671875,11725.3486328125,11240.3583984375,11240.3583984375,4048010
2022-10-31,11325.9443359375,11354.4736328125,10898.01171875,11183.30078125,2154487
2022-11-01,11354.4736328125,11668.2900390625,11297.416015625,11497.1171875,8767097
2022-11-02,11497.1171875,12124.751953125,11468.5888671875,11810.9345703125,16890809
2022-11-03,11725.3486328125,11867.9921875,11554.1748046875,11582.7041015625,7626145
2022-11-04,11411.53125,11582.7041015625,10783.896484375,11268.88671875,11864665
2022-11-07,10983.5986328125,11240.3583984375,10498.6083984375,10527.1376953125,10477647
2022-11-08,10270.3779296875,10641.2529296875,10241.849609375,10584.1953125,6040030
2022-11-09,10470.080078125,10783.896484375,10327.435546875,10498.6083984375,4706116
2022-11-10,10270.3779296875,10384.4931640625,9785.3876953125,9985.08984375,9907171
2022-11-11,10156.2626953125,10241.849609375,9414.5126953125,9985.08984375,8614970
2022-11-14,9728.330078125,10070.67578125,9357.455078125,9928.0322265625,7105619
2022-11-15,9699.8017578125,9813.9169921875,9243.33984375,9699.8017578125,8350851
2022-11-16,9271.869140625,10355.96484375,9271.869140625,10270.3779296875,6372326
2022-11-17,10498.6083984375,10726.8388671875,10384.4931640625,10527.1376953125,5713694
2022-11-18,10527.1376953125,10612.7236328125,10213.3203125,10498.6083984375,4510700
2022-11-21,10555.666015625,10783.896484375,10470.080078125,10555.666015625,4286716
2022-11-22,10470.080078125,10840.9541015625,10355.96484375,10384.4931640625,8504906
2022-11-23,10498.6083984375,10498.6083984375,10213.3203125,10213.3203125,3358006
2022-11-24,10156.2626953125,10241.849609375,9985.08984375,10184.791015625,3841903
2022-11-25,10384.4931640625,10441.55078125,10270.3779296875,10441.55078125,6343408
2022-11-28,10698.310546875,11012.1279296875,10498.6083984375,10869.4833984375,10787860
2022-11-29,10926.541015625,11012.1279296875,10612.7236328125,10812.42578125,9748910
2022-11-30,10926.541015625,11554.1748046875,10812.42578125,11554.1748046875,20516265
2022-12-01,11896.521484375,11953.5791015625,11383.001953125,11411.53125,17572225
2022-12-02,11325.9443359375,12210.337890625,11297.416015625,12210.337890625,15455770
2022-12-05,12552.6845703125,12695.328125,12238.8671875,12495.626953125,15387242
2022-12-06,12524.1552734375,12552.6845703125,11639.76171875,11639.76171875,19730043
2022-12-07,11639.76171875,11810.9345703125,11411.53125,11668.2900390625,8748694
2022-12-08,11925.0498046875,12438.5693359375,11753.876953125,11953.5791015625,11022534
2022-12-09,11982.107421875,12067.6943359375,11753.876953125,11953.5791015625,8976359
2022-12-12,11982.107421875,12153.2802734375,11582.7041015625,11611.232421875,8145269
2022-12-13,11554.1748046875,11839.4638671875,11411.53125,11839.4638671875,8867346
2022-12-14,11925.0498046875,11982.107421875,11753.876953125,11753.876953125,9232591
2022-12-15,11810.9345703125,12267.3955078125,11753.876953125,11982.107421875,10453110
2022-12-16,11810.9345703125,12039.1650390625,11810.9345703125,11867.9921875,8296345
2022-12-19,11896.521484375,12295.9248046875,11839.4638671875,11839.4638671875,9693878
2022-12-20,11782.40625,11839.4638671875,11154.771484375,11240.3583984375,10079804
2022-12-21,11297.416015625,11525.646484375,10726.8388671875,11240.3583984375,5839181
2022-12-22,11411.53125,11525.646484375,11126.2431640625,11383.001953125,3845408
2022-12-23,11325.9443359375,11383.001953125,11069.185546875,11211.8291015625,2846769
2022-12-26,11211.8291015625,11297.416015625,10441.55078125,10470.080078125,5837253
2022-12-27,10441.55078125,10840.9541015625,10441.55078125,10840.9541015625,3294036
2022-12-28,10755.3681640625,10983.5986328125,10641.2529296875,10840.9541015625,2986628
2022-12-29,10698.310546875,10955.0703125,10698.310546875,10783.896484375,2410018
2022-12-30,10898.01171875,10983.5986328125,10783.896484375,10840.9541015625,2499226
2023-01-02,10840.9541015625,10840.9541015625,10840.9541015625,10840.9541015625,0
2023-01-03,10812.42578125,11354.4736328125,10812.42578125,11354.4736328125,4182611
2023-01-04,11411.53125,11639.76171875,11297.416015625,11354.4736328125,4429028
2023-01-05,11354.4736328125,11497.1171875,11325.9443359375,11468.5888671875,3086176
2023-01-06,11525.646484375,11896.521484375,11411.53125,11753.876953125,9012988
2023-01-09,11867.9921875,12352.982421875,11867.9921875,12067.6943359375,8002256
2023-01-10,12096.22265625,12210.337890625,11896.521484375,12067.6943359375,6627682
2023-01-11,12267.3955078125,12267.3955078125,12096.22265625,12096.22265625,7280530
2023-01-12,12067.6943359375,12524.1552734375,12067.6943359375,12438.5693359375,8643187
2023-01-13,12666.7998046875,12895.0302734375,12495.626953125,12581.212890625,10953657
2023-01-16,12695.328125,12780.9150390625,12581.212890625,12723.857421875,4520164
2023-01-17,12695.328125,13066.203125,12695.328125,13066.203125,6001999
2023-01-18,13208.84765625,13237.3759765625,13009.1455078125,13066.203125,6211786
2023-01-19,12895.0302734375,13094.7314453125,12866.5009765625,13066.203125,8156661
2023-01-20,13066.203125,13066.203125,13066.203125,13066.203125,0
2023-01-23,13066.203125,13066.203125,13066.203125,13066.203125,0
2023-01-24,13066.203125,13066.203125,13066.203125,13066.203125,0
2023-01-25,13066.203125,13066.203125,13066.203125,13066.203125,0
2023-01-26,13066.203125,13066.203125,13066.203125,13066.203125,0
2023-01-27,13294.43359375,13408.548828125,13180.318359375,13322.962890625,6604021
2023-01-30,13380.0205078125,13437.078125,13151.7900390625,13151.7900390625,7789489
2023-01-31,13123.2607421875,13437.078125,12895.0302734375,13437.078125,12745879
2023-02-01,13665.30859375,13922.068359375,13351.4912109375,13465.6064453125,14706703
2023-02-02,13465.6064453125,13636.779296875,13294.43359375,13465.6064453125,7645424
2023-02-03,13579.7216796875,13865.0107421875,13437.078125,13865.0107421875,7515205
2023-02-06,13579.7216796875,13750.89453125,13437.078125,13494.1357421875,5632723
2023-02-07,13636.779296875,13636.779296875,13066.203125,13151.7900390625,6511483
2023-02-08,13123.2607421875,13380.0205078125,13066.203125,13237.3759765625,4242726
2023-02-09,12752.3857421875,12780.9150390625,12524.1552734375,12552.6845703125,3108785
2023-02-10,12552.6845703125,12638.2705078125,11925.0498046875,11982.107421875,5843212
2023-02-13,11696.8193359375,11982.107421875,11411.53125,11525.646484375,6737220
2023-02-14,11668.2900390625,11867.9921875,11582.7041015625,11696.8193359375,2225994
2023-02-15,11696.8193359375,11982.107421875,11554.1748046875,11810.9345703125,5839882
2023-02-16,11925.0498046875,12010.63671875,11810.9345703125,11925.0498046875,3726230
2023-02-17,12039.1650390625,12267.3955078125,11982.107421875,12267.3955078125,6635744
2023-02-20,12238.8671875,12552.6845703125,12210.337890625,12552.6845703125,6962255
2023-02-21,12695.328125,12780.9150390625,12438.5693359375,12438.5693359375,5578567
2023-02-22,12267.3955078125,12381.5107421875,11982.107421875,11982.107421875,5828490
2023-02-23,12010.63671875,12267.3955078125,11810.9345703125,12267.3955078125,5428719
2023-02-24,12238.8671875,12381.5107421875,11982.107421875,11982.107421875,2530072
2023-02-27,11810.9345703125,12096.22265625,11725.3486328125,11725.3486328125,3629661
2023-02-28,11810.9345703125,11925.0498046875,11668.2900390625,11725.3486328125,2362697
2023-03-01,11725.3486328125,12039.1650390625,11582.7041015625,12039.1650390625,4334037
2023-03-02,12010.63671875,12124.751953125,11925.0498046875,11982.107421875,2164126
2023-03-03,12039.1650390625,12067.6943359375,11782.40625,11782.40625,2337284
2023-03-06,11867.9921875,12010.63671875,11753.876953125,11753.876953125,3479462
2023-03-07,11925.0498046875,11982.107421875,11725.3486328125,11753.876953125,3356079
2023-03-08,11725.3486328125,11839.4638671875,11611.232421875,11810.9345703125,4712075
2023-03-09,11925.0498046875,12181.8095703125,11867.9921875,12096.22265625,7377975
2023-03-10,11953.5791015625,12039.1650390625,11810.9345703125,11953.5791015625,4096382
2023-03-13,11810.9345703125,11896.521484375,11753.876953125,11810.9345703125,5380347
2023-03-14,11782.40625,11867.9921875,11497.1171875,11554.1748046875,4362780
2023-03-15,11782.40625,12210.337890625,11753.876953125,12210.337890625,12970915
2023-03-16,12153.2802734375,12153.2802734375,11867.9921875,11925.0498046875,6223003
2023-03-17,12124.751953125,12124.751953125,11925.0498046875,11953.5791015625,4842820
2023-03-20,11953.5791015625,12124.751953125,11725.3486328125,11725.3486328125,8876810
2023-03-21,11925.0498046875,11925.0498046875,11639.76171875,11839.4638671875,5046824
2023-03-22,11925.0498046875,11925.0498046875,11782.40625,11810.9345703125,3802644
2023-03-23,11753.876953125,11810.9345703125,11639.76171875,11782.40625,5736828
2023-03-24,11867.9921875,12039.1650390625,11839.4638671875,11953.5791015625,9999359
2023-03-27,11982.107421875,12067.6943359375,11925.0498046875,12039.1650390625,8678940
2023-03-28,12124.751953125,12267.3955078125,12067.6943359375,12067.6943359375,12070071
2023-03-29,12096.22265625,12238.8671875,12039.1650390625,12124.751953125,8789705
2023-03-30,12238.8671875,12381.5107421875,12181.8095703125,12181.8095703125,9443079
2023-03-31,12238.8671875,12295.9248046875,12124.751953125,12210.337890625,10593144
2023-04-03,12381.5107421875,12438.5693359375,12295.9248046875,12381.5107421875,10868304
2023-04-04,12410.0400390625,12723.857421875,12352.982421875,12609.7421875,13269385
2023-04-05,12609.7421875,12638.2705078125,12495.626953125,12524.1552734375,9868614
2023-04-06,12267.3955078125,12324.453125,11982.107421875,11982.107421875,10825190
2023-04-07,11953.5791015625,12067.6943359375,11867.9921875,11925.0498046875,6839748
2023-04-10,12039.1650390625,12124.751953125,11867.9921875,11925.0498046875,8189786
2023-04-11,11925.0498046875,12039.1650390625,11867.9921875,12039.1650390625,7431781
2023-04-12,12096.22265625,12267.3955078125,12039.1650390625,12153.2802734375,8391161
2023-04-13,12181.8095703125,12181.8095703125,11982.107421875,12067.6943359375,5618702
2023-04-14,12067.6943359375,12238.8671875,11867.9921875,11867.9921875,8772354
2023-04-17,11867.9921875,11925.0498046875,11782.40625,11782.40625,3721849
2023-04-18,11867.9921875,11867.9921875,11753.876953125,11782.40625,3371151
2023-04-19,11810.9345703125,11896.521484375,11639.76171875,11668.2900390625,5572433
2023-04-20,11639.76171875,11696.8193359375,11611.232421875,11639.76171875,3951616
2023-04-21,11668.2900390625,11753.876953125,11497.1171875,11497.1171875,5881419
2023-04-24,11554.1748046875,11696.8193359375,11497.1171875,11582.7041015625,6828356
2023-04-25,11611.232421875,11668.2900390625,11383.001953125,11411.53125,4919760
2023-04-26,11497.1171875,11668.2900390625,11411.53125,11668.2900390625,4940967
2023-04-27,11668.2900390625,11668.2900390625,11554.1748046875,11554.1748046875,3322078
2023-04-28,11611.232421875,11696.8193359375,11554.1748046875,11696.8193359375,7425997
2023-05-01,11696.8193359375,11696.8193359375,11696.8193359375,11696.8193359375,0
2023-05-02,11696.8193359375,11696.8193359375,11696.8193359375,11696.8193359375,0
2023-05-03,11696.8193359375,11696.8193359375,11696.8193359375,11696.8193359375,0
2023-05-04,11696.8193359375,11696.8193359375,11525.646484375,11525.646484375,3925503
2023-05-05,11611.232421875,11611.232421875,11497.1171875,11497.1171875,4206972
2023-05-08,11525.646484375,11639.76171875,11497.1171875,11611.232421875,8011370
2023-05-09,11668.2900390625,11668.2900390625,11525.646484375,11554.1748046875,3074959
2023-05-10,11582.7041015625,11810.9345703125,11525.646484375,11782.40625,10818355
2023-05-11,11810.9345703125,11896.521484375,11696.8193359375,11725.3486328125,6096289
2023-05-12,11782.40625,11810.9345703125,11639.76171875,11696.8193359375,7780025
2023-05-15,11753.876953125,12067.6943359375,11725.3486328125,11896.521484375,18137618
2023-05-16,11953.5791015625,12067.6943359375,11839.4638671875,11925.0498046875,10812922
2023-05-17,11867.9921875,11982.107421875,11867.9921875,11867.9921875,9938017
2023-05-18,11867.9921875,12352.982421875,11839.4638671875,12238.8671875,18934006
2023-05-19,12267.3955078125,12295.9248046875,12124.751953125,12210.337890625,7791066
2023-05-22,12295.9248046875,12381.5107421875,12210.337890625,12324.453125,8345593
2023-05-23,12324.453125,12381.5107421875,12067.6943359375,12153.2802734375,9878604
2023-05-24,12153.2802734375,12153.2802734375,12153.2802734375,12153.2802734375,0
2023-05-25,11953.5791015625,12010.63671875,11896.521484375,11925.0498046875,5800974
2023-05-26,11953.5791015625,12039.1650390625,11896.521484375,12010.63671875,4213807
2023-05-29,12096.22265625,12153.2802734375,11982.107421875,12153.2802734375,6792778
2023-05-30,12181.8095703125,12210.337890625,12096.22265625,12153.2802734375,6748261
2023-05-31,12153.2802734375,12410.0400390625,12153.2802734375,12210.337890625,11397068
2023-06-01,12210.337890625,12324.453125,12153.2802734375,12295.9248046875,7450709
2023-06-02,12495.626953125,13151.7900390625,12495.626953125,13151.7900390625,37634038
2023-06-05,13465.6064453125,13465.6064453125,13123.2607421875,13237.3759765625,14593484
2023-06-06,13237.3759765625,13465.6064453125,13180.318359375,13465.6064453125,16941810
2023-06-07,13465.6064453125,13494.1357421875,13294.43359375,13465.6064453125,12692249
2023-06-08,13465.6064453125,13494.1357421875,13037.673828125,13037.673828125,24948098
2023-06-09,13094.7314453125,13465.6064453125,12980.6162109375,13351.4912109375,19399500
2023-06-12,13380.0205078125,13494.1357421875,13066.203125,13408.548828125,10011277
2023-06-13,13408.548828125,13465.6064453125,13237.3759765625,13351.4912109375,10261900
2023-06-14,13408.548828125,13722.3662109375,13294.43359375,13294.43359375,18283260
2023-06-15,13294.43359375,13351.4912109375,13180.318359375,13208.84765625,11569350
2023-06-16,13237.3759765625,13465.6064453125,13180.318359375,13180.318359375,16022389
2023-06-19,13180.318359375,13265.9052734375,13123.2607421875,13180.318359375,8197848
2023-06-20,13180.318359375,13351.4912109375,13180.318359375,13294.43359375,9123929
2023-06-21,13351.4912109375,13351.4912109375,13265.9052734375,13294.43359375,14710033
2023-06-22,13294.43359375,13294.43359375,13294.43359375,13294.43359375,0
2023-06-23,13556.8984375,13830.775390625,13556.8984375,13659.6025390625,8668570
2023-06-26,13762.306640625,13762.306640625,13419.9609375,13659.6025390625,9659819
2023-06-27,13693.8369140625,13693.8369140625,13454.1953125,13556.8984375,6480871
2023-06-28,13556.8984375,13693.8369140625,13454.1953125,13591.1337890625,6603116
2023-06-29,13625.3681640625,13659.6025390625,13488.4296875,13522.6640625,8463223
2023-06-30,13522.6640625,13556.8984375,13454.1953125,13454.1953125,4850357
2023-07-03,13454.1953125,13522.6640625,13385.7255859375,13454.1953125,3943525
2023-07-04,13385.7255859375,13454.1953125,13351.4912109375,13454.1953125,4194149
2023-07-05,13454.1953125,13728.072265625,13454.1953125,13625.3681640625,10836115
2023-07-06,13556.8984375,13659.6025390625,13385.7255859375,13419.9609375,5967355
2023-07-07,13385.7255859375,13556.8984375,13351.4912109375,13556.8984375,3685015
2023-07-10,13625.3681640625,13967.7138671875,13556.8984375,13899.2451171875,16781271
2023-07-11,13967.7138671875,14138.88671875,13830.775390625,13899.2451171875,7883838
2023-07-12,13899.2451171875,13967.7138671875,13659.6025390625,13762.306640625,7378355
2023-07-13,13830.775390625,13830.775390625,13693.8369140625,13830.775390625,6081129
2023-07-14,13865.0107421875,13933.4794921875,13693.8369140625,13865.0107421875,6639921
2023-07-17,13865.0107421875,14001.9482421875,13865.0107421875,13967.7138671875,6272602
2023-07-18,13967.7138671875,14241.5908203125,13865.0107421875,14070.41796875,7229967
2023-07-19,14173.1220703125,14207.3564453125,14036.18359375,14070.41796875,7721283
2023-07-20,14070.41796875,14104.65234375,13933.4794921875,14036.18359375,4155153
2023-07-21,14001.9482421875,14070.41796875,13899.2451171875,14070.41796875,4641503
2023-07-24,14104.65234375,14583.9365234375,14001.9482421875,14378.529296875,11057820
2023-07-25,14378.529296875,14583.9365234375,14344.294921875,14344.294921875,8184119
2023-07-26,14310.0595703125,14412.763671875,14207.3564453125,14241.5908203125,3745480
2023-07-27,14241.5908203125,14310.0595703125,14036.18359375,14138.88671875,6254492
2023-07-28,14104.65234375,14207.3564453125,14036.18359375,14207.3564453125,3943525
2023-07-31,14275.8251953125,14481.2333984375,14241.5908203125,14241.5908203125,5499554
2023-08-01,14275.8251953125,14515.4677734375,14104.65234375,14138.88671875,8926205
2023-08-02,14070.41796875,14275.8251953125,14036.18359375,14173.1220703125,8115475
2023-08-03,14173.1220703125,14310.0595703125,14104.65234375,14138.88671875,5874029
2023-08-04,14207.3564453125,14378.529296875,14104.65234375,14378.529296875,8542090
2023-08-07,14412.763671875,14857.8134765625,14378.529296875,14652.40625,12105445
2023-08-08,14789.3447265625,14823.5791015625,14481.2333984375,14515.4677734375,6006497
2023-08-09,14515.4677734375,14549.7021484375,14275.8251953125,14344.294921875,7733405
2023-08-10,14310.0595703125,14378.529296875,14036.18359375,14138.88671875,7384927
2023-08-11,14275.8251953125,14275.8251953125,13933.4794921875,14070.41796875,7065075
2023-08-14,14138.88671875,14241.5908203125,14036.18359375,14173.1220703125,6496352
2023-08-15,14173.1220703125,14207.3564453125,14070.41796875,14104.65234375,3967332
2023-08-16,14104.65234375,14275.8251953125,14001.9482421875,14138.88671875,5427550
2023-08-17,14173.1220703125,14344.294921875,14070.41796875,14173.1220703125,6150649
2023-08-18,14104.65234375,14138.88671875,13351.4912109375,13385.7255859375,12987155
2023-08-21,13454.1953125,13625.3681640625,13283.0224609375,13591.1337890625,7331765
2023-08-22,13591.1337890625,13625.3681640625,13043.3798828125,13591.1337890625,8093129
2023-08-23,13659.6025390625,13693.8369140625,13351.4912109375,13522.6640625,4699924
2023-08-24,13488.4296875,13591.1337890625,13419.9609375,13522.6640625,5048548
2023-08-25,13522.6640625,13522.6640625,13385.7255859375,13419.9609375,3773376
2023-08-28,13419.9609375,13591.1337890625,13419.9609375,13556.8984375,3552108
2023-08-29,13556.8984375,13659.6025390625,13488.4296875,13556.8984375,5581634
2023-08-30,13625.3681640625,13762.306640625,13556.8984375,13693.8369140625,4829033
2023-08-31,13693.8369140625,13967.7138671875,13693.8369140625,13933.4794921875,4765063
2023-09-01,13933.4794921875,13933.4794921875,13933.4794921875,13933.4794921875,0
2023-09-04,13933.4794921875,13933.4794921875,13933.4794921875,13933.4794921875,0
2023-09-05,14070.41796875,14241.5908203125,14036.18359375,14104.65234375,6512856
2023-09-06,14104.65234375,14138.88671875,14001.9482421875,14138.88671875,6307508
2023-09-07,14241.5908203125,14378.529296875,14104.65234375,14173.1220703125,9048449
2023-09-08,14104.65234375,14173.1220703125,14070.41796875,14104.65234375,5693217
2023-09-11,14241.5908203125,14241.5908203125,13830.775390625,13830.775390625,7736326
2023-09-12,13830.775390625,14036.18359375,13762.306640625,13967.7138671875,5485679
2023-09-13,14036.18359375,14378.529296875,13967.7138671875,14378.529296875,16263082
2023-09-14,14583.9365234375,15063.220703125,14549.7021484375,14857.8134765625,31341251
2023-09-15,14789.3447265625,14960.517578125,14618.1708984375,14755.109375,18807438
2023-09-18,14583.9365234375,14686.640625,14241.5908203125,14344.294921875,17117188
2023-09-19,14344.294921875,14344.294921875,14344.294921875,14344.294921875,0
2023-09-20,14173.1220703125,14378.529296875,14138.88671875,14378.529296875,8160897
2023-09-21,14412.763671875,14481.2333984375,14104.65234375,14138.88671875,12907704
2023-09-22,13967.7138671875,14001.9482421875,13693.8369140625,13899.2451171875,15525962
2023-09-25,13899.2451171875,13933.4794921875,13043.3798828125,13043.3798828125,11025397
2023-09-26,13351.4912109375,13488.4296875,13111.849609375,13180.318359375,7423339
2023-09-27,13180.318359375,13419.9609375,12974.9111328125,13385.7255859375,6477220
2023-09-28,13488.4296875,13488.4296875,13111.849609375,13248.787109375,5901340
2023-09-29,13351.4912109375,13488.4296875,13214.552734375,13248.787109375,3672308
2023-10-02,13248.787109375,13419.9609375,13214.552734375,13317.2568359375,2986306
2023-10-03,13180.318359375,13248.787109375,12803.73828125,12872.20703125,9581390
2023-10-04,12803.73828125,13111.849609375,12735.2685546875,12940.67578125,3245401
2023-10-05,13077.6142578125,13077.6142578125,12666.7998046875,12666.7998046875,4962086
2023-10-06,12701.0341796875,12940.67578125,12598.330078125,12803.73828125,4652311
2023-10-09,12803.73828125,12974.9111328125,12701.0341796875,12974.9111328125,5017731
2023-10-10,13077.6142578125,13351.4912109375,13009.1455078125,13283.0224609375,6043302
2023-10-11,13283.0224609375,13419.9609375,13180.318359375,13419.9609375,3003102
2023-10-12,13419.9609375,13522.6640625,13385.7255859375,13454.1953125,3886273
2023-10-13,13077.6142578125,13351.4912109375,13077.6142578125,13248.787109375,2929931
2023-10-16,13214.552734375,13214.552734375,12906.44140625,12906.44140625,5139830
2023-10-17,13009.1455078125,13077.6142578125,12769.5029296875,12769.5029296875,3955063
2023-10-18,12803.73828125,12872.20703125,12529.861328125,12632.564453125,5045773
2023-10-19,12598.330078125,12632.564453125,12324.453125,12495.626953125,6162188
2023-10-20,12461.3916015625,12666.7998046875,12392.9228515625,12564.095703125,5851391
2023-10-23,12564.095703125,12632.564453125,12358.6884765625,12358.6884765625,3951850
2023-10-24,12427.1572265625,12769.5029296875,12427.1572265625,12666.7998046875,3012596
2023-10-25,12666.7998046875,12769.5029296875,12529.861328125,12529.861328125,3308203
2023-10-26,12392.9228515625,12392.9228515625,11845.1689453125,11879.404296875,8940372
2023-10-27,12187.515625,12392.9228515625,11982.107421875,12392.9228515625,3641638
2023-10-30,12392.9228515625,12461.3916015625,12050.5771484375,12050.5771484375,2547569
2023-10-31,12050.5771484375,12324.453125,12016.341796875,12255.984375,5298295
2023-11-01,12255.984375,12324.453125,12050.5771484375,12324.453125,3526695
2023-11-02,12427.1572265625,12735.2685546875,12324.453125,12701.0341796875,4496767
2023-11-03,12940.67578125,12940.67578125,12701.0341796875,12735.2685546875,4871534
2023-11-06,12974.9111328125,12974.9111328125,12803.73828125,12940.67578125,3695969
2023-11-07,13009.1455078125,13009.1455078125,12701.0341796875,12803.73828125,3405181
2023-11-08,12803.73828125,13283.0224609375,12769.5029296875,13283.0224609375,5230674
2023-11-09,13351.4912109375,13385.7255859375,13146.083984375,13214.552734375,4394823
2023-11-10,13009.1455078125,13248.787109375,12974.9111328125,13009.1455078125,5799981
2023-11-13,13146.083984375,13248.787109375,12940.67578125,13146.083984375,4338593
2023-11-14,13180.318359375,13488.4296875,13146.083984375,13419.9609375,9946225
2023-11-15,13659.6025390625,13693.8369140625,13419.9609375,13454.1953125,7845280
2023-11-16,13385.7255859375,13454.1953125,13283.0224609375,13419.9609375,3803608
2023-11-17,13419.9609375,13488.4296875,13077.6142578125,13111.849609375,6617137
2023-11-20,13043.3798828125,13111.849609375,12837.97265625,13009.1455078125,4655086
2023-11-21,13077.6142578125,13248.787109375,13043.3798828125,13043.3798828125,2970095
2023-11-22,13077.6142578125,13180.318359375,12906.44140625,13146.083984375,3424021
2023-11-23,13214.552734375,13248.787109375,12872.20703125,12872.20703125,3801418
2023-11-24,12872.20703125,12940.67578125,12701.0341796875,12872.20703125,3881892
2023-11-27,12872.20703125,12872.20703125,12632.564453125,12632.564453125,3708237
2023-11-28,12632.564453125,12803.73828125,12529.861328125,12803.73828125,2361646
2023-11-29,12872.20703125,12940.67578125,12769.5029296875,12872.20703125,2565387
2023-11-30,12872.20703125,12974.9111328125,12735.2685546875,12803.73828125,1908595
2023-12-01,12872.20703125,13009.1455078125,12769.5029296875,12974.9111328125,2534278
2023-12-04,13111.849609375,13146.083984375,13009.1455078125,13111.849609375,12093177
2023-12-05,13146.083984375,13146.083984375,13009.1455078125,13111.849609375,3752344
2023-12-06,13146.083984375,13214.552734375,13077.6142578125,13146.083984375,6844538
2023-12-07,13214.552734375,13351.4912109375,13077.6142578125,13214.552734375,10263595
2023-12-08,13214.552734375,13317.2568359375,13180.318359375,13248.787109375,6625608
2023-12-11,13283.0224609375,13283.0224609375,13077.6142578125,13146.083984375,3225684
2023-12-12,13214.552734375,13214.552734375,13043.3798828125,13146.083984375,3304552
2023-12-13,13146.083984375,13283.0224609375,13043.3798828125,13043.3798828125,4864962
2023-12-14,13146.083984375,13146.083984375,12940.67578125,12940.67578125,4459524
2023-12-15,12906.44140625,13043.3798828125,12872.20703125,12872.20703125,2600731
2023-12-18,12872.20703125,12906.44140625,12666.7998046875,12701.0341796875,5481005
2023-12-19,12598.330078125,12769.5029296875,12598.330078125,12769.5029296875,3069994
2023-12-20,12872.20703125,12872.20703125,12735.2685546875,12803.73828125,2496597
2023-12-21,12769.5029296875,12872.20703125,12735.2685546875,12837.97265625,2030256
2023-12-22,12872.20703125,12940.67578125,12735.2685546875,12837.97265625,2747513
2023-12-25,12872.20703125,13111.849609375,12837.97265625,13043.3798828125,2231952
2023-12-26,13043.3798828125,13111.849609375,13009.1455078125,13111.849609375,2527122
2023-12-27,13077.6142578125,13180.318359375,13077.6142578125,13146.083984375,2775263
2023-12-28,13180.318359375,13454.1953125,13146.083984375,13454.1953125,7523238
2023-12-29,13488.4296875,13625.3681640625,13419.9609375,13419.9609375,13082673
2024-01-01,13419.9609375,13419.9609375,13419.9609375,13419.9609375,0
2024-01-02,13454.1953125,13625.3681640625,13454.1953125,13556.8984375,6402149
2024-01-03,13556.8984375,13762.306640625,13488.4296875,13762.306640625,6528192
2024-01-04,13830.775390625,14310.0595703125,13728.072265625,13967.7138671875,14842881
2024-01-05,13967.7138671875,14173.1220703125,13967.7138671875,14173.1220703125,6480871
2024-01-08,14310.0595703125,14378.529296875,14173.1220703125,14310.0595703125,8996893
2024-01-09,14378.529296875,14378.529296875,14241.5908203125,14344.294921875,5684016
2024-01-10,14310.0595703125,14481.2333984375,14241.5908203125,14412.763671875,6984747
2024-01-11,14412.763671875,14583.9365234375,14344.294921875,14481.2333984375,10145147
2024-01-12,14344.294921875,14515.4677734375,14241.5908203125,14412.763671875,14106783
2024-01-15,14446.998046875,14755.109375,14446.998046875,14515.4677734375,9407005
2024-01-16,14446.998046875,14720.875,14412.763671875,14720.875,6205273
2024-01-17,14720.875,14823.5791015625,14652.40625,14652.40625,7224855
2024-01-18,14652.40625,14686.640625,14515.4677734375,14652.40625,5285735
2024-01-19,14378.529296875,14481.2333984375,14310.0595703125,14446.998046875,5225124
2024-01-22,14481.2333984375,14583.9365234375,14310.0595703125,14446.998046875,6125529
2024-01-23,14446.998046875,14549.7021484375,14310.0595703125,14344.294921875,6033078
2024-01-24,14344.294921875,14412.763671875,14241.5908203125,14275.8251953125,3336391
2024-01-25,14275.8251953125,14275.8251953125,14275.8251953125,14275.8251953125,0
2024-01-26,14138.88671875,14275.8251953125,14138.88671875,14241.5908203125,3172668
2024-01-29,14275.8251953125,14310.0595703125,14173.1220703125,14241.5908203125,3177925
2024-01-30,14275.8251953125,14310.0595703125,14104.65234375,14310.0595703125,5249806
2024-01-31,14378.529296875,14412.763671875,14070.41796875,14207.3564453125,8408599
2024-02-01,14207.3564453125,14241.5908203125,14001.9482421875,14138.88671875,6208048
2024-02-02,14138.88671875,14138.88671875,14138.88671875,14138.88671875,0
2024-02-05,13933.4794921875,14583.9365234375,13899.2451171875,14515.4677734375,14911087
2024-02-06,14720.875,14994.751953125,14583.9365234375,14652.40625,10785143
2024-02-07,14789.3447265625,14857.8134765625,14652.40625,14857.8134765625,16417312
2024-02-08,14857.8134765625,14857.8134765625,14857.8134765625,14857.8134765625,0
2024-02-09,14857.8134765625,14857.8134765625,14857.8134765625,14857.8134765625,0
2024-02-12,14857.8134765625,14857.8134765625,14857.8134765625,14857.8134765625,0
2024-02-13,14857.8134765625,14857.8134765625,14857.8134765625,14857.8134765625,0
2024-02-14,14857.8134765625,14857.8134765625,14857.8134765625,14857.8134765625,0
2024-02-15,15063.220703125,15302.86328125,14994.751953125,15131.6904296875,21240357
2024-02-16,15268.62890625,15268.62890625,14960.517578125,15131.6904296875,7635697
2024-02-19,15200.1591796875,15200.1591796875,14892.0478515625,15063.220703125,10917319
2024-02-20,15097.4560546875,15439.8017578125,14994.751953125,15200.1591796875,9843259
2024-02-21,15405.5673828125,15439.8017578125,15200.1591796875,15268.62890625,8236989
2024-02-22,15337.09765625,15405.5673828125,15200.1591796875,15405.5673828125,6187016
2024-02-23,15405.5673828125,15576.740234375,14994.751953125,15063.220703125,21627685
2024-02-26,14994.751953125,15063.220703125,14823.5791015625,15028.986328125,6261940
2024-02-27,15063.220703125,15063.220703125,14892.0478515625,15028.986328125,6892443
2024-02-28,15097.4560546875,15165.9248046875,14960.517578125,15131.6904296875,6829787
2024-02-29,15337.09765625,15337.09765625,14926.2822265625,14994.751953125,9292355
2024-03-01,14960.517578125,14994.751953125,14755.109375,14994.751953125,7053245
2024-03-04,15063.220703125,15165.9248046875,14789.3447265625,15063.220703125,10782222
2024-03-05,15063.220703125,15131.6904296875,14926.2822265625,15131.6904296875,4830055
2024-03-06,15200.1591796875,15302.86328125,14960.517578125,14994.751953125,7731653
2024-03-07,15028.986328125,15028.986328125,14892.0478515625,14960.517578125,8334990
2024-03-08,15028.986328125,15063.220703125,14755.109375,14755.109375,10853057
2024-03-11,14755.109375,14823.5791015625,14583.9365234375,14583.9365234375,4946166
2024-03-12,14652.40625,14652.40625,14515.4677734375,14583.9365234375,5133842
2024-03-13,14720.875,15131.6904296875,14549.7021484375,15097.4560546875,5882208
2024-03-14,15165.9248046875,15165.9248046875,14789.3447265625,14857.8134765625,5635965
2024-03-15,14960.517578125,15474.0361328125,14857.8134765625,15405.5673828125,12452316
2024-03-18,15576.740234375,15576.740234375,14892.0478515625,15234.3935546875,9176390
2024-03-19,15234.3935546875,15302.86328125,14994.751953125,15131.6904296875,5804800
2024-03-20,15302.86328125,16158.7275390625,15063.220703125,16158.7275390625,39656963
2024-03-21,16364.1357421875,16706.482421875,16192.962890625,16638.01171875,14989808
2024-03-22,16638.01171875,16877.654296875,16295.666015625,16569.54296875,13476281
2024-03-25,16535.30859375,16946.123046875,16192.962890625,16398.37109375,10975740
2024-03-26,16364.1357421875,16706.482421875,16329.9013671875,16672.24609375,7384489
2024-03-27,16672.24609375,16672.24609375,16398.37109375,16569.54296875,8106712
2024-03-28,16774.951171875,16946.123046875,16398.37109375,16603.77734375,11703074
2024-03-29,16603.77734375,17117.296875,16432.60546875,16843.419921875,9025811
2024-04-01,16843.419921875,16843.419921875,16843.419921875,16843.419921875,0
2024-04-02,16466.83984375,16638.01171875,16124.4931640625,16501.07421875,16956824
2024-04-03,16501.07421875,16501.07421875,16090.2587890625,16124.4931640625,12809849
2024-04-04,16124.4931640625,16227.197265625,15884.8515625,15884.8515625,11272223
2024-04-05,15679.443359375,15782.1474609375,15474.0361328125,15542.5048828125,10765280
2024-04-08,15542.5048828125,15645.208984375,15439.8017578125,15542.5048828125,12268584
2024-04-09,15542.5048828125,15816.3818359375,15508.2705078125,15782.1474609375,8519014
2024-04-10,15919.0859375,15919.0859375,15679.443359375,15679.443359375,9630901
2024-04-11,15610.974609375,15679.443359375,15474.0361328125,15679.443359375,6697465
2024-04-12,15816.3818359375,16158.7275390625,15645.208984375,16158.7275390625,13228724
2024-04-15,16158.7275390625,16295.666015625,15371.33203125,15405.5673828125,16620323
2024-04-16,15474.0361328125,15747.9130859375,15063.220703125,15439.8017578125,13740779
2024-04-17,15268.62890625,15302.86328125,14720.875,14720.875,10979391
2024-04-18,14720.875,14720.875,14720.875,14720.875,0
2024-04-19,14378.529296875,14720.875,14344.294921875,14446.998046875,13072449
2024-04-22,14481.2333984375,14652.40625,14446.998046875,14515.4677734375,8572907
2024-04-23,14515.4677734375,14755.109375,14241.5908203125,14378.529296875,9459291
2024-04-24,14446.998046875,14789.3447265625,14446.998046875,14652.40625,6489926
2024-04-25,14652.40625,14720.875,14412.763671875,14481.2333984375,5539864
2024-04-26,14310.0595703125,14583.9365234375,14310.0595703125,14446.998046875,4244975
2024-04-29,14446.998046875,14446.998046875,14446.998046875,14446.998046875,0
2024-04-30,14446.998046875,14446.998046875,14446.998046875,14446.998046875,0
2024-05-01,14446.998046875,14446.998046875,14446.998046875,14446.998046875,0
2024-05-02,14412.763671875,14686.640625,14378.529296875,14652.40625,4628505
2024-05-03,14720.875,14892.0478515625,14515.4677734375,14515.4677734375,8217711
2024-05-06,14652.40625,14892.0478515625,14618.1708984375,14857.8134765625,6485545
2024-05-07,14960.517578125,14994.751953125,14755.109375,14857.8134765625,3809742
2024-05-08,14720.875,14823.5791015625,14618.1708984375,14755.109375,6475759
2024-05-09,14789.3447265625,14892.0478515625,14652.40625,14789.3447265625,4497643
2024-05-10,14789.3447265625,14789.3447265625,14686.640625,14755.109375,3963826
2024-05-13,14755.109375,14823.5791015625,14583.9365234375,14618.1708984375,5309103
2024-05-14,14789.3447265625,15200.1591796875,14652.40625,14892.0478515625,10133171
2024-05-15,15097.4560546875,15097.4560546875,14892.0478515625,14960.517578125,4909215
2024-05-16,15200.1591796875,15302.86328125,15131.6904296875,15268.62890625,13401356
2024-05-17,15268.62890625,15337.09765625,15200.1591796875,15268.62890625,6319923
2024-05-20,15474.0361328125,15508.2705078125,15337.09765625,15405.5673828125,10865179
2024-05-21,15508.2705078125,15508.2705078125,15200.1591796875,15474.0361328125,10643619
2024-05-22,15474.0361328125,15576.740234375,15200.1591796875,15200.1591796875,9676323
2024-05-23,15131.6904296875,15234.3935546875,15063.220703125,15234.3935546875,5287487
2024-05-24,15063.220703125,15542.5048828125,14926.2822265625,15063.220703125,21811563
2024-05-27,15097.4560546875,15165.9248046875,14960.517578125,15063.220703125,5038032
2024-05-28,15268.62890625,15268.62890625,15063.220703125,15268.62890625,5870523
2024-05-29,15302.86328125,15371.33203125,14994.751953125,14994.751953125,8090062
2024-05-30,14960.517578125,15063.220703125,14789.3447265625,15063.220703125,8517554
2024-05-31,15063.220703125,15063.220703125,14892.0478515625,14892.0478515625,4569646
2024-06-03,14892.0478515625,14892.0478515625,14892.0478515625,14892.0478515625,0
2024-06-04,15337.09765625,15405.5673828125,15234.3935546875,15337.09765625,5077320
2024-06-05,15405.5673828125,15610.974609375,15337.09765625,15337.09765625,11467640
2024-06-06,15474.0361328125,15474.0361328125,15268.62890625,15337.09765625,5357592
2024-06-07,15474.0361328125,15508.2705078125,15268.62890625,15337.09765625,4134998
2024-06-10,15337.09765625,15439.8017578125,15200.1591796875,15439.8017578125,7696308
2024-06-11,15474.0361328125,15850.6162109375,15474.0361328125,15679.443359375,12422960
2024-06-12,15645.208984375,15747.9130859375,15508.2705078125,15713.6787109375,7676591
2024-06-13,15747.9130859375,15816.3818359375,15610.974609375,15679.443359375,11268134
2024-06-14,15782.1474609375,15782.1474609375,15405.5673828125,15405.5673828125,9741608
2024-06-17,15337.09765625,15405.5673828125,15097.4560546875,15097.4560546875,11023352
2024-06-18,15165.9248046875,15268.62890625,15097.4560546875,15097.4560546875,5076590
2024-06-19,15234.3935546875,15234.3935546875,14994.751953125,15063.220703125,6367681
2024-06-20,15063.220703125,15131.6904296875,14960.517578125,15063.220703125,5203362
2024-06-21,15063.220703125,15063.220703125,14926.2822265625,14926.2822265625,5263973
2024-06-24,14857.8134765625,14926.2822265625,14583.9365234375,14583.9365234375,11496850
2024-06-25,14720.875,14720.875,14481.2333984375,14583.9365234375,4729134
2024-06-26,14618.1708984375,14686.640625,14481.2333984375,14549.7021484375,3779218
2024-06-27,14515.4677734375,14618.1708984375,14446.998046875,14481.2333984375,4394823
2024-06-28,14549.7021484375,14549.7021484375,14378.529296875,14378.529296875,4061096
2024-07-01,14310.0595703125,14515.4677734375,14310.0595703125,14515.4677734375,3111326
2024-07-02,14515.4677734375,14720.875,14515.4677734375,14652.40625,3383273
2024-07-03,14686.640625,14720.875,14583.9365234375,14618.1708984375,3700496
2024-07-04,14583.9365234375,14720.875,14481.2333984375,14549.7021484375,4309237
2024-07-05,14549.7021484375,14549.7021484375,14378.529296875,14515.4677734375,4290689
2024-07-08,14515.4677734375,14652.40625,14481.2333984375,14583.9365234375,3209472
2024-07-09,14618.1708984375,14720.875,14549.7021484375,14652.40625,5867164
2024-07-10,14686.640625,14823.5791015625,14618.1708984375,14618.1708984375,4807710
2024-07-11,14720.875,14755.109375,14583.9365234375,14583.9365234375,3877218
2024-07-12,14583.9365234375,14686.640625,14549.7021484375,14583.9365234375,2122268
2024-07-15,14618.1708984375,14686.640625,14515.4677734375,14583.9365234375,2139794
2024-07-16,14583.9365234375,14823.5791015625,14583.9365234375,14583.9365234375,4633909
2024-07-17,14686.640625,15200.1591796875,14652.40625,14789.3447265625,12677089
2024-07-18,14823.5791015625,14960.517578125,14686.640625,14755.109375,5204530
2024-07-19,14755.109375,14960.517578125,14652.40625,14686.640625,7051639
2024-07-22,14686.640625,14926.2822265625,14549.7021484375,14618.1708984375,7446561
2024-07-23,14686.640625,14720.875,14446.998046875,14446.998046875,5766097
2024-07-24,14446.998046875,14515.4677734375,14275.8251953125,14378.529296875,5004733
2024-07-25,14378.529296875,14412.763671875,14241.5908203125,14241.5908203125,4074971
2024-07-26,14310.0595703125,14378.529296875,14241.5908203125,14310.0595703125,2138188
2024-07-29,14378.529296875,14446.998046875,14310.0595703125,14310.0595703125,2729549
2024-07-30,14344.294921875,14344.294921875,14036.18359375,14104.65234375,5447852
2024-07-31,14104.65234375,14515.4677734375,14070.41796875,14515.4677734375,7884860
2024-08-01,14583.9365234375,14618.1708984375,14138.88671875,14173.1220703125,6160435
2024-08-02,14104.65234375,14446.998046875,14001.9482421875,14446.998046875,6296701
2024-08-05,14173.1220703125,14310.0595703125,13830.775390625,13865.0107421875,10193052
2024-08-06,14070.41796875,14241.5908203125,13933.4794921875,14241.5908203125,3960321
2024-08-07,14310.0595703125,14310.0595703125,14036.18359375,14138.88671875,2213696
2024-08-08,14070.41796875,14378.529296875,14070.41796875,14138.88671875,3780970
2024-08-09,14275.8251953125,14310.0595703125,14173.1220703125,14310.0595703125,3108551
2024-08-12,14275.8251953125,14310.0595703125,14138.88671875,14241.5908203125,3493542
2024-08-13,14173.1220703125,14378.529296875,14070.41796875,14070.41796875,7141898
2024-08-14,14138.88671875,14207.3564453125,14104.65234375,14104.65234375,2258972
2024-08-15,14138.88671875,14241.5908203125,14104.65234375,14241.5908203125,3093508
2024-08-16,14207.3564453125,14515.4677734375,14207.3564453125,14481.2333984375,6097341
2024-08-19,14515.4677734375,14823.5791015625,14515.4677734375,14720.875,6779107
2024-08-20,14720.875,14755.109375,14583.9365234375,14652.40625,5891263
2024-08-21,14652.40625,14686.640625,14515.4677734375,14618.1708984375,10321577
2024-08-22,14940.318359375,14980.373046875,14740.046875,14740.046875,10358268
2024-08-23,14740.046875,14780.1005859375,14659.9375,14740.046875,5077709
2024-08-26,14820.1552734375,14820.1552734375,14699.9921875,14699.9921875,3977458
2024-08-27,14740.046875,14740.046875,14659.9375,14659.9375,4302515
2024-08-28,14659.9375,14740.046875,14579.828125,14659.9375,2872213
2024-08-29,14699.9921875,14780.1005859375,14659.9375,14659.9375,4675632
2024-08-30,14659.9375,14740.046875,14659.9375,14699.9921875,2993548
2024-09-02,14699.9921875,14699.9921875,14699.9921875,14699.9921875,0
2024-09-03,14699.9921875,14699.9921875,14699.9921875,14699.9921875,0
2024-09-04,14579.828125,14619.8828125,14419.6103515625,14579.828125,2651264
2024-09-05,14619.8828125,14740.046875,14539.7744140625,14539.7744140625,4799214
2024-09-06,14579.828125,14619.8828125,14499.7197265625,14499.7197265625,2602955
2024-09-09,14499.7197265625,14499.7197265625,14299.447265625,14339.501953125,3546170
2024-09-10,14419.6103515625,14499.7197265625,14299.447265625,14339.501953125,1784819
2024-09-11,14339.501953125,14379.556640625,14259.392578125,14299.447265625,2744013
2024-09-12,14339.501953125,14539.7744140625,14339.501953125,14539.7744140625,2219851
2024-09-13,14499.7197265625,14539.7744140625,14419.6103515625,14419.6103515625,2023494
2024-09-16,14419.6103515625,14499.7197265625,14339.501953125,14419.6103515625,2288009
2024-09-17,14459.6650390625,14539.7744140625,14339.501953125,14539.7744140625,1932368
2024-09-18,14539.7744140625,14659.9375,14499.7197265625,14619.8828125,3689974
2024-09-19,14659.9375,14699.9921875,14619.8828125,14659.9375,2615687
2024-09-20,14740.046875,14900.2646484375,14699.9921875,14780.1005859375,7921836
2024-09-23,14820.1552734375,14940.318359375,14780.1005859375,14820.1552734375,3899814
2024-09-24,14820.1552734375,15300.8095703125,14619.8828125,15300.8095703125,23800087
2024-09-25,15300.8095703125,15581.1904296875,15180.6455078125,15581.1904296875,19318690
2024-09-26,15581.1904296875,15741.408203125,15420.97265625,15541.1357421875,24751916
2024-09-27,15581.1904296875,15661.2998046875,15380.91796875,15501.0810546875,21538417
2024-09-30,15501.0810546875,15581.1904296875,15380.91796875,15461.02734375,11959587
2024-10-01,15501.0810546875,16021.7900390625,15420.97265625,15861.5712890625,41390756
2024-10-02,15821.517578125,15821.517578125,15661.2998046875,15661.2998046875,10442778
2024-10-03,15701.353515625,15981.7353515625,15420.97265625,15420.97265625,31516703
2024-10-04,15420.97265625,15541.1357421875,15340.86328125,15420.97265625,12912664
2024-10-07,15541.1357421875,15581.1904296875,15380.91796875,15380.91796875,8318546
2024-10-08,15420.97265625,15621.2451171875,15380.91796875,15380.91796875,12885077
2024-10-09,15420.97265625,15501.0810546875,15340.86328125,15380.91796875,15460070
2024-10-10,15461.02734375,15581.1904296875,15300.8095703125,15300.8095703125,21877456
2024-10-11,15300.8095703125,15380.91796875,15220.7001953125,15300.8095703125,7974390
2024-10-14,15380.91796875,15420.97265625,15220.7001953125,15260.7548828125,9374857
2024-10-15,15260.7548828125,15501.0810546875,15260.7548828125,15380.91796875,13686735
2024-10-16,15340.86328125,15420.97265625,15260.7548828125,15340.86328125,7864664
2024-10-17,15340.86328125,15541.1357421875,15180.6455078125,15501.0810546875,17018822
2024-10-18,15581.1904296875,15901.6259765625,15541.1357421875,15621.2451171875,37372853
2024-10-21,15541.1357421875,15621.2451171875,15340.86328125,15380.91796875,13759636
2024-10-22,15380.91796875,15380.91796875,14900.2646484375,15020.427734375,31761245
2024-10-23,15020.427734375,15140.5908203125,14740.046875,14980.373046875,30240816
2024-10-24,15020.427734375,15140.5908203125,14820.1552734375,14820.1552734375,13531447
2024-10-25,14940.318359375,14980.373046875,14619.8828125,14619.8828125,22700335
2024-10-28,14699.9921875,14820.1552734375,14579.828125,14619.8828125,18076382
2024-10-29,14659.9375,15020.427734375,14659.9375,15020.427734375,35891371
2024-10-30,15140.5908203125,15340.86328125,15060.482421875,15220.7001953125,27133548
2024-10-31,15220.7001953125,15220.7001953125,15060.482421875,15180.6455078125,8068636
2024-11-01,15140.5908203125,15180.6455078125,14980.373046875,15100.537109375,10334675
2024-11-04,15020.427734375,15020.427734375,14780.1005859375,14820.1552734375,11440045
2024-11-05,14820.1552734375,14940.318359375,14780.1005859375,14820.1552734375,5714467
2024-11-06,14900.2646484375,14980.373046875,14860.2099609375,14900.2646484375,7582923
2024-11-07,14980.373046875,14980.373046875,14820.1552734375,14820.1552734375,6107307
2024-11-08,14900.2646484375,14900.2646484375,14619.8828125,14659.9375,11901417
2024-11-11,14659.9375,14740.046875,14459.6650390625,14579.828125,19052553
2024-11-12,14659.9375,14740.046875,14539.7744140625,14699.9921875,10491337
2024-11-13,14659.9375,14699.9921875,14539.7744140625,14659.9375,7861543
2024-11-14,14699.9921875,14699.9921875,14499.7197265625,14579.828125,9989146
2024-11-15,14499.7197265625,14619.8828125,14499.7197265625,14539.7744140625,17588547
2024-11-18,14539.7744140625,14699.9921875,14379.556640625,14579.828125,9361750
2024-11-19,14579.828125,14659.9375,14459.6650390625,14459.6650390625,4510607
2024-11-20,14419.6103515625,14619.8828125,14419.6103515625,14539.7744140625,5591385
2024-11-21,14539.7744140625,14659.9375,14499.7197265625,14659.9375,4621081
2024-11-22,14699.9921875,14740.046875,14579.828125,14579.828125,6180458
2024-11-25,14619.8828125,14900.2646484375,14579.828125,14820.1552734375,14022778
2024-11-26,14860.2099609375,14980.373046875,14820.1552734375,14860.2099609375,8587679
2024-11-27,14860.2099609375,14940.318359375,14780.1005859375,14820.1552734375,6504142
2024-11-28,14900.2646484375,15220.7001953125,14860.2099609375,15140.5908203125,17037048
2024-11-29,15060.482421875,15220.7001953125,15020.427734375,15220.7001953125,10592699
2024-12-02,15220.7001953125,15260.7548828125,15100.537109375,15100.537109375,6534226
2024-12-03,15100.537109375,15260.7548828125,14980.373046875,15060.482421875,12351179
2024-12-04,15060.482421875,15220.7001953125,15020.427734375,15100.537109375,8877659
2024-12-05,15060.482421875,15501.0810546875,15060.482421875,15501.0810546875,14259955
2024-12-06,15420.97265625,15541.1357421875,15380.91796875,15420.97265625,9244784
2024-12-09,15461.02734375,15501.0810546875,15380.91796875,15461.02734375,7107071
2024-12-10,15461.02734375,15501.0810546875,15420.97265625,15461.02734375,5978233
2024-12-11,15501.0810546875,15541.1357421875,15300.8095703125,15340.86328125,7054642
2024-12-12,15380.91796875,15420.97265625,15300.8095703125,15300.8095703125,7300807
2024-12-13,15300.8095703125,15420.97265625,15260.7548828125,15420.97265625,6553075
2024-12-16,15420.97265625,15501.0810546875,15380.91796875,15461.02734375,6352473
2024-12-17,15501.0810546875,15501.0810546875,15380.91796875,15380.91796875,4216382
2024-12-18,15380.91796875,15420.97265625,15260.7548828125,15340.86328125,7076487
2024-12-19,15260.7548828125,15300.8095703125,15140.5908203125,15140.5908203125,16067992
2024-12-20,15100.537109375,15220.7001953125,15100.537109375,15180.6455078125,4086060
2024-12-23,15220.7001953125,15300.8095703125,15140.5908203125,15180.6455078125,4821933
2024-12-24,15180.6455078125,15260.7548828125,15100.537109375,15260.7548828125,7589289
2024-12-25,15220.7001953125,15701.353515625,15220.7001953125,15380.91796875,19124080
2024-12-26,15501.0810546875,15861.5712890625,15461.02734375,15821.517578125,27297699
2024-12-27,15861.5712890625,16222.0615234375,15821.517578125,16061.84375,28521657
2024-12-30,16061.84375,16141.953125,15821.517578125,15821.517578125,9523780
2024-12-31,15861.5712890625,15901.6259765625,15781.462890625,15781.462890625,8017830
2025-01-01,15781.462890625,15781.462890625,15781.462890625,15781.462890625,0
2025-01-02,15781.462890625,15981.7353515625,15701.353515625,15781.462890625,8433389
2025-01-03,15781.462890625,15781.462890625,15340.86328125,15340.86328125,9310695
2025-01-06,15340.86328125,15420.97265625,15260.7548828125,15340.86328125,9966926
2025-01-07,15380.91796875,15581.1904296875,15300.8095703125,15501.0810546875,8767559
2025-01-08,15501.0810546875,15621.2451171875,15380.91796875,15581.1904296875,6220403
2025-01-09,15581.1904296875,15661.2998046875,15541.1357421875,15581.1904296875,6001701
2025-01-10,15621.2451171875,15701.353515625,15461.02734375,15461.02734375,12761995
2025-01-13,15420.97265625,15541.1357421875,15340.86328125,15541.1357421875,7101204
2025-01-14,15541.1357421875,15621.2451171875,15461.02734375,15541.1357421875,4353820
2025-01-15,15621.2451171875,15861.5712890625,15541.1357421875,15741.408203125,7571938
2025-01-16,15621.2451171875,15861.5712890625,15541.1357421875,15741.408203125,7571938
2025-01-17,15821.517578125,15901.6259765625,15741.408203125,15901.6259765625,6331876
2025-01-20,15901.6259765625,16182.0078125,15901.6259765625,16101.8984375,12135722
2025-01-21,16182.0078125,16222.0615234375,15981.7353515625,16101.8984375,6444598
2025-01-22,16141.953125,16141.953125,15941.6806640625,15981.7353515625,8637362
2025-01-23,15981.7353515625,16422.333984375,15981.7353515625,16382.2802734375,14865380
2025-01-24,16422.333984375,16662.662109375,16302.1708984375,16542.498046875,11194754
2025-01-27,16542.498046875,16542.498046875,16542.498046875,16542.498046875,0
2025-01-28,16542.498046875,16542.498046875,16542.498046875,16542.498046875,0
2025-01-29,16542.498046875,16542.498046875,16542.498046875,16542.498046875,0
2025-01-30,16542.498046875,16542.498046875,16542.498046875,16542.498046875,0
2025-01-31,16542.498046875,16542.498046875,16542.498046875,16542.498046875,0
2025-02-03,16382.2802734375,16382.2802734375,15420.97265625,16101.8984375,12269915
2025-02-04,16141.953125,16422.333984375,16141.953125,16302.1708984375,7475819
2025-02-05,16302.1708984375,16382.2802734375,16262.1162109375,16342.2255859375,4853140
2025-02-06,16502.443359375,16662.662109375,16342.2255859375,16382.2802734375,4960494
2025-02-07,16262.1162109375,16622.607421875,16222.0615234375,16422.333984375,8283718
2025-02-10,16302.1708984375,16822.87890625,16222.0615234375,16422.333984375,14548187
2025-02-11,16622.607421875,16742.76953125,16422.333984375,16542.498046875,6163106
2025-02-12,16542.498046875,16582.552734375,16342.2255859375,16422.333984375,7922211
2025-02-13,16342.2255859375,16422.333984375,16302.1708984375,16382.2802734375,8264494
2025-02-14,16542.498046875,16582.552734375,16342.2255859375,16382.2802734375,6529607
2025-02-17,16342.2255859375,16462.388671875,16302.1708984375,16302.1708984375,5519108
2025-02-18,16342.2255859375,16502.443359375,16302.1708984375,16342.2255859375,7559455
2025-02-19,16342.2255859375,16622.607421875,16342.2255859375,16462.388671875,10378241
2025-02-20,16542.498046875,16542.498046875,16462.388671875,16462.388671875,8583685
2025-02-21,16462.388671875,16582.552734375,16422.333984375,16502.443359375,9581701
2025-02-24,16502.443359375,16943.04296875,16422.333984375,16662.662109375,21783958
2025-02-25,16702.71484375,16822.87890625,16582.552734375,16622.607421875,15659424
2025-02-26,16622.607421875,16662.662109375,16502.443359375,16502.443359375,10014986
2025-02-27,16462.388671875,16542.498046875,16382.2802734375,16542.498046875,9383221
2025-02-28,16462.388671875,16742.76953125,16382.2802734375,16622.607421875,16076356
2025-03-03,16662.662109375,16943.04296875,16662.662109375,16822.87890625,23090928
2025-03-04,16742.76953125,16983.09765625,16702.71484375,16902.98828125,17415282
2025-03-05,17023.15234375,17143.314453125,16822.87890625,16822.87890625,26182593
2025-03-06,16822.87890625,16822.87890625,16542.498046875,16782.82421875,16466574
2025-03-07,16742.76953125,16983.09765625,16662.662109375,16782.82421875,15744807
2025-03-10,16902.98828125,16983.09765625,16742.76953125,16782.82421875,18929720
2025-03-11,16702.71484375,16742.76953125,16582.552734375,16662.662109375,11066054
2025-03-12,16822.87890625,16822.87890625,16422.333984375,16422.333984375,15991846
2025-03-13,16422.333984375,16502.443359375,16141.953125,16262.1162109375,19644621
2025-03-14,16262.1162109375,16342.2255859375,16182.0078125,16302.1708984375,6653813
2025-03-17,16422.333984375,16622.607421875,16302.1708984375,16422.333984375,9640620
2025-03-18,16582.552734375,16582.552734375,16302.1708984375,16342.2255859375,6049761
2025-03-19,16302.1708984375,16502.443359375,16262.1162109375,16422.333984375,12287391
2025-03-20,16542.498046875,16542.498046875,16302.1708984375,16342.2255859375,9430906
2025-03-21,16382.2802734375,16422.333984375,16262.1162109375,16262.1162109375,5523727
2025-03-24,16262.1162109375,16302.1708984375,15661.2998046875,15981.7353515625,31427325
2025-03-25,16061.84375,16302.1708984375,15941.6806640625,16061.84375,17685290
2025-03-26,16141.953125,16182.0078125,15981.7353515625,15981.7353515625,11130591
2025-03-27,15981.7353515625,16101.8984375,15941.6806640625,16021.7900390625,5679640
2025-03-28,16021.7900390625,16021.7900390625,15821.517578125,15861.5712890625,8264370
2025-03-31,15781.462890625,15901.6259765625,15701.353515625,15901.6259765625,6502394
2025-04-01,16021.7900390625,16061.84375,15901.6259765625,16021.7900390625,7291445
2025-04-02,16101.8984375,16182.0078125,15981.7353515625,15981.7353515625,12072434
2025-04-03,15461.02734375,15661.2998046875,14900.2646484375,14900.2646484375,39931993
2025-04-04,14299.447265625,14980.373046875,13938.95703125,14980.373046875,27336147
2025-04-07,14980.373046875,14980.373046875,14980.373046875,14980.373046875,0
2025-04-08,14419.6103515625,14459.6650390625,13938.95703125,13938.95703125,13571517
2025-04-09,13057.7587890625,14499.7197265625,13057.7587890625,13578.466796875,15080337
2025-04-10,14499.7197265625,14499.7197265625,14499.7197265625,14499.7197265625,805777
2025-04-11,15060.482421875,15060.482421875,14579.828125,14940.318359375,20500081
2025-04-14,14940.318359375,15060.482421875,14860.2099609375,15020.427734375,7383070
2025-04-15,14860.2099609375,15020.427734375,14699.9921875,14780.1005859375,8838213
2025-04-16,14780.1005859375,14860.2099609375,14579.828125,14579.828125,6384555
2025-04-17,14579.828125,14740.046875,14339.501953125,14419.6103515625,11130342
2025-04-18,14539.7744140625,14780.1005859375,14539.7744140625,14659.9375,6080094
2025-04-21,14699.9921875,14820.1552734375,14659.9375,14699.9921875,7186213
2025-04-22,14019.06640625,14259.392578125,13298.0849609375,14019.06640625,7654950
2025-04-23,14179.2841796875,14259.392578125,14139.2294921875,14139.2294921875,4442949
2025-04-24,14099.1748046875,14259.392578125,14059.1201171875,14139.2294921875,2961591
2025-04-25,14099.1748046875,14139.2294921875,13858.84765625,13898.90234375,10916258
2025-04-28,14059.1201171875,14099.1748046875,13898.90234375,13898.90234375,2537544
2025-04-29,14059.1201171875,14059.1201171875,13898.90234375,13898.90234375,2477001
2025-04-30,13898.90234375,13898.90234375,13898.90234375,13898.90234375,0
2025-05-01,13898.90234375,13898.90234375,13898.90234375,13898.90234375,0
2025-05-02,13898.90234375,13898.90234375,13898.90234375,13898.90234375,0
2025-05-05,14059.1201171875,14059.1201171875,13898.90234375,14059.1201171875,3789214
2025-05-06,14059.1201171875,14059.1201171875,13898.90234375,14059.1201171875,3789214
2025-05-07,14059.1201171875,14139.2294921875,14019.06640625,14019.06640625,5189432
2025-05-08,13979.01171875,14019.06640625,13898.90234375,13979.01171875,3551413
2025-05-09,13979.01171875,14139.2294921875,13858.84765625,14099.1748046875,6289309
2025-05-12,14059.1201171875,14419.6103515625,14059.1201171875,14419.6103515625,9322054
2025-05-13,14059.1201171875,14419.6103515625,14059.1201171875,14419.6103515625,9322054
2025-05-14,14499.7197265625,14499.7197265625,14299.447265625,14459.6650390625,5142996
2025-05-15,14459.6650390625,14740.046875,14419.6103515625,14699.9921875,8218682
2025-05-16,14780.1005859375,15020.427734375,14659.9375,15020.427734375,11784326
2025-05-19,14659.9375,14740.046875,14419.6103515625,14419.6103515625,7415151
2025-05-20,14659.9375,14740.046875,14419.6103515625,14419.6103515625,7415151
2025-05-21,14419.6103515625,14659.9375,14419.6103515625,14579.828125,5607613
2025-05-22,14740.046875,14740.046875,14539.7744140625,14579.828125,6878008
2025-05-23,14579.828125,14699.9921875,14499.7197265625,14539.7744140625,6887370
2025-05-26,14619.8828125,14659.9375,14339.501953125,14619.8828125,5502506
2025-05-27,14619.8828125,14659.9375,14339.501953125,14619.8828125,5502506
2025-05-28,14659.9375,15020.427734375,14659.9375,14940.318359375,15371441
2025-05-29,14940.318359375,15060.482421875,14740.046875,14780.1005859375,5111663
2025-05-30,14820.1552734375,14860.2099609375,14659.9375,14659.9375,4496626
2025-06-02,14339.501953125,14499.7197265625,14259.392578125,14459.6650390625,3811059
2025-06-03,14339.501953125,14499.7197265625,14259.392578125,14459.6650390625,3811059
2025-06-04,14539.7744140625,14579.828125,14419.6103515625,14499.7197265625,6210542
2025-06-05,14539.7744140625,14579.828125,14459.6650390625,14499.7197265625,5685257
2025-06-06,14459.6650390625,14579.828125,14419.6103515625,14419.6103515625,4883224
2025-06-09,14299.447265625,14379.556640625,14259.392578125,14299.447265625,2596838
2025-06-10,14299.447265625,14379.556640625,14259.392578125,14299.447265625,2596838
2025-06-11,14419.6103515625,14459.6650390625,14299.447265625,14299.447265625,2719796
2025-06-12,14299.447265625,14379.556640625,14219.337890625,14259.392578125,2767980
2025-06-13,14379.556640625,14419.6103515625,14299.447265625,14419.6103515625,4373793
2025-06-16,14339.501953125,14659.9375,14339.501953125,14659.9375,7945055
2025-06-17,14339.501953125,14659.9375,14339.501953125,14659.9375,7945055
2025-06-18,14740.046875,14740.046875,14499.7197265625,14579.828125,5311391
2025-06-19,14659.9375,14699.9921875,14419.6103515625,14459.6650390625,9407063
2025-06-20,14459.6650390625,14499.7197265625,14379.556640625,14419.6103515625,6124908
2025-06-23,14419.6103515625,14499.7197265625,14379.556640625,14419.6103515625,4692734
2025-06-24,14419.6103515625,14499.7197265625,14379.556640625,14419.6103515625,4692734
2025-06-25,14499.7197265625,14619.8828125,14459.6650390625,14539.7744140625,8885399
2025-06-26,14579.828125,14740.046875,14539.7744140625,14579.828125,8883152
2025-06-27,14659.9375,14659.9375,14459.6650390625,14499.7197265625,2845250
2025-06-30,14539.7744140625,14699.9921875,14499.7197265625,14659.9375,8914609
2025-07-01,14539.7744140625,14699.9921875,14499.7197265625,14659.9375,8914609
2025-07-02,14699.9921875,14740.046875,14579.828125,14659.9375,4996320
2025-07-03,14699.9921875,14699.9921875,14579.828125,14659.9375,5442088
2025-07-04,14699.9921875,14900.2646484375,14659.9375,14699.9921875,11380875
2025-07-07,14860.2099609375,15060.482421875,14780.1005859375,14980.373046875,12952360
2025-07-08,14860.2099609375,15060.482421875,14780.1005859375,14980.373046875,12952360
2025-07-09,15100.537109375,15140.5908203125,14980.373046875,15060.482421875,8449493
2025-07-10,15140.5908203125,15420.97265625,15100.537109375,15340.86328125,17232656
2025-07-11,15420.97265625,15420.97265625,15220.7001953125,15300.8095703125,6833943
2025-07-14,15541.1357421875,15661.2998046875,15260.7548828125,15541.1357421875,9689679
2025-07-15,15541.1357421875,15661.2998046875,15260.7548828125,15541.1357421875,9689679
2025-07-16,15541.1357421875,15661.2998046875,15501.0810546875,15501.0810546875,19444893
2025-07-17,17671.232421875,17716.89453125,17579.908203125,17625.5703125,15691897
2025-07-18,15662.1005859375,15753.4248046875,15525.1142578125,15570.7763671875,13103755
2025-07-21,15707.7626953125,15981.7353515625,15570.7763671875,15844.7490234375,17550769
2025-07-22,15707.7626953125,15981.7353515625,15570.7763671875,15844.7490234375,17550769
2025-07-23,15844.7490234375,15936.0732421875,15753.4248046875,15890.4111328125,15753874
2025-07-24,16027.3974609375,16301.3701171875,15890.4111328125,16255.7080078125,23080410
2025-07-25,16438.35546875,16940.638671875,16392.693359375,16757.990234375,28301151
2025-07-28,16894.9765625,17260.2734375,16894.9765625,17214.611328125,33289314
2025-07-29,16894.9765625,17260.2734375,16894.9765625,17214.611328125,33289314
2025-07-30,17397.259765625,17853.880859375,16894.9765625,16940.638671875,47275092
2025-07-31,17077.625,17808.21875,17031.962890625,17671.232421875,37381767
2025-08-01,17808.21875,17990.8671875,17579.908203125,17716.89453125,23210277
2025-08-04,17351.59765625,17671.232421875,17123.287109375,17671.232421875,12579360
2025-08-05,17351.59765625,17671.232421875,17123.287109375,17671.232421875,12579360
2025-08-06,17853.880859375,18356.1640625,16438.35546875,17625.5703125,31397592
2025-08-07,17808.21875,17899.54296875,17625.5703125,17808.21875,12184503
2025-08-08,17899.54296875,17899.54296875,17579.908203125,17853.880859375,20451862
2025-08-11,18675.798828125,19041.095703125,18493.150390625,18538.8125,16565379
2025-08-12,18675.798828125,19041.095703125,18493.150390625,18538.8125,16565379
2025-08-13,18721.4609375,18721.4609375,18036.529296875,18173.515625,18116556
2025-08-14,18310.501953125,18356.1640625,17853.880859375,18219.177734375,20820549
2025-08-15,18493.150390625,18858.447265625,18219.177734375,18675.798828125,26248026
2025-08-18,18721.4609375,18721.4609375,18264.83984375,18356.1640625,11025774
2025-08-19,18721.4609375,18721.4609375,18264.83984375,18356.1640625,11025774
2025-08-20,18356.1640625,18812.78515625,18356.1640625,18721.4609375,19883776
2025-08-21,18995.43359375,20000.0,18584.474609375,20000.0,76953862
2025-08-22,21369.86328125,21369.86328125,21141.552734375,21369.86328125,22508382
2025-08-25,21780.822265625,22191.78125,20045.662109375,20045.662109375,46066978
2025-08-26,21780.822265625,22191.78125,20045.662109375,20045.662109375,46066978
2025-08-27,20091.32421875,20776.255859375,19771.689453125,20776.255859375,27015402
2025-08-28,20776.255859375,21278.5390625,20410.958984375,20410.958984375,23031025
2025-08-29,20456.62109375,20502.283203125,20045.662109375,20228.310546875,18023919
2025-09-01,20228.310546875,20228.310546875,20228.310546875,20228.310546875,0
2025-09-02,20228.310546875,20228.310546875,20228.310546875,20228.310546875,0
2025-09-03,20639.26953125,20730.59375,20182.6484375,20684.931640625,13571868
2025-09-04,20639.26953125,20730.59375,20182.6484375,20684.931640625,13571868
2025-09-05,20776.255859375,21415.525390625,20776.255859375,20958.904296875,20056786
2025-09-08,20000.0,20182.6484375,19178.08203125,19178.08203125,25377063
2025-09-09,20000.0,20182.6484375,19178.08203125,19178.08203125,25377063
2025-09-10,19132.419921875,19315.068359375,18812.78515625,19223.744140625,11432128
2025-09-11,19269.40625,19360.73046875,18904.109375,19086.7578125,9570081
2025-09-12,19086.7578125,19223.744140625,18356.1640625,19178.08203125,12194467
2025-09-15,19543.37890625,19771.689453125,19269.40625,19589.041015625,12264766
2025-09-16,19543.37890625,19771.689453125,19269.40625,19589.041015625,12264766
2025-09-17,19680.365234375,19817.3515625,19178.08203125,19223.744140625,26819178
2025-09-18,19223.744140625,19360.73046875,18812.78515625,18858.447265625,12216367
2025-09-19,18995.43359375,19041.095703125,18493.150390625,18767.123046875,8602977
2025-09-22,18401.826171875,18538.8125,17808.21875,18036.529296875,17568508
2025-09-23,18401.826171875,18538.8125,17808.21875,18036.529296875,17568508
2025-09-24,18173.515625,18310.501953125,17990.8671875,18127.853515625,8197498
2025-09-25,18127.853515625,18721.4609375,17808.21875,18721.4609375,12339774
2025-09-26,18721.4609375,18858.447265625,18264.83984375,18356.1640625,14866377
2025-09-29,18036.529296875,18219.177734375,17945.205078125,18036.529296875,7742197
2025-09-30,18036.529296875,18219.177734375,17945.205078125,18036.529296875,7742197
2025-10-01,18036.529296875,18264.83984375,17899.54296875,18173.515625,10173316
2025-10-02,18173.515625,18584.474609375,18173.515625,18356.1640625,9143797
2025-10-03,18401.826171875,18584.474609375,17990.8671875,17990.8671875,11585100
2025-10-06,18264.83984375,18812.78515625,18219.177734375,18767.123046875,12325758
2025-10-07,18264.83984375,18812.78515625,18219.177734375,18767.123046875,12325758
2025-10-08,18904.109375,18904.109375,18401.826171875,18447.48828125,9622093
2025-10-09,18630.13671875,18675.798828125,18310.501953125,18310.501953125,11216742
2025-10-10,18310.501953125,18630.13671875,18310.501953125,18630.13671875,10556347
2025-10-13,18264.83984375,18538.8125,18219.177734375,18401.826171875,11724055
2025-10-14,18264.83984375,18538.8125,18219.177734375,18401.826171875,11724055
2025-10-15,18584.474609375,18630.13671875,18264.83984375,18264.83984375,14976753
2025-10-16,18173.515625,18630.13671875,18173.515625,18493.150390625,12104568
2025-10-17,18493.150390625,18493.150390625,18264.83984375,18264.83984375,9259648
2025-10-20,17990.8671875,18082.19140625,16757.990234375,16757.990234375,23202393
2025-10-21,17990.8671875,18082.19140625,16757.990234375,16757.990234375,23202393
2025-10-22,16803.65234375,17305.935546875,16621.00390625,17031.962890625,16103398
2025-10-23,17123.287109375,17260.2734375,16803.65234375,17031.962890625,6826777
2025-10-24,17031.962890625,17305.935546875,16894.9765625,16894.9765625,4564398
2025-10-27,17077.625,17123.287109375,16849.314453125,16849.314453125,4551039
2025-10-28,17077.625,17123.287109375,16849.314453125,16849.314453125,4551039
2025-10-29,16849.314453125,17534.24609375,16803.65234375,17534.24609375,8083728
2025-10-30,17488.583984375,17671.232421875,17351.59765625,17351.59765625,5578806
2025-10-31,17397.259765625,17579.908203125,17123.287109375,17123.287109375,6153352
2025-11-03,16986.30078125,17168.94921875,16757.990234375,16757.990234375,4829388
2025-11-04,16757.990234375,17442.921875,16529.6796875,17305.935546875,8912095
2025-11-05,16757.990234375,17442.921875,16529.6796875,17305.935546875,8912095
2025-11-06,17214.611328125,17214.611328125,16940.638671875,16940.638671875,3101149
2025-11-07,16894.9765625,16986.30078125,16621.00390625,16712.328125,4061355
2025-11-10,16894.9765625,16894.9765625,16666.666015625,16666.666015625,3118450
2025-11-11,16712.328125,16894.9765625,16621.00390625,16621.00390625,2812726
2025-11-12,16666.666015625,17031.962890625,16666.666015625,17031.962890625,4163518
2025-11-13,17031.962890625,17123.287109375,16940.638671875,16940.638671875,3176814
2025-11-14,16894.9765625,17031.962890625,16849.314453125,16894.9765625,2699832
2025-11-17,16986.30078125,17077.625,16803.65234375,17077.625,4772776
2025-11-18,17123.287109375,17168.94921875,16986.30078125,17077.625,6010017
2025-11-19,17077.625,17442.921875,17031.962890625,17077.625,9566467
2025-11-20,17077.625,17260.2734375,17031.962890625,17077.625,7017964
2025-11-21,16940.638671875,17168.94921875,16849.314453125,16940.638671875,3774027
2025-11-24,16940.638671875,17077.625,16894.9765625,16894.9765625,3795051
2025-11-25,16894.9765625,16940.638671875,16712.328125,16712.328125,3422313
2025-11-26,16712.328125,16986.30078125,16712.328125,16849.314453125,3573970
2025-11-27,16986.30078125,17305.935546875,16940.638671875,17031.962890625,7886628
2025-11-28,17077.625,17168.94921875,16849.314453125,16894.9765625,2610261
2025-12-01,16894.9765625,16940.638671875,16757.990234375,16757.990234375,3161593
2025-12-02,16803.65234375,16894.9765625,16666.666015625,16849.314453125,3292446
2025-12-03,16849.314453125,17260.2734375,16849.314453125,17168.94921875,10656868
2025-12-04,17214.611328125,17351.59765625,17168.94921875,17260.2734375,7712413
2025-12-05,17351.59765625,17351.59765625,16986.30078125,17031.962890625,4612359
2025-12-08,16986.30078125,17077.625,16757.990234375,16757.990234375,4877349
2025-12-09,16803.65234375,16803.65234375,16575.341796875,16575.341796875,7962073
2025-12-10,16575.341796875,16757.990234375,16575.341796875,16621.00390625,3616566
2025-12-11,16666.666015625,16757.990234375,16529.6796875,16529.6796875,5441055
2025-12-12,16575.341796875,16621.00390625,15799.0869140625,15799.0869140625,10304497
2025-12-15,15981.7353515625,16027.3974609375,15662.1005859375,15662.1005859375,7773624
2025-12-16,15844.7490234375,16164.3837890625,15525.1142578125,16027.3974609375,5800543
2025-12-17,16118.7216796875,16164.3837890625,15981.7353515625,16073.0595703125,4479864
2025-12-18,16118.7216796875,16164.3837890625,15981.7353515625,16073.0595703125,4479864
2025-12-19,16073.0595703125,16164.3837890625,15981.7353515625,16073.0595703125,3372271
2025-12-22,16164.3837890625,16392.693359375,16073.0595703125,16210.0458984375,11682336
2025-12-23,16347.0322265625,16621.00390625,16164.3837890625,16210.0458984375,7629522
2025-12-24,16210.0458984375,16621.00390625,16073.0595703125,16347.0322265625,7070415
2025-12-25,16210.0458984375,16621.00390625,16073.0595703125,16347.0322265625,7070415
2025-12-26,16118.7216796875,16301.3701171875,15707.7626953125,16073.0595703125,9121131
2025-12-29,16073.0595703125,16210.0458984375,16027.3974609375,16073.0595703125,3895353
2025-12-30,16073.0595703125,16255.7080078125,16073.0595703125,16164.3837890625,3724314
2025-12-31,16255.7080078125,16392.693359375,16164.3837890625,16210.0458984375,7209699
2026-01-01,16210.0458984375,16210.0458984375,16210.0458984375,16210.0458984375,0
2026-01-02,16210.0458984375,16210.0458984375,16210.0458984375,16210.0458984375,0
2026-01-05,16210.0458984375,16347.0322265625,16027.3974609375,16164.3837890625,4589911
2026-01-06,16118.7216796875,16255.7080078125,15890.4111328125,16210.0458984375,5927344
2026-01-07,16255.7080078125,16575.341796875,16255.7080078125,16484.017578125,9553546
2026-01-08,16529.6796875,16621.00390625,16347.0322265625,16438.35546875,13945153
2026-01-09,16529.6796875,16575.341796875,16301.3701171875,16392.693359375,11144143
2026-01-12,16392.693359375,17123.287109375,16301.3701171875,16940.638671875,17606505
2026-01-13,17077.625,17123.287109375,16849.314453125,16940.638671875,10829112
2026-01-14,16986.30078125,17031.962890625,16484.017578125,16575.341796875,20193990
2026-01-15,16712.328125,16849.314453125,16621.00390625,16803.65234375,7168855
2026-01-16,16849.314453125,16849.314453125,16575.341796875,16621.00390625,8883954
2026-01-19,16621.00390625,16712.328125,16575.341796875,16575.341796875,6085572
2026-01-20,16666.666015625,16803.65234375,16484.017578125,16484.017578125,7159219
2026-01-21,16438.35546875,16484.017578125,16164.3837890625,16255.7080078125,11592108
2026-01-22,16255.7080078125,16438.35546875,16255.7080078125,16301.3701171875,5324328
2026-01-23,16392.693359375,16392.693359375,16210.0458984375,16255.7080078125,4664043
2026-01-26,16255.7080078125,16347.0322265625,15844.7490234375,15936.0732421875,7527358
2026-01-27,15936.0732421875,16027.3974609375,15844.7490234375,15890.4111328125,3831514
2026-01-28,15890.4111328125,16118.7216796875,15844.7490234375,15936.0732421875,5226435
2026-01-29,15936.0732421875,16073.0595703125,15890.4111328125,15981.7353515625,4643895
2026-01-30,15981.7353515625,16255.7080078125,15936.0732421875,16255.7080078125,7348107
2026-02-02,16164.3837890625,16164.3837890625,15890.4111328125,15981.7353515625,5778315
2026-02-03,16027.3974609375,16164.3837890625,15844.7490234375,15936.0732421875,6946023
2026-02-04,15936.0732421875,15981.7353515625,15799.0869140625,15890.4111328125,5541685
2026-02-05,15936.0732421875,15981.7353515625,15662.1005859375,15662.1005859375,4195383
2026-02-06,15616.4384765625,15662.1005859375,15251.1416015625,15251.1416015625,9103720
2026-02-09,15433.7900390625,15525.1142578125,15251.1416015625,15251.1416015625,5387181
2026-02-10,15388.1279296875,15525.1142578125,15068.4931640625,15068.4931640625,5324875
2026-02-11,15251.1416015625,15616.4384765625,15205.4794921875,15479.4521484375,5323561
2026-02-12,15616.4384765625,15662.1005859375,15479.4521484375,15616.4384765625,3499948
2026-02-13,15616.4384765625,15890.4111328125,15570.7763671875,15753.4248046875,7046544
2026-02-16,15753.4248046875,15753.4248046875,15753.4248046875,15753.4248046875,0
2026-02-17,15753.4248046875,15753.4248046875,15753.4248046875,15753.4248046875,0
2026-02-18,15753.4248046875,15753.4248046875,15753.4248046875,15753.4248046875,0
2026-02-19,15753.4248046875,15753.4248046875,15753.4248046875,15753.4248046875,0
2026-02-20,15753.4248046875,15753.4248046875,15753.4248046875,15753.4248046875,0
2026-02-23,15844.7490234375,15981.7353515625,15799.0869140625,15890.4111328125,3384754
2026-02-24,15936.0732421875,15981.7353515625,15753.4248046875,15799.0869140625,6181932
2026-02-25,15890.4111328125,16073.0595703125,15707.7626953125,15890.4111328125,7942254
2026-02-26,15890.4111328125,16073.0595703125,15844.7490234375,15890.4111328125,3724095
2026-02-27,15890.4111328125,15936.0732421875,15799.0869140625,15799.0869140625,3042457
2026-03-02,15342.4658203125,15616.4384765625,15342.4658203125,15433.7900390625,9085872
2026-03-03,15342.4658203125,15616.4384765625,15342.4658203125,15433.7900390625,9085872
2026-03-04,15251.1416015625,15388.1279296875,15022.8310546875,15388.1279296875,7247695
2026-03-05,15525.1142578125,15570.7763671875,15342.4658203125,15388.1279296875,4461249
2026-03-06,15388.1279296875,15433.7900390625,15251.1416015625,15251.1416015625,3099945
2026-03-09,14337.8994140625,14520.5478515625,14200.9130859375,14292.2373046875,27541987
2026-03-10,14885.8447265625,14977.1689453125,14566.2099609375,14703.1962890625,10787721
2026-03-11,14840.1826171875,15707.7626953125,14794.5205078125,15570.7763671875,12700795
2026-03-12,15525.1142578125,15525.1142578125,15159.8173828125,15205.4794921875,4320103
2026-03-13,15205.4794921875,15525.1142578125,15114.1552734375,15433.7900390625,4908228
2026-03-16,15433.7900390625,15525.1142578125,15296.8037109375,15525.1142578125,3220723
2026-03-17,15616.4384765625,15753.4248046875,15525.1142578125,15525.1142578125,9723271
2026-03-18,15707.7626953125,15753.4248046875,15388.1279296875,15616.4384765625,4956079
2026-03-19,15479.4521484375,15525.1142578125,15159.8173828125,15342.4658203125,6600441
2026-03-20,15296.8037109375,15433.7900390625,15251.1416015625,15342.4658203125,3660804
2026-03-23,15205.4794921875,15296.8037109375,14794.5205078125,14885.8447265625,6201532
2026-03-24,15068.4931640625,15433.7900390625,14977.1689453125,15251.1416015625,5342943
2026-03-25,15342.4658203125,15753.4248046875,15251.1416015625,15753.4248046875,9429592
2026-03-26,15753.4248046875,15753.4248046875,15433.7900390625,15479.4521484375,3308433
2026-03-27,15388.1279296875,15707.7626953125,15388.1279296875,15525.1142578125,6897295
2026-03-30,15342.4658203125,15616.4384765625,15342.4658203125,15433.7900390625,3840822
2026-03-31,15570.7763671875,15707.7626953125,15433.7900390625,15479.4521484375,4562646
2026-04-01,15662.1005859375,15890.4111328125,15616.4384765625,15707.7626953125,6221571
2026-04-02,15662.1005859375,15662.1005859375,15388.1279296875,15433.7900390625,4480192
2026-04-03,15479.4521484375,15525.1142578125,15205.4794921875,15205.4794921875,4796976
2026-04-06,15205.4794921875,15388.1279296875,15114.1552734375,15205.4794921875,3981967
2026-04-07,15251.1416015625,15342.4658203125,15114.1552734375,15251.1416015625,2985408
2026-04-08,15570.7763671875,15936.0732421875,15433.7900390625,15844.7490234375,12316998
2026-04-09,15890.4111328125,15890.4111328125,15570.7763671875,15662.1005859375,5406891
2026-04-10,15753.4248046875,16027.3974609375,15707.7626953125,15936.0732421875,11400921
2026-04-13,15844.7490234375,16484.017578125,15799.0869140625,16210.0458984375,19413145
2026-04-14,16301.3701171875,16347.0322265625,16073.0595703125,16073.0595703125,7477755
2026-04-15,16210.0458984375,16210.0458984375,15844.7490234375,15844.7490234375,8404453
2026-04-16,15890.4111328125,15890.4111328125,15616.4384765625,15662.1005859375,7496589
2026-04-17,15753.4248046875,15936.0732421875,15616.4384765625,15844.7490234375,6203613
2026-04-20,15936.0732421875,15981.7353515625,15799.0869140625,15981.7353515625,5063280
2026-04-21,15981.7353515625,16027.3974609375,15707.7626953125,15707.7626953125,6481414
2026-04-22,15753.4248046875,15844.7490234375,15662.1005859375,15799.0869140625,4846798
2026-04-23,15844.7490234375,16027.3974609375,15616.4384765625,15707.7626953125,11970649
2026-04-24,15707.7626953125,15799.0869140625,15662.1005859375,15753.4248046875,3617770
2026-04-27,15753.4248046875,15753.4248046875,15753.4248046875,15753.4248046875,0
2026-04-28,15890.4111328125,15981.7353515625,15799.0869140625,15844.7490234375,5771088
2026-04-29,15068.4931640625,15114.1552734375,14885.8447265625,14885.8447265625,5596983
2026-04-30,14885.8447265625,14885.8447265625,14885.8447265625,14885.8447265625,0
2026-05-01,14885.8447265625,14885.8447265625,14885.8447265625,14885.8447265625,0
2026-05-04,15022.8310546875,15022.8310546875,14748.8583984375,14748.8583984375,4525306
2026-05-05,14703.1962890625,14748.8583984375,14474.8857421875,14566.2099609375,6106267
2026-05-06,14611.8720703125,14840.1826171875,14566.2099609375,14794.5205078125,3703290
2026-05-07,14794.5205078125,14885.8447265625,14703.1962890625,14703.1962890625,4938778
2026-05-08,14748.8583984375,14794.5205078125,14611.8720703125,14657.5341796875,4203486
2026-05-11,14657.5341796875,14840.1826171875,14566.2099609375,14566.2099609375,6741915
2026-05-12,14657.5341796875,14703.1962890625,14566.2099609375,14611.8720703125,2478532
2026-05-13,14748.8583984375,14748.8583984375,14566.2099609375,14566.2099609375,3101916
2026-05-14,14611.8720703125,14794.5205078125,14566.2099609375,14657.5341796875,3586344
2026-05-15,14657.5341796875,14748.8583984375,14566.2099609375,14703.1962890625,5618007
2026-05-18,14611.8720703125,14703.1962890625,14520.5478515625,14703.1962890625,3914953
2026-05-19,14703.1962890625,14703.1962890625,14383.5615234375,14429.2236328125,7245724
2026-05-20,14429.2236328125,14474.8857421875,13744.2919921875,14337.8994140625,10039398
2026-05-21,14337.8994140625,14520.5478515625,14246.5751953125,14520.5478515625,5492520
2026-05-22,14520.5478515625,14520.5478515625,14292.2373046875,14337.8994140625,2752501
2026-05-25,14474.8857421875,14566.2099609375,14337.8994140625,14520.5478515625,2528136
2026-05-26,14474.8857421875,14885.8447265625,14474.8857421875,14840.1826171875,13957965
2026-05-27,14840.1826171875,15388.1279296875,14703.1962890625,15251.1416015625,30491479
2026-05-28,15251.1416015625,15479.4521484375,14885.8447265625,14885.8447265625,18343330
2026-05-29,14885.8447265625,14977.1689453125,14703.1962890625,14703.1962890625,8995096
2026-06-01,14748.8583984375,14840.1826171875,14611.8720703125,14703.1962890625,6521163
2026-06-02,14794.5205078125,14794.5205078125,14429.2236328125,14429.2236328125,8700651
2026-06-03,14429.2236328125,14703.1962890625,14429.2236328125,14520.5478515625,7881153
2026-06-04,14611.8720703125,14885.8447265625,14474.8857421875,14840.1826171875,16930014
2026-06-05,14885.8447265625,15022.8310546875,14748.8583984375,14748.8583984375,7303321
2026-06-08,14611.8720703125,14657.5341796875,14337.8994140625,14383.5615234375,14006802
2026-06-09,14429.2236328125,14566.2099609375,14337.8994140625,14429.2236328125,5103466
2026-06-10,14474.8857421875,14657.5341796875,14429.2236328125,14520.5478515625,4309482
2026-06-11,14520.5478515625,14794.5205078125,14474.8857421875,14566.2099609375,6735345
2026-06-12,14703.1962890625,14977.1689453125,14657.5341796875,14748.8583984375,13030390
2026-06-15,14931.5068359375,14977.1689453125,14748.8583984375,14840.1826171875,7724896
2026-06-16,14885.8447265625,14931.5068359375,14748.8583984375,14794.5205078125,9120693
2026-06-17,14794.5205078125,15114.1552734375,14794.5205078125,14977.1689453125,17371846
2026-06-18,15022.8310546875,15068.4931640625,14794.5205078125,14840.1826171875,9370791
2026-06-19,14885.8447265625,14885.8447265625,14611.8720703125,14657.5341796875,6323844
2026-06-22,14703.1962890625,14748.8583984375,14611.8720703125,14657.5341796875,6310923
2026-06-23,14703.1962890625,15068.4931640625,14611.8720703125,14703.1962890625,14368152
2026-06-24,14748.8583984375,14794.5205078125,14520.5478515625,14657.5341796875,6214782
2026-06-25,14657.5341796875,14703.1962890625,14566.2099609375,14611.8720703125,5683488
2026-06-26,14657.5341796875,14748.8583984375,14611.8720703125,14748.8583984375,6245004
2026-06-29,14794.5205078125,15251.1416015625,14748.8583984375,15114.1552734375,23049750
2026-06-30,15159.8173828125,15205.4794921875,15022.8310546875,15068.4931640625,7380300
2026-07-01,15159.8173828125,15205.4794921875,15022.8310546875,15068.4931640625,7380300
2026-07-02,15205.4794921875,15251.1416015625,15068.4931640625,15205.4794921875,8737333
2026-07-03,15251.1416015625,15342.4658203125,14931.5068359375,15022.8310546875,15563673
2026-07-06,15114.1552734375,15159.8173828125,14611.8720703125,14703.1962890625,15169801
2026-07-07,14657.5341796875,14840.1826171875,14657.5341796875,14840.1826171875,6566715
2026-07-08,14794.5205078125,15022.8310546875,14748.8583984375,14840.1826171875,11533197
2026-07-09,14748.8583984375,14885.8447265625,14703.1962890625,14703.1962890625,4494646
2026-07-10,14748.8583984375,14840.1826171875,14566.2099609375,14566.2099609375,6975807
2026-07-13,14566.2099609375,14611.8720703125,13972.6025390625,14155.2509765625,13218949
2026-07-14,14155.2509765625,14383.5615234375,13972.6025390625,14383.5615234375,6720234
2026-07-15,14383.5615234375,14383.5615234375,14109.5888671875,14109.5888671875,6163207
2026-07-16,14018.2646484375,14246.5751953125,13789.9541015625,14109.5888671875,8154136
2026-07-17,14155.2509765625,14200.9130859375,14018.2646484375,14063.9267578125,3529075
2026-07-20,14018.2646484375,14063.9267578125,13561.6435546875,13652.9677734375,14395308
2026-07-21,13607.3056640625,13789.9541015625,13607.3056640625,13698.6298828125,6997926
2026-07-22,13744.2919921875,13789.9541015625,13196.3466796875,13196.3466796875,16870993
2026-07-23,13150.6845703125,13424.6572265625,12922.3740234375,13333.3330078125,8236809
2026-07-24,13150.6845703125,13378.9951171875,13105.0224609375,13150.6845703125,5414556
2026-07-27,13196.3466796875,13378.9951171875,12922.3740234375,12922.3740234375,4587612
2026-07-28,12831.0498046875,13196.3466796875,12831.0498046875,13150.6845703125,5380173
2026-07-29,13150.6845703125,13196.3466796875,13013.6982421875,13150.6845703125,5989212
2026-07-30,13150.6845703125,13515.9814453125,13013.6982421875,13470.3193359375,6992998
2026-07-31,13515.9814453125,13652.9677734375,13242.0087890625,13242.0087890625,9051927
2026-08-03,13287.6708984375,13561.6435546875,13287.6708984375,13561.6435546875,8854498
2026-08-04,13561.6435546875,13607.3056640625,13378.9951171875,13515.9814453125,3751141
2026-08-05,13607.3056640625,13881.2783203125,13424.6572265625,13515.9814453125,14899008
2026-08-06,13515.9814453125,13561.6435546875,13287.6708984375,13287.6708984375,4376934
2026-08-07,13333.3330078125,13470.3193359375,13287.6708984375,13378.9951171875,3219300
2026-08-10,13470.3193359375,13652.9677734375,13378.9951171875,13561.6435546875,4838805
2026-08-11,13607.3056640625,13744.2919921875,13515.9814453125,13515.9814453125,4940092
2026-08-12,13561.6435546875,13652.9677734375,13470.3193359375,13515.9814453125,3218424
2026-08-13,13561.6435546875,13607.3056640625,13287.6708984375,13287.6708984375,5929425
2026-08-14,13242.0087890625,13378.9951171875,13150.6845703125,13150.6845703125,4841542
2026-08-17,13105.0224609375,13242.0087890625,13059.3603515625,13059.3603515625,3150972
2026-08-18,13105.0224609375,13242.0087890625,13013.6982421875,13150.6845703125,3073117
2026-08-19,13150.6845703125,13150.6845703125,12968.0361328125,13105.0224609375,2644096
2026-08-20,13150.6845703125,13196.3466796875,13105.0224609375,13150.6845703125,3592476
2026-08-21,13150.6845703125,13515.9814453125,13105.0224609375,13470.3193359375,5218003
2026-08-24,13607.3056640625,13652.9677734375,13424.6572265625,13470.3193359375,5060104
2026-08-25,13470.3193359375,13561.6435546875,13333.3330078125,13378.9951171875,3389353
2026-08-26,13424.6572265625,13515.9814453125,13242.0087890625,13378.9951171875,8564104
2026-08-27,13424.6572265625,13835.6162109375,13424.6572265625,13607.3056640625,8758357
2026-08-28,13607.3056640625,13744.2919921875,13515.9814453125,13652.9677734375,5921431
2026-08-31,13652.9677734375,13652.9677734375,13652.9677734375,13652.9677734375,0
2026-09-01,13652.9677734375,13652.9677734375,13652.9677734375,13652.9677734375,0
2026-09-02,13652.9677734375,13652.9677734375,13652.9677734375,13652.9677734375,0
2026-09-03,13607.3056640625,13607.3056640625,13424.6572265625,13424.6572265625,6042867
2026-09-04,13515.9814453125,13835.6162109375,13470.3193359375,13744.2919921875,7805160
2026-09-07,13744.2919921875,13835.6162109375,13515.9814453125,13607.3056640625,6791080
2026-09-08,13607.3056640625,13744.2919921875,13515.9814453125,13744.2919921875,5276148
2026-09-09,13744.2919921875,13744.2919921875,13744.2919921875,13744.2919921875,0
2026-09-10,13750.0,13800.0,13650.0,13700.0,2869000
2026-09-11,13650.0,13650.0,13250.0,13250.0,5463300
2026-09-14,13300.0,13500.0,13150.0,13250.0,4328000
2026-09-15,13400.0,13600.0,13350.0,13500.0,3526000
2026-09-16,13500.0,13600.0,13400.0,13550.0,2986700
2026-09-17,13500.0,13750.0,13500.0,13600.0,5082800
2026-09-18,13650.0,13750.0,13600.0,13600.0,4222400
2026-09-21,13600.0,13750.0,13300.0,13350.0,6339000
2026-09-22,13400.0,13500.0,13350.0,13400.0,2269000
2026-09-23,13550.0,13650.0,13400.0,13550.0,4989400
2026-09-24,13550.0,13600.0,13350.0,13450.0,2840700
2026-09-25,13400.0,13500.0,13350.0,13400.0,2202600
2026-09-28,13350.0,13400.0,13150.0,13150.0,4088000
2026-09-29,13250.0,13450.0,13150.0,13400.0,3958200
2026-09-30,13500.0,13500.0,13250.0,13350.0,2245200
2026-10-01,13300.0,13500.0,13250.0,13400.0,10071307
