Date,Open,High,Low,Close,Volume
2021-10-01,18157.4140625,18185.09375,17631.513671875,17686.87109375,32243595
2021-10-04,17659.193359375,17686.87109375,17077.93359375,17437.76171875,12023
2021-10-05,17410.08203125,17437.76171875,17271.6875,17327.044921875,32342948
2021-10-06,17327.044921875,17327.044921875,17327.044921875,17327.044921875,0
2021-10-07,18618.2734375,18988.5234375,18459.595703125,18856.29296875,23534761
2021-10-08,18909.185546875,19041.416015625,18671.16796875,18988.5234375,13017455
2021-10-11,18988.5234375,18988.5234375,18988.5234375,18988.5234375,0
2021-10-12,19464.560546875,19570.345703125,19173.6484375,19411.666015625,12129244
2021-10-13,19358.7734375,19517.453125,19200.095703125,19491.005859375,10660992
2021-10-14,19491.005859375,19491.005859375,19491.005859375,19491.005859375,0
2021-10-15,19543.8984375,19887.703125,19491.005859375,19834.80859375,21918662
2021-10-18,19834.80859375,19834.80859375,19834.80859375,19834.80859375,0
2021-10-19,20390.18359375,20443.076171875,20178.61328125,20363.73828125,19105237
2021-10-20,20337.291015625,20522.416015625,19967.041015625,20257.951171875,15894594
2021-10-21,20257.951171875,20363.73828125,19861.255859375,19861.255859375,17009490
2021-10-22,19967.041015625,20046.380859375,19676.130859375,19676.130859375,13132026
2021-10-25,19676.130859375,19676.130859375,19676.130859375,19676.130859375,0
2021-10-26,19385.220703125,19596.791015625,19147.203125,19596.791015625,10790121
2021-10-27,19834.80859375,20178.61328125,19596.791015625,20072.826171875,12803059
2021-10-28,20337.291015625,20416.630859375,20072.826171875,20416.630859375,20166629
2021-10-29,20469.5234375,20628.201171875,20046.380859375,20125.720703125,14842655
2021-11-01,20125.720703125,20125.720703125,20125.720703125,20125.720703125,0
2021-11-02,19781.916015625,19861.255859375,19755.470703125,19940.595703125,10759493
2021-11-03,19834.80859375,20628.201171875,19834.80859375,20310.845703125,33316806
2021-11-04,20390.18359375,20390.18359375,20046.380859375,20099.2734375,8658074
2021-11-05,20099.2734375,20337.291015625,20019.93359375,20072.826171875,8289782
2021-11-08,20205.05859375,20205.05859375,19834.80859375,19861.255859375,15248949
2021-11-09,19887.703125,19940.595703125,19596.791015625,19596.791015625,19166871
2021-11-10,19623.23828125,19676.130859375,19358.7734375,19411.666015625,11867772
2021-11-11,19411.666015625,19596.791015625,18803.3984375,19305.880859375,17398579
2021-11-12,19305.880859375,19570.345703125,19014.970703125,19438.11328125,13136942
2021-11-15,19358.7734375,19385.220703125,19067.86328125,19120.755859375,19084630
2021-11-16,19120.755859375,19570.345703125,18988.5234375,19120.755859375,17194014
2021-11-17,19173.6484375,19305.880859375,18962.078125,19120.755859375,22585293
2021-11-18,19041.416015625,19147.203125,18724.060546875,18724.060546875,22960203
2021-11-19,18776.953125,19464.560546875,18433.150390625,19147.203125,37025815
2021-11-22,19147.203125,19914.1484375,18988.5234375,19411.666015625,32240289
2021-11-23,19517.453125,19623.23828125,19094.310546875,19173.6484375,14232743
2021-11-24,19173.6484375,19887.703125,18988.5234375,19729.0234375,68031533
2021-11-25,20019.93359375,20363.73828125,19781.916015625,20099.2734375,61417404
2021-11-26,20310.845703125,20892.666015625,20205.05859375,20733.98828125,84603346
2021-11-29,20416.630859375,20575.30859375,20099.2734375,20310.845703125,48207294
2021-11-30,20522.416015625,20575.30859375,19729.0234375,19940.595703125,38736633
2021-12-01,19834.80859375,20046.380859375,19543.8984375,20046.380859375,36135525
2021-12-02,20046.380859375,20072.826171875,19570.345703125,19570.345703125,19699080
2021-12-03,19729.0234375,19861.255859375,18671.16796875,18882.73828125,43928264
2021-12-06,18909.185546875,19067.86328125,17983.560546875,18776.953125,40353299
2021-12-07,18882.73828125,19067.86328125,18433.150390625,18856.29296875,29041935
2021-12-08,18882.73828125,19252.98828125,18512.48828125,18909.185546875,31179465
2021-12-09,18724.060546875,19014.970703125,18724.060546875,18829.845703125,24508050
2021-12-10,18909.185546875,19147.203125,18803.3984375,18935.630859375,28881800
2021-12-13,19041.416015625,19094.310546875,18671.16796875,18724.060546875,21874044
2021-12-14,18724.060546875,18935.630859375,18512.48828125,18512.48828125,30417358
2021-12-15,18512.48828125,18565.380859375,18221.578125,18327.36328125,47212641
2021-12-16,18512.48828125,18512.48828125,17719.095703125,17824.8828125,70853655
2021-12-17,17930.66796875,18195.130859375,17824.8828125,17877.775390625,52199707
2021-12-20,18142.23828125,18486.04296875,17877.775390625,18062.900390625,42710518
2021-12-21,17983.560546875,18248.025390625,17983.560546875,18062.900390625,22088629
2021-12-22,18089.345703125,18195.130859375,17771.98828125,17771.98828125,37833108
2021-12-23,17771.98828125,17930.66796875,17084.3828125,17137.275390625,34318832
2021-12-24,17295.953125,18168.685546875,17190.16796875,18115.79296875,24762526
2021-12-27,18274.470703125,18353.810546875,17983.560546875,18168.685546875,13490865
2021-12-28,18248.025390625,18274.470703125,18036.453125,18274.470703125,18659052
2021-12-29,18353.810546875,18618.2734375,18327.36328125,18380.255859375,16700374
2021-12-30,18459.595703125,18803.3984375,18433.150390625,18724.060546875,18016054
2021-12-31,18776.953125,19147.203125,18750.505859375,18935.630859375,21228588
2022-01-03,18935.630859375,18935.630859375,18935.630859375,18935.630859375,0
2022-01-04,19120.755859375,19226.541015625,19041.416015625,19067.86328125,27050738
2022-01-05,19067.86328125,19120.755859375,18776.953125,18776.953125,25074478
2022-01-06,18671.16796875,18776.953125,18459.595703125,18591.828125,27120502
2022-01-07,18565.380859375,18591.828125,18300.91796875,18300.91796875,22680202
2022-01-10,18248.025390625,18565.380859375,18062.900390625,18195.130859375,20890924
2022-01-11,18195.130859375,18406.703125,17983.560546875,18142.23828125,17605979
2022-01-12,18089.345703125,18750.505859375,17904.220703125,18724.060546875,22861512
2022-01-13,18882.73828125,19173.6484375,18486.04296875,18644.720703125,29978735
2022-01-14,18644.720703125,18724.060546875,18353.810546875,18433.150390625,13068124
2022-01-17,18433.150390625,18565.380859375,17481.078125,17481.078125,24122175
2022-01-18,17481.078125,17930.66796875,17454.6328125,17586.865234375,11992363
2022-01-19,17613.310546875,17957.11328125,17613.310546875,17719.095703125,12318495
2022-01-20,17771.98828125,17957.11328125,17560.41796875,17957.11328125,14665127
2022-01-21,17983.560546875,18380.255859375,17745.54296875,18142.23828125,17255837
2022-01-24,18010.0078125,18168.685546875,17454.6328125,17692.650390625,22683984
2022-01-25,17666.203125,18459.595703125,17507.525390625,18459.595703125,22121147
2022-01-26,18459.595703125,19226.541015625,18406.703125,18988.5234375,35553026
2022-01-27,18988.5234375,19385.220703125,18724.060546875,18750.505859375,31039181
2022-01-28,18856.29296875,19411.666015625,18776.953125,19385.220703125,45542282
2022-01-31,19385.220703125,19385.220703125,19385.220703125,19385.220703125,0
2022-02-01,19385.220703125,19385.220703125,19385.220703125,19385.220703125,0
2022-02-02,19385.220703125,19385.220703125,19385.220703125,19385.220703125,0
2022-02-03,19385.220703125,19385.220703125,19385.220703125,19385.220703125,0
2022-02-04,19385.220703125,19385.220703125,19385.220703125,19385.220703125,0
2022-02-07,19570.345703125,19676.130859375,19200.095703125,19200.095703125,21237663
2022-02-08,19120.755859375,20046.380859375,19094.310546875,19729.0234375,42158648
2022-02-09,19834.80859375,20099.2734375,19623.23828125,19623.23828125,34110297
2022-02-10,19596.791015625,19702.578125,19120.755859375,19411.666015625,29068403
2022-02-11,19464.560546875,19676.130859375,19305.880859375,19358.7734375,22294895
2022-02-14,19147.203125,19279.435546875,18512.48828125,18512.48828125,37759563
2022-02-15,18512.48828125,18512.48828125,18512.48828125,18512.48828125,0
2022-02-16,19094.310546875,19252.98828125,18856.29296875,18856.29296875,13066233
2022-02-17,18856.29296875,19200.095703125,18803.3984375,19200.095703125,20690519
2022-02-18,18988.5234375,19041.416015625,18882.73828125,18988.5234375,18327249
2022-02-21,18935.630859375,19120.755859375,18724.060546875,18988.5234375,19228505
2022-02-22,18776.953125,18988.5234375,18618.2734375,18803.3984375,20215029
2022-02-23,18882.73828125,19120.755859375,18776.953125,18988.5234375,25794803
2022-02-24,18962.078125,19676.130859375,18829.845703125,19517.453125,67552451
2022-02-25,19729.0234375,20522.416015625,19570.345703125,20205.05859375,93358031
2022-02-28,20205.05859375,20469.5234375,19834.80859375,20099.2734375,40337418
2022-03-01,20046.380859375,20205.05859375,19808.36328125,19967.041015625,31893550
2022-03-02,19781.916015625,19781.916015625,19305.880859375,19305.880859375,55008028
2022-03-03,19464.560546875,19808.36328125,19305.880859375,19808.36328125,38086451
2022-03-04,19834.80859375,20601.755859375,19808.36328125,20152.166015625,89324780
2022-03-07,20099.2734375,20257.951171875,19755.470703125,19940.595703125,36407773
2022-03-08,19834.80859375,19940.595703125,19438.11328125,19570.345703125,30759937
2022-03-09,19649.68359375,19702.578125,19305.880859375,19491.005859375,26004850
2022-03-10,19834.80859375,19861.255859375,19438.11328125,19438.11328125,20755367
2022-03-11,19385.220703125,19596.791015625,19147.203125,19252.98828125,20506373
2022-03-14,19094.310546875,19200.095703125,18829.845703125,19041.416015625,26827457
2022-03-15,19041.416015625,19543.8984375,19041.416015625,19517.453125,21980486
2022-03-16,19570.345703125,19702.578125,19464.560546875,19464.560546875,16216755
2022-03-17,19543.8984375,19623.23828125,19279.435546875,19279.435546875,15588125
2022-03-18,19332.328125,19411.666015625,19147.203125,19173.6484375,17901104
2022-03-21,19305.880859375,19517.453125,19094.310546875,19464.560546875,12440250
2022-03-22,19464.560546875,19887.703125,19464.560546875,19491.005859375,19782645
2022-03-23,19596.791015625,19596.791015625,19385.220703125,19385.220703125,17556445
2022-03-24,19385.220703125,19411.666015625,19226.541015625,19226.541015625,23959771
2022-03-25,19226.541015625,19517.453125,19200.095703125,19438.11328125,18151422
2022-03-28,19385.220703125,19385.220703125,19041.416015625,19173.6484375,23122606
2022-03-29,19173.6484375,19305.880859375,19173.6484375,19252.98828125,14034606
2022-03-30,19200.095703125,19808.36328125,19147.203125,19464.560546875,31426568
2022-03-31,19517.453125,19834.80859375,19464.560546875,19676.130859375,17322387
2022-04-01,19623.23828125,20416.630859375,19570.345703125,20416.630859375,69684120
2022-04-04,20945.55859375,21104.236328125,20575.30859375,20628.201171875,46327077
2022-04-05,20469.5234375,20733.98828125,20178.61328125,20257.951171875,29820112
2022-04-06,20152.166015625,21262.916015625,20019.93359375,21130.68359375,77644746
2022-04-07,21210.0234375,21712.50390625,21051.34375,21051.34375,59712824
2022-04-08,21051.34375,21183.576171875,20522.416015625,20522.416015625,45368346
2022-04-11,20522.416015625,20522.416015625,20522.416015625,20522.416015625,0
2022-04-12,20681.09375,21262.916015625,20628.201171875,20628.201171875,47650886
2022-04-13,20839.7734375,20866.21875,20099.2734375,20628.201171875,47776045
2022-04-14,20628.201171875,21474.486328125,20575.30859375,20892.666015625,44194463
2022-04-15,20786.880859375,20998.451171875,19940.595703125,20363.73828125,56287596
2022-04-18,20363.73828125,20416.630859375,19385.220703125,19385.220703125,54366542
2022-04-19,19491.005859375,19808.36328125,18882.73828125,18935.630859375,45602971
2022-04-20,18776.953125,19173.6484375,18618.2734375,18618.2734375,40335527
2022-04-21,18565.380859375,19305.880859375,18248.025390625,18776.953125,35769312
2022-04-22,19147.203125,19676.130859375,18724.060546875,19464.560546875,42926994
2022-04-25,19385.220703125,19543.8984375,18115.79296875,18115.79296875,61897998
2022-04-26,17771.98828125,19358.7734375,17507.525390625,19252.98828125,42815069
2022-04-27,19041.416015625,19279.435546875,18724.060546875,19014.970703125,23575787
2022-04-28,19094.310546875,19411.666015625,18962.078125,19305.880859375,21034611
2022-04-29,19305.880859375,19517.453125,19200.095703125,19411.666015625,25056328
2022-05-02,19411.666015625,19411.666015625,19411.666015625,19411.666015625,0
2022-05-03,19411.666015625,19411.666015625,19411.666015625,19411.666015625,0
2022-05-04,19438.11328125,19438.11328125,18935.630859375,18935.630859375,22721040
2022-05-05,19226.541015625,19226.541015625,18380.255859375,18803.3984375,20088168
2022-05-06,18512.48828125,18591.828125,18062.900390625,18062.900390625,24180028
2022-05-09,17824.8828125,17957.11328125,16819.91796875,16819.91796875,45244700
2022-05-10,16476.115234375,17613.310546875,16476.115234375,17613.310546875,28531280
2022-05-11,17613.310546875,17930.66796875,17216.615234375,17666.203125,14394390
2022-05-12,17428.185546875,17454.6328125,16449.66796875,16449.66796875,33850905
2022-05-13,16502.560546875,16714.1328125,15338.9189453125,15338.9189453125,38694851
2022-05-16,15867.84765625,16158.7578125,15338.9189453125,15338.9189453125,23193694
2022-05-17,15338.9189453125,16396.775390625,15312.47265625,16396.775390625,19639525
2022-05-18,16661.240234375,17005.04296875,16238.09765625,16370.3291015625,22455219
2022-05-19,15920.740234375,16343.8828125,15841.4013671875,16105.865234375,17376269
2022-05-20,16185.2041015625,16370.3291015625,16026.5263671875,16185.2041015625,14019859
2022-05-23,16290.990234375,16290.990234375,15444.705078125,15497.59765625,20892625
2022-05-24,15656.2763671875,15973.6328125,15444.705078125,15867.84765625,18701969
2022-05-25,16052.97265625,16661.240234375,15973.6328125,16661.240234375,24274558
2022-05-26,16767.025390625,16793.47265625,16423.22265625,16423.22265625,16311097
2022-05-27,16449.66796875,16555.455078125,16264.5439453125,16449.66796875,19962442
2022-05-30,16634.79296875,16714.1328125,16423.22265625,16714.1328125,22411357
2022-05-31,16661.240234375,16714.1328125,16290.990234375,16396.775390625,19444603
2022-06-01,16343.8828125,16502.560546875,16079.4189453125,16317.4365234375,18961551
2022-06-02,16317.4365234375,16317.4365234375,16317.4365234375,16317.4365234375,0
2022-06-03,15973.6328125,16264.5439453125,15947.1865234375,16264.5439453125,13469312
2022-06-06,16238.09765625,16502.560546875,16052.97265625,16185.2041015625,14563601
2022-06-07,16158.7578125,16238.09765625,15762.0615234375,16105.865234375,14793310
2022-06-08,16185.2041015625,16899.2578125,16000.0791015625,16819.91796875,35947975
2022-06-09,16872.810546875,16899.2578125,16661.240234375,16661.240234375,17777269
2022-06-10,16555.455078125,16793.47265625,16343.8828125,16343.8828125,18256351
2022-06-13,15867.84765625,16105.865234375,15206.6875,15206.6875,39628248
2022-06-14,14915.7763671875,15444.705078125,14915.7763671875,15259.580078125,21774219
2022-06-15,15259.580078125,15550.490234375,14598.419921875,15259.580078125,24282688
2022-06-16,15444.705078125,15550.490234375,15312.47265625,15338.9189453125,9930269
2022-06-17,14968.669921875,15074.455078125,14439.7412109375,14757.0986328125,23722310
2022-06-20,14757.0986328125,14809.9912109375,14016.5986328125,14333.955078125,18640146
2022-06-21,14466.1875,14783.544921875,14175.27734375,14386.8486328125,13619616
2022-06-22,14730.6513671875,15312.47265625,14545.52734375,15021.5625,13338103
2022-06-23,14809.9912109375,15100.9013671875,14783.544921875,15048.0087890625,8989688
2022-06-24,14968.669921875,15206.6875,14889.330078125,14889.330078125,6820017
2022-06-27,14968.669921875,15391.8125,14942.22265625,15286.0263671875,11103207
2022-06-28,15074.455078125,16052.97265625,15074.455078125,15867.84765625,23025996
2022-06-29,15656.2763671875,16000.0791015625,15603.3837890625,15867.84765625,15860185
2022-06-30,15814.955078125,15973.6328125,15338.9189453125,15338.9189453125,14898807
2022-07-01,15391.8125,15524.0439453125,14862.8837890625,15391.8125,13288947
2022-07-04,15444.705078125,15603.3837890625,15259.580078125,15444.705078125,16729301
2022-07-05,15471.1513671875,15788.5078125,15444.705078125,15603.3837890625,21569088
2022-07-06,15497.59765625,15629.830078125,15233.1337890625,15233.1337890625,10567595
2022-07-07,15259.580078125,15365.365234375,15048.0087890625,15286.0263671875,14850974
2022-07-08,15338.9189453125,15418.2587890625,15100.9013671875,15127.34765625,13877874
2022-07-11,15021.5625,15074.455078125,14545.52734375,14545.52734375,16021832
2022-07-12,14545.52734375,14545.52734375,14545.52734375,14545.52734375,0
2022-07-13,14704.205078125,14915.7763671875,14571.9736328125,14677.7587890625,19918202
2022-07-14,14624.8662109375,14862.8837890625,14545.52734375,14836.4375,18517256
2022-07-15,14862.8837890625,14995.1162109375,14836.4375,14942.22265625,16509233
2022-07-18,15074.455078125,15153.7939453125,14889.330078125,14889.330078125,14250326
2022-07-19,14889.330078125,14889.330078125,14677.7587890625,14809.9912109375,11785908
2022-07-20,14968.669921875,15048.0087890625,14862.8837890625,14889.330078125,18335757
2022-07-21,14915.7763671875,14995.1162109375,14809.9912109375,14915.7763671875,17504831
2022-07-22,14968.669921875,15074.455078125,14862.8837890625,14889.330078125,13746098
2022-07-25,14889.330078125,14889.330078125,14624.8662109375,14624.8662109375,14772892
2022-07-26,14598.419921875,14836.4375,14571.9736328125,14651.3125,14026288
2022-07-27,14598.419921875,14677.7587890625,14519.080078125,14651.3125,12091999
2022-07-28,14809.9912109375,15233.1337890625,14704.205078125,15021.5625,35801264
2022-07-29,15074.455078125,15180.2412109375,14968.669921875,15180.2412109375,24550399
2022-08-01,15180.2412109375,15391.8125,15100.9013671875,15391.8125,24066402
2022-08-02,15497.59765625,15497.59765625,15206.6875,15365.365234375,22624996
2022-08-03,15259.580078125,15418.2587890625,15153.7939453125,15338.9189453125,24640582
2022-08-04,15471.1513671875,15841.4013671875,15365.365234375,15550.490234375,34349460
2022-08-05,15550.490234375,15603.3837890625,15312.47265625,15524.0439453125,23039230
2022-08-08,15550.490234375,15867.84765625,15444.705078125,15867.84765625,32485691
2022-08-09,15973.6328125,16290.990234375,15867.84765625,16000.0791015625,38464385
2022-08-10,16026.5263671875,16052.97265625,15841.4013671875,15920.740234375,20702429
2022-08-11,16079.4189453125,16132.3115234375,15656.2763671875,15656.2763671875,28401961
2022-08-12,15682.72265625,15814.955078125,15550.490234375,15814.955078125,16449301
2022-08-15,15973.6328125,16105.865234375,15867.84765625,16052.97265625,21190586
2022-08-16,16052.97265625,16052.97265625,15841.4013671875,15947.1865234375,19345346
2022-08-17,15973.6328125,16132.3115234375,15894.2939453125,15947.1865234375,19650302
2022-08-18,16026.5263671875,16052.97265625,15841.4013671875,15894.2939453125,22405874
2022-08-19,15973.6328125,16819.91796875,15894.2939453125,16529.0078125,60076957
2022-08-22,16529.0078125,16714.1328125,16370.3291015625,16529.0078125,25331980
2022-08-23,16290.990234375,16502.560546875,16132.3115234375,16502.560546875,16731191
2022-08-24,16502.560546875,16714.1328125,16423.22265625,16608.34765625,24114423
2022-08-25,16687.685546875,17110.828125,16687.685546875,16899.2578125,33002585
2022-08-26,17031.490234375,17243.060546875,16555.455078125,16714.1328125,28607282
2022-08-29,16396.775390625,16661.240234375,16185.2041015625,16502.560546875,33974740
2022-08-30,16608.34765625,16925.703125,16502.560546875,16581.900390625,17226154
2022-08-31,16634.79296875,16819.91796875,16476.115234375,16819.91796875,15987801
2022-09-01,16819.91796875,16819.91796875,16819.91796875,16819.91796875,0
2022-09-02,16819.91796875,16819.91796875,16819.91796875,16819.91796875,0
2022-09-05,16767.025390625,16819.91796875,16529.0078125,16555.455078125,22567144
2022-09-06,16555.455078125,16819.91796875,16476.115234375,16608.34765625,21884820
2022-09-07,16608.34765625,16608.34765625,16026.5263671875,16026.5263671875,35169231
2022-09-08,16052.97265625,16132.3115234375,15814.955078125,15814.955078125,20143185
2022-09-09,16000.0791015625,16290.990234375,15814.955078125,16132.3115234375,33382221
2022-09-12,16238.09765625,16476.115234375,16079.4189453125,16105.865234375,14670042
2022-09-13,16105.865234375,16238.09765625,16052.97265625,16132.3115234375,12769406
2022-09-14,15762.0615234375,16026.5263671875,15762.0615234375,16026.5263671875,28798991
2022-09-15,16105.865234375,16264.5439453125,16026.5263671875,16026.5263671875,17529409
2022-09-16,16079.4189453125,16502.560546875,16079.4189453125,16158.7578125,32037804
2022-09-19,16238.09765625,16396.775390625,15762.0615234375,15814.955078125,28297221
2022-09-20,15973.6328125,16026.5263671875,15603.3837890625,15867.84765625,23686388
2022-09-21,15762.0615234375,15867.84765625,15391.8125,15603.3837890625,23782998
2022-09-22,15444.705078125,15682.72265625,15286.0263671875,15497.59765625,16148504
2022-09-23,15524.0439453125,15656.2763671875,15180.2412109375,15206.6875,18617458
2022-09-26,14968.669921875,15048.0087890625,14307.5087890625,14598.419921875,33564665
2022-09-27,14704.205078125,14809.9912109375,14360.40234375,14492.6337890625,24496706
2022-09-28,14757.0986328125,14876.107421875,14519.080078125,14677.7587890625,13268970
2022-09-29,14876.107421875,14915.7763671875,14281.0625,14281.0625,7064726
2022-09-30,14439.7412109375,14479.4111328125,13567.009765625,14281.0625,19981664
2022-10-03,14162.0537109375,14162.0537109375,13289.322265625,13487.669921875,31158479
2022-10-04,13646.3486328125,13924.0361328125,12694.2783203125,13328.9921875,21991136
2022-10-05,13805.02734375,13844.697265625,13328.9921875,13487.669921875,17535585
2022-10-06,13567.009765625,13567.009765625,12575.26953125,13090.974609375,17566465
2022-10-07,12694.2783203125,13011.634765625,12178.5732421875,12178.5732421875,24175049
2022-10-10,11742.20703125,12614.9384765625,11345.5107421875,12178.5732421875,18765872
2022-10-11,11900.8857421875,12178.5732421875,11345.5107421875,12178.5732421875,24273235
2022-10-12,12138.9033203125,12852.9560546875,11900.8857421875,12694.2783203125,13120620
2022-10-13,12773.6171875,12852.9560546875,12218.2421875,12694.2783203125,14388340
2022-10-14,13090.974609375,13090.974609375,12694.2783203125,12813.287109375,11258867
2022-10-17,12535.599609375,12813.287109375,12138.9033203125,12654.6083984375,9368504
2022-10-18,12852.9560546875,12971.96484375,12654.6083984375,12654.6083984375,9300316
2022-10-19,12773.6171875,12773.6171875,12456.2607421875,12654.6083984375,12394245
2022-10-20,12575.26953125,12813.287109375,12456.2607421875,12654.6083984375,10945529
2022-10-21,12694.2783203125,12694.2783203125,11980.224609375,12337.2509765625,17275941
2022-10-24,12376.9208984375,12416.5908203125,11742.20703125,12218.2421875,13225738
2022-10-25,12099.2333984375,12733.947265625,11821.5458984375,12257.912109375,19236761
2022-10-26,12297.58203125,12495.9296875,12059.564453125,12337.2509765625,8899001
2022-10-27,12297.58203125,13130.6435546875,11940.5556640625,13130.6435546875,26418075
2022-10-28,13170.3134765625,13408.3310546875,12971.96484375,12971.96484375,10223440
2022-10-31,13090.974609375,13170.3134765625,12416.5908203125,12971.96484375,13952995
2022-11-01,13090.974609375,13844.697265625,13090.974609375,13646.3486328125,32302553
2022-11-02,13646.3486328125,14122.3837890625,13408.3310546875,13884.3662109375,27108780
2022-11-03,13606.6796875,14003.375,13606.6796875,13884.3662109375,14371577
2022-11-04,13606.6796875,13805.02734375,13130.6435546875,13448.0009765625,40769738
2022-11-07,13567.009765625,13765.357421875,13368.6611328125,13567.009765625,29205599
2022-11-08,13328.9921875,13686.0185546875,13209.9833984375,13646.3486328125,28151770
2022-11-09,13765.357421875,14003.375,13527.33984375,13884.3662109375,20665058
2022-11-10,13805.02734375,13805.02734375,12932.2958984375,12932.2958984375,29016664
2022-11-11,13209.9833984375,13487.669921875,12892.6259765625,12932.2958984375,22608989
2022-11-14,12694.2783203125,12813.287109375,12059.564453125,12456.2607421875,20168330
2022-11-15,12019.89453125,12456.2607421875,11623.1982421875,11623.1982421875,22894598
2022-11-16,10829.8056640625,12416.5908203125,10829.8056640625,12297.58203125,37386923
2022-11-17,12495.9296875,12575.26953125,12178.5732421875,12297.58203125,16598974
2022-11-18,11900.8857421875,12495.9296875,11662.8681640625,12297.58203125,20564730
2022-11-21,12456.2607421875,12456.2607421875,11980.224609375,12297.58203125,14357839
2022-11-22,12099.2333984375,13051.3046875,11980.224609375,12297.58203125,20880588
2022-11-23,12099.2333984375,12376.9208984375,11940.5556640625,11940.5556640625,7562462
2022-11-24,11781.876953125,12099.2333984375,11543.859375,11980.224609375,12916559
2022-11-25,12138.9033203125,12297.58203125,12019.89453125,12297.58203125,12219300
2022-11-28,12376.9208984375,12852.9560546875,12376.9208984375,12773.6171875,20869875
2022-11-29,12852.9560546875,12971.96484375,12337.2509765625,12813.287109375,21200733
2022-11-30,12892.6259765625,13487.669921875,12614.9384765625,13328.9921875,29382939
2022-12-01,13527.33984375,13805.02734375,13170.3134765625,13328.9921875,39130449
2022-12-02,13328.9921875,13805.02734375,13130.6435546875,13725.6884765625,32629126
2022-12-05,14043.044921875,14598.419921875,13844.697265625,14400.0712890625,54688198
2022-12-06,14400.0712890625,14757.0986328125,13408.3310546875,13408.3310546875,43462227
2022-12-07,13328.9921875,13487.669921875,12575.26953125,12852.9560546875,33050229
2022-12-08,13051.3046875,13725.6884765625,13011.634765625,13487.669921875,37075350
2022-12-09,13606.6796875,13646.3486328125,13209.9833984375,13408.3310546875,17330516
2022-12-12,13448.0009765625,13844.697265625,13209.9833984375,13209.9833984375,29244420
2022-12-13,13249.65234375,13567.009765625,13011.634765625,13567.009765625,22748265
2022-12-14,13686.0185546875,13765.357421875,13487.669921875,13527.33984375,23851376
2022-12-15,13527.33984375,14439.7412109375,13527.33984375,14439.7412109375,84109076
2022-12-16,14638.0888671875,14955.4462890625,14519.080078125,14677.7587890625,34742078
2022-12-19,14558.75,14876.107421875,14241.3935546875,14241.3935546875,37093625
2022-12-20,14201.7236328125,14201.7236328125,13408.3310546875,13725.6884765625,33299412
2022-12-21,13884.3662109375,14201.7236328125,13487.669921875,14003.375,25837530
2022-12-22,14281.0625,14955.4462890625,14241.3935546875,14638.0888671875,66085459
2022-12-23,14638.0888671875,14796.767578125,14360.40234375,14558.75,21236654
2022-12-26,14558.75,14677.7587890625,13646.3486328125,13646.3486328125,33382851
2022-12-27,13725.6884765625,14201.7236328125,13606.6796875,14201.7236328125,18807087
2022-12-28,14201.7236328125,14677.7587890625,13884.3662109375,14400.0712890625,22034620
2022-12-29,14360.40234375,14677.7587890625,14122.3837890625,14122.3837890625,25457769
2022-12-30,14201.7236328125,14360.40234375,13963.7060546875,14201.7236328125,12648722
2023-01-02,14201.7236328125,14201.7236328125,14201.7236328125,14201.7236328125,0
2023-01-03,14281.0625,14677.7587890625,14122.3837890625,14677.7587890625,25554568
2023-01-04,14677.7587890625,15312.47265625,14677.7587890625,14995.1162109375,53612690
2023-01-05,15074.455078125,15114.125,14717.4287109375,15034.78515625,19392170
2023-01-06,14955.4462890625,15590.16015625,14915.7763671875,15034.78515625,39584953
2023-01-09,15233.1337890625,15312.47265625,14915.7763671875,14955.4462890625,23609503
2023-01-10,14955.4462890625,15074.455078125,14717.4287109375,14836.4375,16996634
2023-01-11,15074.455078125,15074.455078125,14638.0888671875,14638.0888671875,21965550
2023-01-12,14757.0986328125,14876.107421875,14598.419921875,14836.4375,19215460
2023-01-13,14955.4462890625,15471.1513671875,14717.4287109375,15391.8125,32393681
2023-01-16,15550.490234375,15550.490234375,15233.1337890625,15391.8125,22613653
2023-01-17,15471.1513671875,15550.490234375,15352.142578125,15550.490234375,41482879
2023-01-18,15550.490234375,15709.1689453125,15391.8125,15590.16015625,24799078
2023-01-19,15510.8212890625,15629.830078125,15391.8125,15471.1513671875,23125757
2023-01-20,15471.1513671875,15471.1513671875,15471.1513671875,15471.1513671875,0
2023-01-23,15471.1513671875,15471.1513671875,15471.1513671875,15471.1513671875,0
2023-01-24,15471.1513671875,15471.1513671875,15471.1513671875,15471.1513671875,0
2023-01-25,15471.1513671875,15471.1513671875,15471.1513671875,15471.1513671875,0
2023-01-26,15471.1513671875,15471.1513671875,15471.1513671875,15471.1513671875,0
2023-01-27,15590.16015625,16066.1953125,15391.8125,15629.830078125,30808337
2023-01-30,15629.830078125,15669.4990234375,15272.802734375,15272.802734375,30021715
2023-01-31,15193.4638671875,15471.1513671875,15114.125,15431.4814453125,31630251
2023-02-01,15510.8212890625,15550.490234375,14360.40234375,14519.080078125,40583072
2023-02-02,14757.0986328125,14836.4375,14400.0712890625,14598.419921875,32684584
2023-02-03,14677.7587890625,14717.4287109375,14320.732421875,14479.4111328125,25258120
2023-02-06,14400.0712890625,14717.4287109375,14241.3935546875,14677.7587890625,21378577
2023-02-07,14717.4287109375,14796.767578125,14241.3935546875,14241.3935546875,19736640
2023-02-08,14360.40234375,14479.4111328125,14162.0537109375,14241.3935546875,14593157
2023-02-09,14241.3935546875,14717.4287109375,14201.7236328125,14281.0625,19105174
2023-02-10,14281.0625,14519.080078125,13884.3662109375,13884.3662109375,16514905
2023-02-13,13963.7060546875,14003.375,13170.3134765625,13487.669921875,32498799
2023-02-14,13487.669921875,13646.3486328125,13249.65234375,13249.65234375,21266904
2023-02-15,13249.65234375,13646.3486328125,13249.65234375,13646.3486328125,15974441
2023-02-16,13805.02734375,13963.7060546875,13567.009765625,13884.3662109375,18218350
2023-02-17,13725.6884765625,13884.3662109375,13646.3486328125,13725.6884765625,13574998
2023-02-20,13567.009765625,14519.080078125,13567.009765625,14519.080078125,25905340
2023-02-21,14598.419921875,14598.419921875,14122.3837890625,14122.3837890625,23161553
2023-02-22,13963.7060546875,14281.0625,13844.697265625,13844.697265625,21426094
2023-02-23,13844.697265625,13924.0361328125,13567.009765625,13924.0361328125,16360505
2023-02-24,13924.0361328125,14003.375,13606.6796875,13606.6796875,13131963
2023-02-27,13487.669921875,13606.6796875,13130.6435546875,13487.669921875,12996595
2023-02-28,13606.6796875,13686.0185546875,13408.3310546875,13527.33984375,10876585
2023-03-01,13368.6611328125,13884.3662109375,13249.65234375,13844.697265625,12168632
2023-03-02,13844.697265625,13924.0361328125,13686.0185546875,13725.6884765625,5403631
2023-03-03,13844.697265625,13884.3662109375,13408.3310546875,13487.669921875,11315334
2023-03-06,13725.6884765625,13884.3662109375,13527.33984375,13567.009765625,16547928
2023-03-07,13805.02734375,14043.044921875,13725.6884765625,13805.02734375,16546541
2023-03-08,13646.3486328125,14400.0712890625,13646.3486328125,14400.0712890625,34268794
2023-03-09,14400.0712890625,14519.080078125,14281.0625,14439.7412109375,19238904
2023-03-10,14201.7236328125,14519.080078125,14201.7236328125,14519.080078125,18597103
2023-03-13,14915.7763671875,15391.8125,14757.0986328125,15391.8125,52133977
2023-03-14,15550.490234375,15550.490234375,15153.7939453125,15391.8125,28975448
2023-03-15,15709.1689453125,15748.8388671875,15510.8212890625,15709.1689453125,28133368
2023-03-16,15471.1513671875,15590.16015625,15193.4638671875,15431.4814453125,19526529
2023-03-17,15550.490234375,15669.4990234375,15352.142578125,15629.830078125,19597995
2023-03-20,15510.8212890625,15629.830078125,15312.47265625,15629.830078125,23871920
2023-03-21,15629.830078125,16145.53515625,15471.1513671875,16145.53515625,36796799
2023-03-22,16264.5439453125,16819.91796875,16224.8740234375,16661.240234375,52979334
2023-03-23,16661.240234375,16780.248046875,16502.560546875,16700.91015625,28764203
2023-03-24,16700.91015625,16819.91796875,16542.23046875,16780.248046875,24773366
2023-03-27,16780.248046875,17097.60546875,16661.240234375,16859.587890625,36966072
2023-03-28,16978.59765625,17137.275390625,16304.212890625,16661.240234375,46847437
2023-03-29,16581.900390625,16581.900390625,16343.8828125,16581.900390625,20921552
2023-03-30,16661.240234375,16700.91015625,16423.22265625,16581.900390625,19572408
2023-03-31,16502.560546875,16899.2578125,16502.560546875,16700.91015625,29165392
2023-04-03,16780.248046875,16859.587890625,16581.900390625,16819.91796875,17077174
2023-04-04,16819.91796875,17018.265625,16661.240234375,16978.59765625,20615902
2023-04-05,16899.2578125,17018.265625,16780.248046875,16819.91796875,15114841
2023-04-06,16819.91796875,17057.935546875,16581.900390625,16581.900390625,15446203
2023-04-07,16581.900390625,16700.91015625,16383.552734375,16581.900390625,9665457
2023-04-10,16581.900390625,16938.927734375,16423.22265625,16581.900390625,21140485
2023-04-11,16581.900390625,16740.578125,16423.22265625,16661.240234375,11961420
2023-04-12,16661.240234375,16700.91015625,16383.552734375,16383.552734375,10927506
2023-04-13,16383.552734375,16383.552734375,16026.5263671875,16343.8828125,25102963
2023-04-14,16343.8828125,16423.22265625,16145.53515625,16264.5439453125,10768064
2023-04-17,16224.8740234375,16343.8828125,16105.865234375,16224.8740234375,6551109
2023-04-18,16224.8740234375,16304.212890625,15947.1865234375,16066.1953125,13367030
2023-04-19,16224.8740234375,16304.212890625,15629.830078125,15629.830078125,23216255
2023-04-20,15590.16015625,15709.1689453125,15272.802734375,15352.142578125,15432464
2023-04-21,15352.142578125,15550.490234375,15352.142578125,15431.4814453125,10238691
2023-04-24,15431.4814453125,15907.517578125,15352.142578125,15471.1513671875,8932780
2023-04-25,15629.830078125,15669.4990234375,15272.802734375,15312.47265625,9035756
2023-04-26,15312.47265625,15391.8125,15153.7939453125,15352.142578125,9895356
2023-04-27,15352.142578125,15629.830078125,15352.142578125,15391.8125,6553251
2023-04-28,15510.8212890625,15788.5078125,15471.1513671875,15788.5078125,10805750
2023-05-01,15788.5078125,15788.5078125,15788.5078125,15788.5078125,0
2023-05-02,15788.5078125,15788.5078125,15788.5078125,15788.5078125,0
2023-05-03,15788.5078125,15788.5078125,15788.5078125,15788.5078125,0
2023-05-04,15510.8212890625,15709.1689453125,15471.1513671875,15510.8212890625,9433163
2023-05-05,15550.490234375,15788.5078125,15431.4814453125,15431.4814453125,7458604
2023-05-08,15431.4814453125,15590.16015625,15391.8125,15431.4814453125,6921669
2023-05-09,15510.8212890625,15550.490234375,15391.8125,15431.4814453125,5958842
2023-05-10,15471.1513671875,15550.490234375,15431.4814453125,15510.8212890625,11258615
2023-05-11,15550.490234375,15748.8388671875,15550.490234375,15709.1689453125,8404542
2023-05-12,15709.1689453125,15748.8388671875,15510.8212890625,15669.4990234375,9481059
2023-05-15,15709.1689453125,16026.5263671875,15669.4990234375,15709.1689453125,16505578
2023-05-16,15788.5078125,15788.5078125,15550.490234375,15550.490234375,9444129
2023-05-17,15550.490234375,15590.16015625,15233.1337890625,15233.1337890625,15987801
2023-05-18,15312.47265625,15471.1513671875,15233.1337890625,15272.802734375,9553532
2023-05-19,15312.47265625,15391.8125,15233.1337890625,15312.47265625,8311902
2023-05-22,15312.47265625,15629.830078125,15312.47265625,15629.830078125,15155426
2023-05-23,15669.4990234375,15709.1689453125,15471.1513671875,15510.8212890625,9119825
2023-05-24,15510.8212890625,15510.8212890625,15510.8212890625,15510.8212890625,0
2023-05-25,15352.142578125,15431.4814453125,15233.1337890625,15233.1337890625,9199987
2023-05-26,15312.47265625,15312.47265625,15153.7939453125,15193.4638671875,8807747
2023-05-29,15233.1337890625,15431.4814453125,15233.1337890625,15352.142578125,8878078
2023-05-30,15471.1513671875,15471.1513671875,15352.142578125,15431.4814453125,11312435
2023-05-31,15510.8212890625,15510.8212890625,15272.802734375,15312.47265625,9974761
2023-06-01,15312.47265625,15391.8125,15233.1337890625,15391.8125,12289505
2023-06-02,15550.490234375,16026.5263671875,15510.8212890625,15748.8388671875,30925807
2023-06-05,15947.1865234375,15986.8564453125,15669.4990234375,15669.4990234375,16916598
2023-06-06,15669.4990234375,15867.84765625,15629.830078125,15748.8388671875,18840992
2023-06-07,15867.84765625,15947.1865234375,15669.4990234375,15788.5078125,20405918
2023-06-08,15788.5078125,15907.517578125,15471.1513671875,15471.1513671875,20917266
2023-06-09,15550.490234375,15550.490234375,15312.47265625,15471.1513671875,12094898
2023-06-12,15629.830078125,15629.830078125,15352.142578125,15550.490234375,10721428
2023-06-13,15629.830078125,15669.4990234375,15391.8125,15471.1513671875,12184009
2023-06-14,15550.490234375,15947.1865234375,15510.8212890625,15669.4990234375,31995518
2023-06-15,15669.4990234375,15748.8388671875,15510.8212890625,15629.830078125,11886930
2023-06-16,15748.8388671875,15947.1865234375,15471.1513671875,15510.8212890625,42510743
2023-06-19,15510.8212890625,15590.16015625,15272.802734375,15431.4814453125,15213279
2023-06-20,15431.4814453125,15510.8212890625,15272.802734375,15471.1513671875,18238264
2023-06-21,15471.1513671875,15590.16015625,15391.8125,15590.16015625,10223566
2023-06-22,15590.16015625,15590.16015625,15590.16015625,15590.16015625,0
2023-06-23,15629.830078125,16185.2041015625,15590.16015625,16026.5263671875,53344223
2023-06-26,16264.5439453125,16264.5439453125,15828.177734375,16066.1953125,20893571
2023-06-27,16224.8740234375,16224.8740234375,15947.1865234375,15947.1865234375,18186587
2023-06-28,16026.5263671875,16145.53515625,15907.517578125,16066.1953125,21117167
2023-06-29,16105.865234375,16224.8740234375,15788.5078125,15788.5078125,23249656
2023-06-30,15788.5078125,15867.84765625,15669.4990234375,15748.8388671875,15598839
2023-07-03,15748.8388671875,15867.84765625,15669.4990234375,15748.8388671875,12362861
2023-07-04,15748.8388671875,15828.177734375,15669.4990234375,15748.8388671875,9251034
2023-07-05,15788.5078125,16105.865234375,15788.5078125,15828.177734375,25820011
2023-07-06,15828.177734375,15947.1865234375,15510.8212890625,15510.8212890625,20513053
2023-07-07,15550.490234375,15748.8388671875,15471.1513671875,15748.8388671875,10518628
2023-07-10,15828.177734375,15986.8564453125,15709.1689453125,15907.517578125,19253273
2023-07-11,16105.865234375,16105.865234375,15709.1689453125,15788.5078125,24712992
2023-07-12,15867.84765625,15867.84765625,15590.16015625,15590.16015625,17287663
2023-07-13,15788.5078125,15828.177734375,15590.16015625,15828.177734375,20674763
2023-07-14,15907.517578125,15947.1865234375,15550.490234375,15788.5078125,22030335
2023-07-17,15947.1865234375,16264.5439453125,15907.517578125,16224.8740234375,43146999
2023-07-18,16224.8740234375,16740.578125,16105.865234375,16621.5703125,47033474
2023-07-19,16661.240234375,16661.240234375,16383.552734375,16383.552734375,28945576
2023-07-20,16343.8828125,16661.240234375,16264.5439453125,16661.240234375,24645938
2023-07-21,16621.5703125,17018.265625,16502.560546875,16978.59765625,36053031
2023-07-24,17057.935546875,17375.29296875,16899.2578125,17335.623046875,30392149
2023-07-25,17375.29296875,17732.3203125,17295.953125,17335.623046875,32909693
2023-07-26,17295.953125,17375.29296875,17097.60546875,17335.623046875,21977271
2023-07-27,17295.953125,17335.623046875,17057.935546875,17256.283203125,22445010
2023-07-28,17256.283203125,17533.970703125,17137.275390625,17533.970703125,22855778
2023-07-31,17573.640625,17652.98046875,17375.29296875,17573.640625,24774374
2023-08-01,17573.640625,17613.310546875,17176.9453125,17414.962890625,32485565
2023-08-02,17414.962890625,17652.98046875,17216.615234375,17454.6328125,21486846
2023-08-03,17414.962890625,17454.6328125,17137.275390625,17216.615234375,20045188
2023-08-04,17295.953125,17613.310546875,17137.275390625,17613.310546875,19525899
2023-08-07,17811.658203125,18248.025390625,17692.650390625,17970.337890625,25511714
2023-08-08,17970.337890625,17970.337890625,17613.310546875,17613.310546875,17458322
2023-08-09,17533.970703125,17613.310546875,17216.615234375,17494.302734375,26894511
2023-08-10,17494.302734375,17494.302734375,17097.60546875,17414.962890625,25010953
2023-08-11,17414.962890625,17454.6328125,17097.60546875,17454.6328125,15632239
2023-08-14,17375.29296875,17454.6328125,17295.953125,17414.962890625,14705586
2023-08-15,17414.962890625,17454.6328125,17176.9453125,17454.6328125,23200878
2023-08-16,17375.29296875,17930.66796875,17176.9453125,17771.98828125,49897000
2023-08-17,17851.328125,17970.337890625,17573.640625,17573.640625,19706642
2023-08-18,17454.6328125,17494.302734375,16343.8828125,16343.8828125,43137419
2023-08-21,16343.8828125,16661.240234375,16185.2041015625,16502.560546875,15953770
2023-08-22,16462.892578125,16542.23046875,15907.517578125,16343.8828125,26699651
2023-08-23,16462.892578125,16542.23046875,16066.1953125,16066.1953125,18170832
2023-08-24,16066.1953125,16264.5439453125,15986.8564453125,16264.5439453125,12565661
2023-08-25,16224.8740234375,16304.212890625,15867.84765625,16026.5263671875,20252274
2023-08-28,16026.5263671875,16185.2041015625,15947.1865234375,16105.865234375,14631852
2023-08-29,16145.53515625,16581.900390625,16066.1953125,16542.23046875,20435285
2023-08-30,16581.900390625,16581.900390625,16343.8828125,16502.560546875,11788114
2023-08-31,16502.560546875,16700.91015625,16423.22265625,16621.5703125,18069621
2023-09-01,16621.5703125,16621.5703125,16621.5703125,16621.5703125,0
2023-09-04,16621.5703125,16621.5703125,16621.5703125,16621.5703125,0
2023-09-05,16819.91796875,16899.2578125,16621.5703125,16661.240234375,18269774
2023-09-06,16859.587890625,17295.953125,16581.900390625,17295.953125,29326346
2023-09-07,17375.29296875,17533.970703125,17216.615234375,17256.283203125,25927776
2023-09-08,17256.283203125,17375.29296875,17216.615234375,17295.953125,21132292
2023-09-11,17533.970703125,17692.650390625,17057.935546875,17375.29296875,47943112
2023-09-12,17375.29296875,17692.650390625,17216.615234375,17692.650390625,24940496
2023-09-13,17692.650390625,17890.998046875,17494.302734375,17811.658203125,38539190
2023-09-14,17771.98828125,17930.66796875,17454.6328125,17771.98828125,29079810
2023-09-15,17811.658203125,17970.337890625,17613.310546875,17890.998046875,30477227
2023-09-18,17851.328125,17851.328125,17375.29296875,17573.640625,22233639
2023-09-19,17494.302734375,17573.640625,17137.275390625,17375.29296875,17077426
2023-09-20,17295.953125,17494.302734375,17097.60546875,17375.29296875,17902617
2023-09-21,17216.615234375,17375.29296875,17176.9453125,17176.9453125,13828466
2023-09-22,16819.91796875,16938.927734375,16542.23046875,16859.587890625,24701523
2023-09-25,16819.91796875,16899.2578125,16185.2041015625,16185.2041015625,18191377
2023-09-26,16343.8828125,16423.22265625,16066.1953125,16224.8740234375,23890701
2023-09-27,16264.5439453125,16661.240234375,16105.865234375,16661.240234375,15976962
2023-09-28,16462.892578125,16978.59765625,16304.212890625,16819.91796875,16547676
2023-09-29,16899.2578125,17216.615234375,16740.578125,17216.615234375,10656265
2023-10-02,17137.275390625,17295.953125,16978.59765625,17295.953125,14208480
2023-10-03,17057.935546875,17137.275390625,16423.22265625,16661.240234375,16204970
2023-10-04,16264.5439453125,16859.587890625,16264.5439453125,16661.240234375,8791488
2023-10-05,16581.900390625,16740.578125,16502.560546875,16502.560546875,7161651
2023-10-06,16621.5703125,16700.91015625,16423.22265625,16621.5703125,10525687
2023-10-09,16661.240234375,16978.59765625,16462.892578125,16978.59765625,17143598
2023-10-10,16938.927734375,17137.275390625,16899.2578125,17137.275390625,14738230
2023-10-11,17137.275390625,17295.953125,16978.59765625,17295.953125,11253700
2023-10-12,17375.29296875,17375.29296875,17137.275390625,17335.623046875,13107385
2023-10-13,17176.9453125,17454.6328125,16978.59765625,17414.962890625,17285268
2023-10-16,17216.615234375,17851.328125,17216.615234375,17851.328125,32892678
2023-10-17,17811.658203125,18010.0078125,17613.310546875,18010.0078125,32739034
2023-10-18,17851.328125,18367.033203125,17256.283203125,17851.328125,50086188
2023-10-19,17613.310546875,17771.98828125,17018.265625,17018.265625,14457789
2023-10-20,17137.275390625,17533.970703125,17018.265625,17137.275390625,13619616
2023-10-23,17137.275390625,17216.615234375,16423.22265625,16700.91015625,17135405
2023-10-24,16542.23046875,16978.59765625,16542.23046875,16700.91015625,6894066
2023-10-25,16700.91015625,16859.587890625,16581.900390625,16661.240234375,6504599
2023-10-26,16423.22265625,16542.23046875,15510.8212890625,16026.5263671875,21885262
2023-10-27,16026.5263671875,16264.5439453125,15788.5078125,16026.5263671875,7175894
2023-10-30,15867.84765625,15986.8564453125,15709.1689453125,15788.5078125,6203992
2023-10-31,15709.1689453125,15907.517578125,15510.8212890625,15867.84765625,8745483
2023-11-01,15867.84765625,15947.1865234375,15709.1689453125,15709.1689453125,6063330
2023-11-02,15828.177734375,16185.2041015625,15748.8388671875,16105.865234375,7763119
2023-11-03,16224.8740234375,16264.5439453125,15709.1689453125,15709.1689453125,17056503
2023-11-06,16026.5263671875,16542.23046875,16026.5263671875,16502.560546875,12078764
2023-11-07,16581.900390625,16740.578125,16423.22265625,16423.22265625,7993396
2023-11-08,16502.560546875,16938.927734375,16343.8828125,16938.927734375,17121288
2023-11-09,16264.5439453125,16304.212890625,15867.84765625,15867.84765625,17140447
2023-11-10,15788.5078125,15788.5078125,15510.8212890625,15510.8212890625,15323313
2023-11-13,15510.8212890625,15629.830078125,15114.125,15233.1337890625,13190699
2023-11-14,15391.8125,15867.84765625,15312.47265625,15550.490234375,16011119
2023-11-15,15788.5078125,15986.8564453125,15709.1689453125,15828.177734375,22600292
2023-11-16,15669.4990234375,15867.84765625,15669.4990234375,15788.5078125,12483104
2023-11-17,15867.84765625,15867.84765625,15074.455078125,15312.47265625,19153574
2023-11-20,14995.1162109375,15788.5078125,14955.4462890625,15471.1513671875,14961197
2023-11-21,15550.490234375,15788.5078125,15471.1513671875,15590.16015625,10939858
2023-11-22,15590.16015625,15669.4990234375,15391.8125,15590.16015625,9226078
2023-11-23,15629.830078125,15669.4990234375,15193.4638671875,15193.4638671875,13354300
2023-11-24,15193.4638671875,15391.8125,15074.455078125,15233.1337890625,13672805
2023-11-27,15272.802734375,15431.4814453125,15193.4638671875,15233.1337890625,10092988
2023-11-28,15233.1337890625,15431.4814453125,15114.125,15352.142578125,7242822
2023-11-29,15391.8125,15391.8125,15272.802734375,15272.802734375,6904402
2023-11-30,15233.1337890625,15431.4814453125,15153.7939453125,15153.7939453125,8507770
2023-12-01,15233.1337890625,15352.142578125,15114.125,15312.47265625,6140593
2023-12-04,15312.47265625,15550.490234375,15272.802734375,15471.1513671875,13675830
2023-12-05,15471.1513671875,15510.8212890625,15193.4638671875,15193.4638671875,14501777
2023-12-06,15272.802734375,15431.4814453125,15193.4638671875,15391.8125,11940623
2023-12-07,15391.8125,15590.16015625,15193.4638671875,15590.16015625,21626121
2023-12-08,15590.16015625,15629.830078125,15312.47265625,15550.490234375,10511066
2023-12-11,15471.1513671875,15550.490234375,15233.1337890625,15391.8125,9674406
2023-12-12,15391.8125,15431.4814453125,15233.1337890625,15431.4814453125,8600788
2023-12-13,15352.142578125,15391.8125,15153.7939453125,15233.1337890625,12556712
2023-12-14,15233.1337890625,15312.47265625,15034.78515625,15074.455078125,11890585
2023-12-15,15074.455078125,15153.7939453125,14796.767578125,14836.4375,15241260
2023-12-18,14796.767578125,14836.4375,14320.732421875,14598.419921875,27860237
2023-12-19,14360.40234375,14519.080078125,14281.0625,14519.080078125,15007958
2023-12-20,14519.080078125,14558.75,14320.732421875,14479.4111328125,9724066
2023-12-21,14439.7412109375,14479.4111328125,14281.0625,14439.7412109375,12090738
2023-12-22,14439.7412109375,14558.75,14320.732421875,14400.0712890625,13057221
2023-12-25,14479.4111328125,14677.7587890625,14479.4111328125,14677.7587890625,10886290
2023-12-26,14677.7587890625,14717.4287109375,14479.4111328125,14677.7587890625,10591102
2023-12-27,14677.7587890625,14757.0986328125,14558.75,14677.7587890625,9672263
2023-12-28,14677.7587890625,14915.7763671875,14638.0888671875,14915.7763671875,13001637
2023-12-29,14915.7763671875,15233.1337890625,14836.4375,15233.1337890625,21440589
2024-01-01,15233.1337890625,15233.1337890625,15233.1337890625,15233.1337890625,0
2024-01-02,15233.1337890625,15233.1337890625,14955.4462890625,14955.4462890625,11089846
2024-01-03,14955.4462890625,15153.7939453125,14796.767578125,15153.7939453125,10361707
2024-01-04,15193.4638671875,15590.16015625,15034.78515625,15352.142578125,31915229
2024-01-05,15352.142578125,15431.4814453125,15153.7939453125,15233.1337890625,12486633
2024-01-08,15312.47265625,15391.8125,15193.4638671875,15272.802734375,11359826
2024-01-09,15272.802734375,15352.142578125,15153.7939453125,15193.4638671875,8131537
2024-01-10,15153.7939453125,15669.4990234375,15153.7939453125,15550.490234375,39787879
2024-01-11,15709.1689453125,15748.8388671875,15510.8212890625,15590.16015625,22608737
2024-01-12,15431.4814453125,15669.4990234375,15312.47265625,15590.16015625,31536098
2024-01-15,15709.1689453125,15709.1689453125,15352.142578125,15352.142578125,14293432
2024-01-16,15312.47265625,15431.4814453125,15233.1337890625,15431.4814453125,12091747
2024-01-17,15431.4814453125,15510.8212890625,15272.802734375,15312.47265625,15041989
2024-01-18,15391.8125,15510.8212890625,15312.47265625,15471.1513671875,10647821
2024-01-19,15510.8212890625,15669.4990234375,15510.8212890625,15629.830078125,20897730
2024-01-22,15748.8388671875,15828.177734375,15629.830078125,15709.1689453125,20336721
2024-01-23,15748.8388671875,15788.5078125,15590.16015625,15629.830078125,13816492
2024-01-24,15629.830078125,15709.1689453125,15510.8212890625,15590.16015625,9335733
2024-01-25,15590.16015625,15590.16015625,15590.16015625,15590.16015625,0
2024-01-26,15629.830078125,15669.4990234375,15590.16015625,15669.4990234375,9511435
2024-01-29,15669.4990234375,15669.4990234375,15510.8212890625,15669.4990234375,6093580
2024-01-30,15590.16015625,15748.8388671875,15590.16015625,15629.830078125,8577218
2024-01-31,15590.16015625,15629.830078125,15193.4638671875,15391.8125,25210350
2024-02-01,15352.142578125,15352.142578125,15153.7939453125,15193.4638671875,8201616
2024-02-02,15193.4638671875,15193.4638671875,15193.4638671875,15193.4638671875,0
2024-02-05,14955.4462890625,15431.4814453125,14955.4462890625,15233.1337890625,13524707
2024-02-06,15312.47265625,15391.8125,15233.1337890625,15312.47265625,7317438
2024-02-07,15352.142578125,15550.490234375,15312.47265625,15550.490234375,13514876
2024-02-08,15550.490234375,15550.490234375,15550.490234375,15550.490234375,0
2024-02-09,15550.490234375,15550.490234375,15550.490234375,15550.490234375,0
2024-02-12,15550.490234375,15550.490234375,15550.490234375,15550.490234375,0
2024-02-13,15550.490234375,15550.490234375,15550.490234375,15550.490234375,0
2024-02-14,15550.490234375,15550.490234375,15550.490234375,15550.490234375,0
2024-02-15,15550.490234375,15986.8564453125,15550.490234375,15709.1689453125,24404192
2024-02-16,15828.177734375,15828.177734375,15629.830078125,15748.8388671875,9232128
2024-02-19,15748.8388671875,15828.177734375,15590.16015625,15709.1689453125,13924888
2024-02-20,15629.830078125,15669.4990234375,15471.1513671875,15550.490234375,20475240
2024-02-21,15550.490234375,15867.84765625,15550.490234375,15669.4990234375,22157132
2024-02-22,15709.1689453125,15788.5078125,15550.490234375,15629.830078125,13286742
2024-02-23,15629.830078125,16066.1953125,15471.1513671875,15471.1513671875,53101846
2024-02-26,15510.8212890625,15510.8212890625,15233.1337890625,15272.802734375,16095818
2024-02-27,15352.142578125,15471.1513671875,15233.1337890625,15352.142578125,22387913
2024-02-28,15391.8125,15788.5078125,15391.8125,15788.5078125,26418706
2024-02-29,15947.1865234375,16026.5263671875,15590.16015625,15788.5078125,21572554
2024-03-01,15788.5078125,15788.5078125,15590.16015625,15590.16015625,12300219
2024-03-04,15709.1689453125,15709.1689453125,15550.490234375,15550.490234375,16371722
2024-03-05,15550.490234375,15669.4990234375,15510.8212890625,15669.4990234375,10201761
2024-03-06,15709.1689453125,15748.8388671875,15312.47265625,15391.8125,14557109
2024-03-07,15391.8125,15550.490234375,15391.8125,15431.4814453125,10103575
2024-03-08,15431.4814453125,15471.1513671875,15034.78515625,15074.455078125,37488890
2024-03-11,15034.78515625,15153.7939453125,14717.4287109375,14717.4287109375,20891806
2024-03-12,14717.4287109375,14876.107421875,14677.7587890625,14717.4287109375,13813341
2024-03-13,14796.767578125,15153.7939453125,14757.0986328125,15114.125,13846868
2024-03-14,15153.7939453125,15153.7939453125,14796.767578125,14915.7763671875,12078260
2024-03-15,14876.107421875,14915.7763671875,14717.4287109375,14796.767578125,17118137
2024-03-18,14796.767578125,14836.4375,14241.3935546875,14439.7412109375,29389115
2024-03-19,14439.7412109375,14677.7587890625,14360.40234375,14400.0712890625,15565942
2024-03-20,14439.7412109375,14796.767578125,14439.7412109375,14796.767578125,14500769
2024-03-21,14876.107421875,15034.78515625,14717.4287109375,14876.107421875,21278248
2024-03-22,14995.1162109375,15074.455078125,14796.767578125,14915.7763671875,18867209
2024-03-25,14915.7763671875,15193.4638671875,14796.767578125,14995.1162109375,24894491
2024-03-26,14995.1162109375,15550.490234375,14995.1162109375,15550.490234375,46852983
2024-03-27,15590.16015625,15669.4990234375,15352.142578125,15550.490234375,20444865
2024-03-28,15590.16015625,15709.1689453125,15471.1513671875,15590.16015625,18517067
2024-03-29,15629.830078125,15709.1689453125,15431.4814453125,15669.4990234375,25890216
2024-04-01,15550.490234375,15669.4990234375,15431.4814453125,15590.16015625,14729534
2024-04-02,15510.8212890625,15550.490234375,14995.1162109375,15510.8212890625,32567492
2024-04-03,15352.142578125,15471.1513671875,15272.802734375,15352.142578125,20506373
2024-04-04,15391.8125,15550.490234375,15233.1337890625,15312.47265625,15871970
2024-04-05,15153.7939453125,15431.4814453125,15074.455078125,15431.4814453125,13998496
2024-04-08,15431.4814453125,15431.4814453125,15153.7939453125,15391.8125,10623747
2024-04-09,15352.142578125,15391.8125,15193.4638671875,15352.142578125,11783702
2024-04-10,15391.8125,15828.177734375,15312.47265625,15352.142578125,36817091
2024-04-11,15352.142578125,15550.490234375,15312.47265625,15352.142578125,12043095
2024-04-12,15391.8125,15629.830078125,15391.8125,15629.830078125,22338631
2024-04-15,15550.490234375,15709.1689453125,14598.419921875,14757.0986328125,35727971
2024-04-16,14836.4375,15074.455078125,14677.7587890625,14876.107421875,29683925
2024-04-17,15034.78515625,15114.125,14400.0712890625,14400.0712890625,16630989
2024-04-18,14400.0712890625,14400.0712890625,14400.0712890625,14400.0712890625,0
2024-04-19,14400.0712890625,14677.7587890625,14241.3935546875,14360.40234375,19354736
2024-04-22,14598.419921875,14757.0986328125,14479.4111328125,14519.080078125,10944017
2024-04-23,14558.75,14757.0986328125,14281.0625,14598.419921875,19706894
2024-04-24,14677.7587890625,14876.107421875,14598.419921875,14757.0986328125,16476840
2024-04-25,14876.107421875,14876.107421875,14558.75,14757.0986328125,13383037
2024-04-26,14598.419921875,14757.0986328125,14519.080078125,14717.4287109375,10402419
2024-04-29,14717.4287109375,14717.4287109375,14717.4287109375,14717.4287109375,0
2024-04-30,14717.4287109375,14717.4287109375,14717.4287109375,14717.4287109375,0
2024-05-01,14717.4287109375,14717.4287109375,14717.4287109375,14717.4287109375,0
2024-05-02,14717.4287109375,14757.0986328125,14519.080078125,14519.080078125,7982053
2024-05-03,14598.419921875,14677.7587890625,14558.75,14598.419921875,13320521
2024-05-06,14677.7587890625,14876.107421875,14598.419921875,14876.107421875,14242007
2024-05-07,14876.107421875,14955.4462890625,14717.4287109375,14915.7763671875,9337120
2024-05-08,14796.767578125,14915.7763671875,14677.7587890625,14717.4287109375,13795822
2024-05-09,14796.767578125,14955.4462890625,14677.7587890625,14876.107421875,12289757
2024-05-10,14836.4375,14876.107421875,14598.419921875,14677.7587890625,13051423
2024-05-13,14717.4287109375,14995.1162109375,14638.0888671875,14915.7763671875,21090069
2024-05-14,15074.455078125,15312.47265625,14995.1162109375,15153.7939453125,26382028
2024-05-15,15272.802734375,15272.802734375,15114.125,15114.125,13238090
2024-05-16,15233.1337890625,15431.4814453125,15153.7939453125,15391.8125,26151247
2024-05-17,15391.8125,15431.4814453125,15272.802734375,15391.8125,15590646
2024-05-20,15510.8212890625,15748.8388671875,15471.1513671875,15709.1689453125,31828387
2024-05-21,15709.1689453125,15748.8388671875,15550.490234375,15709.1689453125,30314004
2024-05-22,14915.7763671875,14915.7763671875,14479.4111328125,14519.080078125,28451117
2024-05-23,14519.080078125,14677.7587890625,14400.0712890625,14677.7587890625,11806264
2024-05-24,14598.419921875,14677.7587890625,14281.0625,14281.0625,24654005
2024-05-27,14400.0712890625,14400.0712890625,14241.3935546875,14281.0625,9328297
2024-05-28,14360.40234375,14439.7412109375,14281.0625,14320.732421875,10595892
2024-05-29,14360.40234375,14360.40234375,14241.3935546875,14320.732421875,10449936
2024-05-30,14281.0625,14281.0625,14043.044921875,14241.3935546875,13181498
2024-05-31,14241.3935546875,14320.732421875,14201.7236328125,14281.0625,7193036
2024-06-03,14281.0625,14281.0625,14281.0625,14281.0625,0
2024-06-04,14598.419921875,14598.419921875,14400.0712890625,14439.7412109375,11517630
2024-06-05,14439.7412109375,14519.080078125,14360.40234375,14360.40234375,14875489
2024-06-06,14400.0712890625,14479.4111328125,14241.3935546875,14360.40234375,20939702
2024-06-07,14479.4111328125,14479.4111328125,14241.3935546875,14281.0625,12549906
2024-06-10,14320.732421875,14439.7412109375,14281.0625,14320.732421875,13229771
2024-06-11,14439.7412109375,14558.75,14320.732421875,14519.080078125,39173429
2024-06-12,14519.080078125,15391.8125,14400.0712890625,15391.8125,88143398
2024-06-13,15471.1513671875,15709.1689453125,15272.802734375,15431.4814453125,55779966
2024-06-14,15431.4814453125,15471.1513671875,14836.4375,14836.4375,45320072
2024-06-17,14836.4375,15114.125,14638.0888671875,14876.107421875,33675897
2024-06-18,14915.7763671875,15153.7939453125,14757.0986328125,14757.0986328125,44481899
2024-06-19,14796.767578125,15233.1337890625,14598.419921875,15074.455078125,64777280
2024-06-20,15193.4638671875,15709.1689453125,15074.455078125,15629.830078125,83240275
2024-06-21,15629.830078125,15748.8388671875,15352.142578125,15550.490234375,61726708
2024-06-24,15431.4814453125,15550.490234375,14955.4462890625,14955.4462890625,57062181
2024-06-25,14955.4462890625,15233.1337890625,14955.4462890625,15074.455078125,24619344
2024-06-26,15074.455078125,15153.7939453125,14717.4287109375,15074.455078125,34311648
2024-06-27,15074.455078125,15114.125,14836.4375,15074.455078125,31613361
2024-06-28,15034.78515625,15312.47265625,14757.0986328125,14796.767578125,52332996
2024-07-01,14796.767578125,15114.125,14677.7587890625,15074.455078125,20822105
2024-07-02,15074.455078125,15233.1337890625,14915.7763671875,15034.78515625,20700980
2024-07-03,15074.455078125,15233.1337890625,14876.107421875,15074.455078125,25371053
2024-07-04,15193.4638671875,15431.4814453125,15114.125,15114.125,33082243
2024-07-05,15114.125,15312.47265625,15074.455078125,15193.4638671875,23229867
2024-07-08,15233.1337890625,15312.47265625,15074.455078125,15114.125,20363442
2024-07-09,15233.1337890625,15431.4814453125,15074.455078125,15391.8125,40346493
2024-07-10,15471.1513671875,15510.8212890625,15233.1337890625,15233.1337890625,19112611
2024-07-11,15233.1337890625,15510.8212890625,15114.125,15114.125,31795742
2024-07-12,15153.7939453125,15233.1337890625,15034.78515625,15074.455078125,20233494
2024-07-15,15114.125,15153.7939453125,14836.4375,14915.7763671875,20332436
2024-07-16,14995.1162109375,15153.7939453125,14915.7763671875,15074.455078125,22033234
2024-07-17,15074.455078125,15391.8125,14915.7763671875,15074.455078125,43999792
2024-07-18,15074.455078125,15153.7939453125,14796.767578125,15114.125,20036870
2024-07-19,15074.455078125,15233.1337890625,14915.7763671875,14915.7763671875,21401012
2024-07-22,14915.7763671875,15114.125,14796.767578125,14915.7763671875,19973723
2024-07-23,14955.4462890625,14995.1162109375,14439.7412109375,14598.419921875,22548742
2024-07-24,14558.75,14757.0986328125,14439.7412109375,14677.7587890625,16847653
2024-07-25,14598.419921875,14677.7587890625,14519.080078125,14558.75,13182884
2024-07-26,14598.419921875,14677.7587890625,14519.080078125,14598.419921875,9766416
2024-07-29,14677.7587890625,14757.0986328125,14598.419921875,14598.419921875,7848071
2024-07-30,14598.419921875,14836.4375,14519.080078125,14717.4287109375,16133505
2024-07-31,14757.0986328125,15193.4638671875,14757.0986328125,15074.455078125,44156461
2024-08-01,15193.4638671875,15193.4638671875,14638.0888671875,14717.4287109375,19721893
2024-08-02,14677.7587890625,14876.107421875,14558.75,14876.107421875,17680785
2024-08-05,14598.419921875,14757.0986328125,14241.3935546875,14400.0712890625,36023663
2024-08-06,14558.75,14677.7587890625,14360.40234375,14558.75,16612209
2024-08-07,14598.419921875,14598.419921875,14281.0625,14281.0625,17063435
2024-08-08,14201.7236328125,14281.0625,13884.3662109375,14162.0537109375,27656429
2024-08-09,14162.0537109375,14360.40234375,14122.3837890625,14281.0625,13491937
2024-08-12,14281.0625,14400.0712890625,14122.3837890625,14400.0712890625,15927428
2024-08-13,14360.40234375,14439.7412109375,14241.3935546875,14400.0712890625,13414926
2024-08-14,14400.0712890625,14439.7412109375,14281.0625,14281.0625,10377084
2024-08-15,14281.0625,14360.40234375,14241.3935546875,14281.0625,9500847
2024-08-16,14320.732421875,14638.0888671875,14281.0625,14598.419921875,29735602
2024-08-19,14598.419921875,14757.0986328125,14598.419921875,14638.0888671875,15751096
2024-08-20,14638.0888671875,14796.767578125,14598.419921875,14757.0986328125,22996565
2024-08-21,14677.7587890625,14955.4462890625,14638.0888671875,14876.107421875,42607543
2024-08-22,14876.107421875,14955.4462890625,14757.0986328125,14876.107421875,16472429
2024-08-23,14915.7763671875,15074.455078125,14836.4375,14876.107421875,29983903
2024-08-26,14915.7763671875,15312.47265625,14915.7763671875,15074.455078125,49924855
2024-08-27,15153.7939453125,15193.4638671875,15034.78515625,15074.455078125,19406160
2024-08-28,15074.455078125,15153.7939453125,14995.1162109375,15034.78515625,17357237
2024-08-29,15034.78515625,15352.142578125,14995.1162109375,15034.78515625,29758163
2024-08-30,15153.7939453125,15153.7939453125,15034.78515625,15034.78515625,15086482
2024-09-02,15034.78515625,15034.78515625,15034.78515625,15034.78515625,0
2024-09-03,15034.78515625,15034.78515625,15034.78515625,15034.78515625,0
2024-09-04,14915.7763671875,14915.7763671875,14677.7587890625,14677.7587890625,29403484
2024-09-05,14717.4287109375,14717.4287109375,14519.080078125,14519.080078125,20048087
2024-09-06,14519.080078125,14638.0888671875,14439.7412109375,14638.0888671875,18927456
2024-09-09,14598.419921875,14638.0888671875,14479.4111328125,14558.75,19780124
2024-09-10,14598.419921875,14638.0888671875,14360.40234375,14400.0712890625,25946304
2024-09-11,14360.40234375,14519.080078125,14320.732421875,14479.4111328125,14762556
2024-09-12,14479.4111328125,14757.0986328125,14479.4111328125,14677.7587890625,28536447
2024-09-13,14677.7587890625,14717.4287109375,14519.080078125,14638.0888671875,11767569
2024-09-16,14598.419921875,14717.4287109375,14479.4111328125,14558.75,11279538
2024-09-17,14558.75,14796.767578125,14519.080078125,14796.767578125,12871563
2024-09-18,14796.767578125,14915.7763671875,14677.7587890625,14796.767578125,27896033
2024-09-19,14796.767578125,14915.7763671875,14796.767578125,14876.107421875,22015336
2024-09-20,14915.7763671875,15153.7939453125,14915.7763671875,15034.78515625,65851653
2024-09-23,15074.455078125,15233.1337890625,14995.1162109375,15074.455078125,36645298
2024-09-24,15074.455078125,15233.1337890625,15034.78515625,15233.1337890625,47407816
2024-09-25,15312.47265625,15510.8212890625,15233.1337890625,15431.4814453125,57868466
2024-09-26,15471.1513671875,15748.8388671875,15352.142578125,15550.490234375,69475837
2024-09-27,15629.830078125,15986.8564453125,15550.490234375,15669.4990234375,79234817
2024-09-30,15629.830078125,15986.8564453125,15590.16015625,15947.1865234375,33682955
2024-10-01,15947.1865234375,16105.865234375,15748.8388671875,15788.5078125,41659840
2024-10-02,15709.1689453125,15788.5078125,15550.490234375,15629.830078125,47366096
2024-10-03,15709.1689453125,16224.8740234375,15709.1689453125,15867.84765625,62854776
2024-10-04,15867.84765625,16224.8740234375,15828.177734375,15867.84765625,43166157
2024-10-07,15947.1865234375,15986.8564453125,15629.830078125,15867.84765625,32684332
2024-10-08,15867.84765625,15986.8564453125,15748.8388671875,15947.1865234375,35194691
2024-10-09,15867.84765625,16105.865234375,15867.84765625,16066.1953125,62506650
2024-10-10,16145.53515625,16423.22265625,16105.865234375,16304.212890625,57016555
2024-10-11,16264.5439453125,16423.22265625,16145.53515625,16423.22265625,27918720
2024-10-14,16502.560546875,16502.560546875,16185.2041015625,16383.552734375,28542623
2024-10-15,16264.5439453125,16700.91015625,16264.5439453125,16542.23046875,56439035
2024-10-16,16502.560546875,16581.900390625,16383.552734375,16542.23046875,22488116
2024-10-17,16542.23046875,16621.5703125,16423.22265625,16581.900390625,28702317
2024-10-18,16542.23046875,16621.5703125,16304.212890625,16304.212890625,30763466
2024-10-21,16304.212890625,16462.892578125,16185.2041015625,16383.552734375,22931276
2024-10-22,16343.8828125,16383.552734375,16105.865234375,16343.8828125,28136645
2024-10-23,16264.5439453125,16304.212890625,16105.865234375,16224.8740234375,20128123
2024-10-24,16185.2041015625,16224.8740234375,15867.84765625,15867.84765625,32833186
2024-10-25,15947.1865234375,16026.5263671875,15867.84765625,15947.1865234375,21351856
2024-10-28,15867.84765625,15947.1865234375,15788.5078125,15947.1865234375,14170289
2024-10-29,16026.5263671875,16105.865234375,15986.8564453125,16066.1953125,17841865
2024-10-30,16066.1953125,16145.53515625,15986.8564453125,16066.1953125,12601457
2024-10-31,16066.1953125,16224.8740234375,15986.8564453125,16224.8740234375,17538106
2024-11-01,16185.2041015625,16185.2041015625,15907.517578125,15986.8564453125,20927728
2024-11-04,15986.8564453125,16026.5263671875,15550.490234375,15629.830078125,38529863
2024-11-05,15510.8212890625,15709.1689453125,15510.8212890625,15629.830078125,12549276
2024-11-06,15669.4990234375,15828.177734375,15629.830078125,15748.8388671875,20463897
2024-11-07,15788.5078125,15828.177734375,15550.490234375,15629.830078125,16884457
2024-11-08,15709.1689453125,15709.1689453125,15312.47265625,15471.1513671875,30784641
2024-11-11,15431.4814453125,15431.4814453125,15034.78515625,15233.1337890625,35455218
2024-11-12,15272.802734375,15272.802734375,14995.1162109375,15153.7939453125,19050977
2024-11-13,15034.78515625,15352.142578125,14876.107421875,15352.142578125,25583558
2024-11-14,15153.7939453125,15233.1337890625,14915.7763671875,15074.455078125,15635895
2024-11-15,14955.4462890625,15034.78515625,14836.4375,14836.4375,21047971
2024-11-18,14757.0986328125,14995.1162109375,14638.0888671875,14836.4375,24650476
2024-11-19,14876.107421875,14915.7763671875,14677.7587890625,14677.7587890625,14074750
2024-11-20,14598.419921875,14995.1162109375,14598.419921875,14836.4375,22287458
2024-11-21,14836.4375,15233.1337890625,14757.0986328125,15233.1337890625,35108983
2024-11-22,15233.1337890625,15312.47265625,15114.125,15114.125,22762129
2024-11-25,15114.125,15233.1337890625,15114.125,15114.125,9641887
2024-11-26,15114.125,15391.8125,15114.125,15114.125,23141765
2024-11-27,15114.125,15233.1337890625,15074.455078125,15114.125,8700234
2024-11-28,15233.1337890625,15352.142578125,15114.125,15114.125,15097952
2024-11-29,15193.4638671875,15233.1337890625,15074.455078125,15193.4638671875,7573049
2024-12-02,15312.47265625,15312.47265625,15153.7939453125,15233.1337890625,7971591
2024-12-03,15193.4638671875,15233.1337890625,15074.455078125,15233.1337890625,13706458
2024-12-04,15114.125,15193.4638671875,15034.78515625,15074.455078125,10661307
2024-12-05,15074.455078125,15471.1513671875,14915.7763671875,15471.1513671875,39688811
2024-12-06,15471.1513671875,15471.1513671875,15312.47265625,15352.142578125,14662102
2024-12-09,15272.802734375,15510.8212890625,15233.1337890625,15391.8125,25151741
2024-12-10,15391.8125,15431.4814453125,15233.1337890625,15272.802734375,9127766
2024-12-11,15272.802734375,15312.47265625,15114.125,15272.802734375,16716066
2024-12-12,15272.802734375,15510.8212890625,15193.4638671875,15312.47265625,29032671
2024-12-13,15233.1337890625,15312.47265625,15153.7939453125,15193.4638671875,9768936
2024-12-16,15193.4638671875,15233.1337890625,15074.455078125,15153.7939453125,8560581
2024-12-17,15153.7939453125,15193.4638671875,15034.78515625,15034.78515625,10318349
2024-12-18,15074.455078125,15153.7939453125,15034.78515625,15074.455078125,6104167
2024-12-19,15034.78515625,15034.78515625,14757.0986328125,14915.7763671875,26609910
2024-12-20,14915.7763671875,14995.1162109375,14796.767578125,14995.1162109375,8367360
2024-12-23,15034.78515625,15193.4638671875,14995.1162109375,15034.78515625,9752803
2024-12-24,15034.78515625,15074.455078125,14876.107421875,15034.78515625,7459864
2024-12-25,15034.78515625,15312.47265625,14915.7763671875,15233.1337890625,18637184
2024-12-26,15272.802734375,15312.47265625,15114.125,15272.802734375,10350364
2024-12-27,15233.1337890625,15352.142578125,15153.7939453125,15272.802734375,20872774
2024-12-30,15233.1337890625,15272.802734375,15153.7939453125,15272.802734375,8417902
2024-12-31,15272.802734375,15272.802734375,15114.125,15233.1337890625,10289738
2025-01-01,15233.1337890625,15233.1337890625,15233.1337890625,15233.1337890625,0
2025-01-02,15153.7939453125,15233.1337890625,15034.78515625,15193.4638671875,10541316
2025-01-03,15153.7939453125,15153.7939453125,14876.107421875,14876.107421875,13362240
2025-01-06,14876.107421875,14995.1162109375,14836.4375,14915.7763671875,8718636
2025-01-07,14955.4462890625,14995.1162109375,14836.4375,14836.4375,8502602
2025-01-08,14836.4375,14995.1162109375,14796.767578125,14955.4462890625,6087530
2025-01-09,14995.1162109375,14995.1162109375,14796.767578125,14836.4375,5015046
2025-01-10,14836.4375,14876.107421875,14638.0888671875,14677.7587890625,8221026
2025-01-13,14638.0888671875,14677.7587890625,14479.4111328125,14519.080078125,10825538
2025-01-14,14479.4111328125,14558.75,14320.732421875,14400.0712890625,13877118
2025-01-15,14519.080078125,14677.7587890625,14439.7412109375,14598.419921875,7081867
2025-01-16,14519.080078125,14677.7587890625,14439.7412109375,14598.419921875,7081867
2025-01-17,14598.419921875,14638.0888671875,14519.080078125,14638.0888671875,5575677
2025-01-20,14598.419921875,14717.4287109375,14558.75,14598.419921875,8105447
2025-01-21,14677.7587890625,14677.7587890625,14479.4111328125,14598.419921875,13970514
2025-01-22,14598.419921875,14677.7587890625,14479.4111328125,14558.75,13612306
2025-01-23,14677.7587890625,14995.1162109375,14598.419921875,14995.1162109375,33372390
2025-01-24,14995.1162109375,15074.455078125,14915.7763671875,14995.1162109375,14124411
2025-01-27,14995.1162109375,14995.1162109375,14995.1162109375,14995.1162109375,0
2025-01-28,14995.1162109375,14995.1162109375,14995.1162109375,14995.1162109375,0
2025-01-29,14995.1162109375,14995.1162109375,14995.1162109375,14995.1162109375,0
2025-01-30,14995.1162109375,14995.1162109375,14995.1162109375,14995.1162109375,0
2025-01-31,14995.1162109375,14995.1162109375,14995.1162109375,14995.1162109375,0
2025-02-03,14915.7763671875,14915.7763671875,14677.7587890625,14677.7587890625,11971882
2025-02-04,14876.107421875,14915.7763671875,14717.4287109375,14876.107421875,14898050
2025-02-05,14876.107421875,15153.7939453125,14876.107421875,15114.125,16179258
2025-02-06,15153.7939453125,15233.1337890625,15034.78515625,15114.125,12586206
2025-02-07,15034.78515625,15233.1337890625,14995.1162109375,15034.78515625,11249793
2025-02-10,14995.1162109375,15153.7939453125,14876.107421875,14955.4462890625,17015540
2025-02-11,14955.4462890625,15193.4638671875,14915.7763671875,14995.1162109375,25651872
2025-02-12,15074.455078125,15153.7939453125,14915.7763671875,14995.1162109375,9832335
2025-02-13,14995.1162109375,15074.455078125,14915.7763671875,14995.1162109375,10489891
2025-02-14,15153.7939453125,15193.4638671875,15074.455078125,15074.455078125,14538833
2025-02-17,15074.455078125,15153.7939453125,14955.4462890625,14955.4462890625,15054972
2025-02-18,14955.4462890625,15233.1337890625,14876.107421875,15034.78515625,22829939
2025-02-19,15074.455078125,15153.7939453125,15034.78515625,15114.125,11668501
2025-02-20,15153.7939453125,15312.47265625,15074.455078125,15233.1337890625,23648954
2025-02-21,15193.4638671875,15550.490234375,15114.125,15431.4814453125,53300991
2025-02-24,15391.8125,15510.8212890625,15233.1337890625,15510.8212890625,28638288
2025-02-25,15510.8212890625,15550.490234375,15272.802734375,15352.142578125,17665281
2025-02-26,15352.142578125,15391.8125,15272.802734375,15272.802734375,14131847
2025-02-27,15272.802734375,15352.142578125,15114.125,15312.47265625,12032633
2025-02-28,15153.7939453125,15391.8125,15153.7939453125,15312.47265625,11641906
2025-03-03,15352.142578125,15352.142578125,15153.7939453125,15233.1337890625,11848866
2025-03-04,15153.7939453125,15233.1337890625,15034.78515625,15153.7939453125,24246640
2025-03-05,15153.7939453125,15352.142578125,15074.455078125,15074.455078125,20204756
2025-03-06,15114.125,15352.142578125,15114.125,15193.4638671875,26331485
2025-03-07,15233.1337890625,15431.4814453125,15193.4638671875,15272.802734375,26111166
2025-03-10,15391.8125,15590.16015625,15312.47265625,15391.8125,43007849
2025-03-11,15272.802734375,15669.4990234375,15233.1337890625,15629.830078125,47322360
2025-03-12,15709.1689453125,15709.1689453125,15471.1513671875,15550.490234375,34247493
2025-03-13,15590.16015625,15590.16015625,15233.1337890625,15272.802734375,20365081
2025-03-14,15312.47265625,15550.490234375,15233.1337890625,15550.490234375,22275989
2025-03-17,15669.4990234375,16185.2041015625,15550.490234375,16026.5263671875,90176188
2025-03-18,16066.1953125,16105.865234375,15709.1689453125,15709.1689453125,32741807
2025-03-19,15669.4990234375,15669.4990234375,15391.8125,15431.4814453125,37104843
2025-03-20,15550.490234375,15629.830078125,15391.8125,15550.490234375,23619334
2025-03-21,15550.490234375,15590.16015625,15391.8125,15471.1513671875,11810171
2025-03-24,15471.1513671875,15590.16015625,15272.802734375,15550.490234375,21181322
2025-03-25,15590.16015625,15629.830078125,15431.4814453125,15471.1513671875,14856331
2025-03-26,15471.1513671875,15590.16015625,15312.47265625,15352.142578125,11915289
2025-03-27,15272.802734375,15431.4814453125,15272.802734375,15272.802734375,8431641
2025-03-28,15272.802734375,15391.8125,15233.1337890625,15272.802734375,14033787
2025-03-31,15193.4638671875,15272.802734375,15074.455078125,15074.455078125,18608825
2025-04-01,15193.4638671875,15233.1337890625,15074.455078125,15193.4638671875,11001240
2025-04-02,15193.4638671875,15352.142578125,15153.7939453125,15193.4638671875,14370443
2025-04-03,14439.7412109375,14717.4287109375,14162.0537109375,14162.0537109375,51186778
2025-04-04,13328.9921875,13844.697265625,13209.9833984375,13844.697265625,58999810
2025-04-07,13844.697265625,13844.697265625,13844.697265625,13844.697265625,0
2025-04-08,13487.669921875,13646.3486328125,12892.6259765625,12892.6259765625,31129490
2025-04-09,12059.564453125,13090.974609375,12019.89453125,12654.6083984375,70718854
2025-04-10,13527.33984375,13527.33984375,13527.33984375,13527.33984375,2099087
2025-04-11,13487.669921875,14003.375,13328.9921875,13844.697265625,75673023
2025-04-14,13884.3662109375,14043.044921875,13686.0185546875,13725.6884765625,36433170
2025-04-15,13646.3486328125,13686.0185546875,13368.6611328125,13408.3310546875,24723076
2025-04-16,13368.6611328125,13487.669921875,13249.65234375,13328.9921875,17416602
2025-04-17,13328.9921875,13328.9921875,12971.96484375,13130.6435546875,27244653
2025-04-18,13209.9833984375,13686.0185546875,13209.9833984375,13448.0009765625,20771689
2025-04-21,13408.3310546875,13527.33984375,13249.65234375,13249.65234375,15226513
2025-04-22,13170.3134765625,13328.9921875,12337.2509765625,13170.3134765625,38657417
2025-04-23,13487.669921875,13487.669921875,13249.65234375,13249.65234375,13807669
2025-04-24,13328.9921875,13448.0009765625,13209.9833984375,13209.9833984375,16159343
2025-04-25,13249.65234375,13289.322265625,13051.3046875,13090.974609375,31268261
2025-04-28,13249.65234375,13249.65234375,13090.974609375,13130.6435546875,12526210
2025-04-29,13170.3134765625,13249.65234375,13090.974609375,13130.6435546875,17968536
2025-04-30,13130.6435546875,13130.6435546875,13130.6435546875,13130.6435546875,0
2025-05-01,13130.6435546875,13130.6435546875,13130.6435546875,13130.6435546875,0
2025-05-02,13130.6435546875,13130.6435546875,13130.6435546875,13130.6435546875,0
2025-05-05,13249.65234375,13289.322265625,13090.974609375,13170.3134765625,9570296
2025-05-06,13249.65234375,13289.322265625,13090.974609375,13170.3134765625,9570296
2025-05-07,13249.65234375,13646.3486328125,13209.9833984375,13408.3310546875,31908297
2025-05-08,13448.0009765625,13487.669921875,13328.9921875,13487.669921875,12901308
2025-05-09,13527.33984375,13646.3486328125,13448.0009765625,13487.669921875,19428470
2025-05-12,13567.009765625,13844.697265625,13448.0009765625,13765.357421875,46043800
2025-05-13,13567.009765625,13844.697265625,13448.0009765625,13765.357421875,46043800
2025-05-14,14003.375,14043.044921875,13844.697265625,14043.044921875,34979413
2025-05-15,14122.3837890625,14995.1162109375,14082.71484375,14995.1162109375,120471286
2025-05-16,14796.767578125,14915.7763671875,14479.4111328125,14717.4287109375,69412439
2025-05-19,14281.0625,14955.4462890625,14122.3837890625,14439.7412109375,81483011
2025-05-20,14281.0625,14955.4462890625,14122.3837890625,14439.7412109375,81483011
2025-05-21,14439.7412109375,14717.4287109375,14400.0712890625,14439.7412109375,35087430
2025-05-22,14519.080078125,14915.7763671875,14479.4111328125,14638.0888671875,86096491
2025-05-23,14677.7587890625,14836.4375,14439.7412109375,14519.080078125,51594521
2025-05-26,14360.40234375,14439.7412109375,13725.6884765625,14400.0712890625,30985299
2025-05-27,14360.40234375,14439.7412109375,13725.6884765625,14400.0712890625,30985299
2025-05-28,14400.0712890625,14519.080078125,14320.732421875,14360.40234375,28974566
2025-05-29,14439.7412109375,14519.080078125,14281.0625,14281.0625,16464867
2025-05-30,14360.40234375,14717.4287109375,14281.0625,14400.0712890625,58493125
2025-06-02,14241.3935546875,14400.0712890625,14122.3837890625,14281.0625,17001423
2025-06-03,14241.3935546875,14400.0712890625,14122.3837890625,14281.0625,17001423
2025-06-04,14281.0625,14281.0625,14281.0625,14281.0625,0
2025-06-05,14281.0625,14281.0625,14281.0625,14281.0625,0
2025-06-06,14439.7412109375,14598.419921875,14320.732421875,14360.40234375,15951375
2025-06-09,14082.71484375,14201.7236328125,14003.375,14162.0537109375,17665534
2025-06-10,14082.71484375,14201.7236328125,14003.375,14162.0537109375,17665534
2025-06-11,14201.7236328125,14439.7412109375,14162.0537109375,14241.3935546875,25557341
2025-06-12,14320.732421875,14320.732421875,14201.7236328125,14281.0625,8564614
2025-06-13,14320.732421875,14519.080078125,14320.732421875,14439.7412109375,27581560
2025-06-16,14400.0712890625,14915.7763671875,14400.0712890625,14915.7763671875,90399784
2025-06-17,14400.0712890625,14915.7763671875,14400.0712890625,14915.7763671875,90399784
2025-06-18,14995.1162109375,15074.455078125,14757.0986328125,14915.7763671875,44140958
2025-06-19,14915.7763671875,15034.78515625,14677.7587890625,14677.7587890625,29759171
2025-06-20,14677.7587890625,14876.107421875,14677.7587890625,14677.7587890625,22651843
2025-06-23,14558.75,14677.7587890625,14479.4111328125,14598.419921875,22951443
2025-06-24,14558.75,14677.7587890625,14479.4111328125,14598.419921875,22951443
2025-06-25,14717.4287109375,14876.107421875,14638.0888671875,14717.4287109375,53842211
2025-06-26,14757.0986328125,14836.4375,14598.419921875,14598.419921875,21650699
2025-06-27,14677.7587890625,14717.4287109375,14558.75,14558.75,13782461
2025-06-30,14717.4287109375,14796.767578125,14677.7587890625,14677.7587890625,14554589
2025-07-01,14717.4287109375,14796.767578125,14677.7587890625,14677.7587890625,14554589
2025-07-02,14677.7587890625,14757.0986328125,14598.419921875,14638.0888671875,21502853
2025-07-03,14638.0888671875,14757.0986328125,14558.75,14757.0986328125,23163444
2025-07-04,14717.4287109375,14955.4462890625,14677.7587890625,14796.767578125,59432383
2025-07-07,14995.1162109375,15352.142578125,14995.1162109375,15312.47265625,67649755
2025-07-08,14995.1162109375,15352.142578125,14995.1162109375,15312.47265625,67649755
2025-07-09,15352.142578125,15550.490234375,15114.125,15550.490234375,57200196
2025-07-10,15709.1689453125,15986.8564453125,15629.830078125,15907.517578125,83743431
2025-07-11,15986.8564453125,16066.1953125,15788.5078125,15986.8564453125,46311763
2025-07-14,16066.1953125,16819.91796875,16026.5263671875,16661.240234375,79883046
2025-07-15,16066.1953125,16819.91796875,16026.5263671875,16661.240234375,79883046
2025-07-16,16780.248046875,16819.91796875,16462.892578125,16462.892578125,61481684
2025-07-17,16462.892578125,16661.240234375,16264.5439453125,16542.23046875,39656796
2025-07-18,16661.240234375,16899.2578125,16462.892578125,16581.900390625,62311413
2025-07-21,17137.275390625,17851.328125,16938.927734375,17692.650390625,91491174
2025-07-22,17137.275390625,17851.328125,16938.927734375,17692.650390625,91491174
2025-07-23,17573.640625,17930.66796875,17295.953125,17851.328125,52590876
2025-07-24,18089.345703125,18724.060546875,17851.328125,18525.712890625,93208483
2025-07-25,18962.078125,18962.078125,18367.033203125,18644.720703125,59438181
2025-07-28,19319.103515625,19953.818359375,19041.416015625,19914.1484375,72051108
2025-07-29,19319.103515625,19953.818359375,19041.416015625,19914.1484375,72051108
2025-07-30,19914.1484375,20469.5234375,18684.390625,18724.060546875,104695989
2025-07-31,18882.73828125,20033.158203125,18644.720703125,20033.158203125,89457376
2025-08-01,20469.5234375,20707.541015625,20271.17578125,20469.5234375,69569360
2025-08-04,20033.158203125,20945.55859375,20033.158203125,20945.55859375,48181834
2025-08-05,20033.158203125,20945.55859375,20033.158203125,20945.55859375,48181834
2025-08-06,21143.90625,21937.298828125,20310.845703125,21024.8984375,90447302
2025-08-07,21064.568359375,21500.93359375,20866.21875,21500.93359375,35765909
2025-08-08,22095.978515625,22968.708984375,21738.951171875,22968.708984375,78859845
2025-08-11,23405.07421875,23762.1015625,23008.37890625,23484.4140625,42574520
2025-08-12,23405.07421875,23762.1015625,23008.37890625,23484.4140625,42574520
2025-08-13,23484.4140625,23643.091796875,23167.056640625,23484.4140625,44782129
2025-08-14,23246.396484375,23444.744140625,22214.986328125,22849.701171875,54810332
2025-08-15,23325.736328125,24436.484375,23167.056640625,24436.484375,87382866
2025-08-18,25428.2265625,25824.921875,25071.19921875,25388.556640625,58776592
2025-08-19,25428.2265625,25824.921875,25071.19921875,25388.556640625,58776592
2025-08-20,25943.9296875,27134.01953125,25943.9296875,27134.01953125,27281457
2025-08-21,28244.767578125,28998.4921875,26737.322265625,28998.4921875,95235097
2025-08-22,29355.517578125,30862.962890625,29117.5,30664.615234375,64820260
2025-08-25,28522.455078125,28562.125,26538.974609375,26578.64453125,85675388
2025-08-26,28522.455078125,28562.125,26538.974609375,26578.64453125,85675388
2025-08-27,26221.6171875,27253.02734375,25983.599609375,27213.359375,60460248
2025-08-28,27372.037109375,27530.71484375,25785.251953125,26419.966796875,72155848
2025-08-29,26261.287109375,27134.01953125,25864.591796875,26975.33984375,46659510
2025-09-01,26975.33984375,26975.33984375,26975.33984375,26975.33984375,0
2025-09-02,26975.33984375,26975.33984375,26975.33984375,26975.33984375,0
2025-09-03,27887.7421875,28086.08984375,27253.02734375,27372.037109375,36070172
2025-09-04,27887.7421875,28086.08984375,27253.02734375,27372.037109375,36070172
2025-09-05,27530.71484375,27768.732421875,26816.662109375,27689.39453125,56512895
2025-09-08,26419.966796875,26459.634765625,24753.841796875,24753.841796875,73196065
2025-09-09,26419.966796875,26459.634765625,24753.841796875,24753.841796875,73196065
2025-09-10,24991.859375,25824.921875,24872.8515625,25705.912109375,50036024
2025-09-11,26062.939453125,26142.279296875,25229.876953125,25745.58203125,27782344
2025-09-12,25428.2265625,25666.244140625,24158.796875,25586.904296875,55948609
2025-09-15,24991.859375,25547.234375,24555.494140625,25031.529296875,80830244
2025-09-16,24991.859375,25547.234375,24555.494140625,25031.529296875,80830244
2025-09-17,25031.529296875,26062.939453125,24991.859375,25150.5390625,88496691
2025-09-18,25150.5390625,25348.88671875,24595.1640625,24595.1640625,33626867
2025-09-19,24674.501953125,24793.51171875,24039.7890625,24436.484375,33584769
2025-09-22,24079.458984375,24119.12890625,23246.396484375,23405.07421875,68322058
2025-09-23,24079.458984375,24119.12890625,23246.396484375,23405.07421875,68322058
2025-09-24,23484.4140625,24317.4765625,23484.4140625,23722.431640625,34194303
2025-09-25,23881.111328125,25071.19921875,23444.744140625,25071.19921875,51082668
2025-09-26,25150.5390625,25269.546875,24515.82421875,24555.494140625,38485623
2025-09-29,24198.466796875,24753.841796875,23841.44140625,24674.501953125,41688704
2025-09-30,24198.466796875,24753.841796875,23841.44140625,24674.501953125,41688704
2025-10-01,24793.51171875,24793.51171875,24039.7890625,24674.501953125,36428633
2025-10-02,24674.501953125,25031.529296875,24476.154296875,24515.82421875,20954070
2025-10-03,24674.501953125,24991.859375,23920.779296875,23920.779296875,39670535
2025-10-06,24000.119140625,25031.529296875,23801.771484375,25031.529296875,53994343
2025-10-07,24000.119140625,25031.529296875,23801.771484375,25031.529296875,53994343
2025-10-08,25309.216796875,25309.216796875,24515.82421875,24634.833984375,33657999
2025-10-09,24912.521484375,25110.869140625,24357.146484375,24674.501953125,31976485
2025-10-10,24833.181640625,25467.89453125,24674.501953125,25467.89453125,49320993
2025-10-13,25071.19921875,25269.546875,24793.51171875,25150.5390625,45045807
2025-10-14,25071.19921875,25269.546875,24793.51171875,25150.5390625,45045807
2025-10-15,25309.216796875,26062.939453125,25309.216796875,25785.251953125,71937419
2025-10-16,25983.599609375,27491.044921875,25983.599609375,26737.322265625,116780174
2025-10-17,26816.662109375,26896.001953125,26340.626953125,26340.626953125,38751947
2025-10-20,25031.529296875,25229.876953125,23603.423828125,23603.423828125,66341323
2025-10-21,25031.529296875,25229.876953125,23603.423828125,23603.423828125,66341323
2025-10-22,23405.07421875,24317.4765625,22492.673828125,24079.458984375,68193622
2025-10-23,24158.796875,24158.796875,23325.736328125,24158.796875,33671989
2025-10-24,24198.466796875,24436.484375,23801.771484375,23801.771484375,18088653
2025-10-27,23405.07421875,23643.091796875,22453.00390625,22453.00390625,30134396
2025-10-28,23405.07421875,23643.091796875,22453.00390625,22453.00390625,30134396
2025-10-29,22373.6640625,23365.40625,22254.65625,23365.40625,33679804
2025-10-30,23563.75390625,24039.7890625,23365.40625,23682.76171875,31614748
2025-10-31,24000.119140625,24000.119140625,22968.708984375,23167.056640625,24055184
2025-11-03,23048.048828125,23048.048828125,21897.62890625,21897.62890625,29198415
2025-11-04,21857.958984375,23405.07421875,21619.94140625,23405.07421875,40301244
2025-11-05,21857.958984375,23405.07421875,21619.94140625,23405.07421875,40301244
2025-11-06,23167.056640625,23167.056640625,22532.34375,22611.68359375,16682666
2025-11-07,22572.013671875,22611.68359375,21659.611328125,21818.291015625,30171452
2025-11-10,21738.951171875,22373.6640625,21738.951171875,21818.291015625,21197960
2025-11-11,22016.638671875,22056.30859375,21738.951171875,21818.291015625,18676887
2025-11-12,21937.298828125,22453.00390625,21818.291015625,22214.986328125,20512170
2025-11-13,22453.00390625,22492.673828125,22016.638671875,22016.638671875,16212911
2025-11-14,21897.62890625,22373.6640625,21897.62890625,22056.30859375,14851919
2025-11-17,22175.31640625,22532.34375,22095.978515625,22294.326171875,15218447
2025-11-18,22453.00390625,22849.701171875,22333.99609375,22849.701171875,23770583
2025-11-19,22770.361328125,22810.03125,22294.326171875,22294.326171875,21207161
2025-11-20,22413.333984375,22810.03125,22214.986328125,22651.3515625,24639006
2025-11-21,22492.673828125,22770.361328125,22214.986328125,22651.3515625,22894850
2025-11-24,22651.3515625,23167.056640625,22532.34375,23008.37890625,22836745
2025-11-25,22968.708984375,23008.37890625,22294.326171875,22373.6640625,18374136
2025-11-26,22373.6640625,23087.71875,22373.6640625,23008.37890625,23711974
2025-11-27,23048.048828125,23405.07421875,22849.701171875,23087.71875,18752511
2025-11-28,23087.71875,23206.7265625,22770.361328125,23206.7265625,15005059
2025-12-01,23048.048828125,23444.744140625,22889.369140625,23246.396484375,14939392
2025-12-02,23206.7265625,23206.7265625,22770.361328125,22929.0390625,13123645
2025-12-03,23127.388671875,24039.7890625,23008.37890625,24000.119140625,37896003
2025-12-04,24079.458984375,24158.796875,23722.431640625,24000.119140625,21269551
2025-12-05,24000.119140625,24039.7890625,23643.091796875,23682.76171875,15774036
2025-12-08,23643.091796875,24000.119140625,23444.744140625,23563.75390625,19777099
2025-12-09,23524.083984375,23563.75390625,22532.34375,22810.03125,31856620
2025-12-10,22810.03125,23087.71875,22611.68359375,23008.37890625,11701650
2025-12-11,22968.708984375,23008.37890625,22333.99609375,22333.99609375,13828844
2025-12-12,22294.326171875,22373.6640625,21064.568359375,21064.568359375,26489793
2025-12-15,21104.236328125,21818.291015625,21104.236328125,21818.291015625,23073829
2025-12-16,21778.62109375,22453.00390625,21262.916015625,22413.333984375,14892000
2025-12-17,22373.6640625,22453.00390625,22056.30859375,22214.986328125,7955332
2025-12-18,22373.6640625,22453.00390625,22056.30859375,22214.986328125,7955332
2025-12-19,22413.333984375,22572.013671875,22214.986328125,22572.013671875,12473021
2025-12-22,22572.013671875,23008.37890625,22294.326171875,23008.37890625,17524494
2025-12-23,23087.71875,23325.736328125,22651.3515625,22770.361328125,15407634
2025-12-24,22691.021484375,23246.396484375,22532.34375,23246.396484375,19267263
2025-12-25,22691.021484375,23246.396484375,22532.34375,23246.396484375,19267263
2025-12-26,22373.6640625,22889.369140625,21699.28125,22333.99609375,34262492
2025-12-29,22333.99609375,22453.00390625,22056.30859375,22214.986328125,25646704
2025-12-30,22135.646484375,23087.71875,22135.646484375,22770.361328125,29146234
2025-12-31,22770.361328125,23008.37890625,22651.3515625,22730.69140625,28397172
2026-01-01,22730.69140625,22730.69140625,22730.69140625,22730.69140625,0
2026-01-02,22730.69140625,22730.69140625,22730.69140625,22730.69140625,0
2026-01-05,22730.69140625,22849.701171875,21857.958984375,22135.646484375,20411212
2026-01-06,22095.978515625,22929.0390625,21937.298828125,22889.369140625,27300741
2026-01-07,23127.388671875,23603.423828125,23087.71875,23206.7265625,43110447
2026-01-08,23246.396484375,23603.423828125,23008.37890625,23206.7265625,37752568
2026-01-09,23206.7265625,23524.083984375,22373.6640625,22413.333984375,47404287
2026-01-12,22611.68359375,23960.44921875,22333.99609375,23960.44921875,62630422
2026-01-13,24833.181640625,24952.189453125,24039.7890625,24198.466796875,53203309
2026-01-14,24238.13671875,24436.484375,23167.056640625,23405.07421875,56402609
2026-01-15,23286.06640625,23325.736328125,22810.03125,23008.37890625,43636416
2026-01-16,23246.396484375,23365.40625,22889.369140625,22929.0390625,31486312
2026-01-19,22968.708984375,23643.091796875,22929.0390625,23524.083984375,38791776
2026-01-20,23920.779296875,24555.494140625,23563.75390625,23603.423828125,61378961
2026-01-21,23524.083984375,23524.083984375,23008.37890625,23048.048828125,42958189
2026-01-22,23087.71875,23325.736328125,23048.048828125,23167.056640625,24950201
2026-01-23,23167.056640625,23246.396484375,22611.68359375,22611.68359375,39189814
2026-01-26,22691.021484375,22730.69140625,21897.62890625,22016.638671875,40926281
2026-01-27,22056.30859375,22294.326171875,21976.96875,22056.30859375,16191862
2026-01-28,22175.31640625,22453.00390625,21937.298828125,22016.638671875,17912952
2026-01-29,22214.986328125,22333.99609375,21937.298828125,21937.298828125,10394352
2026-01-30,22016.638671875,22214.986328125,21857.958984375,22214.986328125,19964522
2026-02-02,22095.978515625,22214.986328125,21619.94140625,21897.62890625,17840857
2026-02-03,22095.978515625,22214.986328125,21818.291015625,21818.291015625,19326376
2026-02-04,21818.291015625,22056.30859375,21619.94140625,22016.638671875,21074187
2026-02-05,22214.986328125,22254.65625,21738.951171875,21738.951171875,12187034
2026-02-06,21580.2734375,21619.94140625,21262.916015625,21262.916015625,22860945
2026-02-09,21421.59375,21540.603515625,21143.90625,21223.24609375,11054429
2026-02-10,21183.576171875,21659.611328125,20905.888671875,21104.236328125,13961439
2026-02-11,21262.916015625,22453.00390625,21262.916015625,22453.00390625,35609114
2026-02-12,22492.673828125,22611.68359375,22333.99609375,22413.333984375,10260622
2026-02-13,22294.326171875,22453.00390625,22135.646484375,22453.00390625,16266226
2026-02-16,22453.00390625,22453.00390625,22453.00390625,22453.00390625,0
2026-02-17,22453.00390625,22453.00390625,22453.00390625,22453.00390625,0
2026-02-18,22453.00390625,22453.00390625,22453.00390625,22453.00390625,0
2026-02-19,22453.00390625,22453.00390625,22453.00390625,22453.00390625,0
2026-02-20,22453.00390625,22453.00390625,22453.00390625,22453.00390625,0
2026-02-23,22572.013671875,23127.388671875,22453.00390625,22849.701171875,19492246
2026-02-24,22770.361328125,23127.388671875,22651.3515625,23008.37890625,22814940
2026-02-25,23008.37890625,23405.07421875,22849.701171875,22889.369140625,25390715
2026-02-26,23008.37890625,23167.056640625,22889.369140625,22929.0390625,17561424
2026-02-27,23048.048828125,23365.40625,22810.03125,22968.708984375,22691042
2026-03-02,22413.333984375,22770.361328125,22175.31640625,22254.65625,31087140
2026-03-03,22413.333984375,22770.361328125,22175.31640625,22254.65625,31087140
2026-03-04,21699.28125,21937.298828125,21024.8984375,21540.603515625,33502338
2026-03-05,21778.62109375,22294.326171875,21381.923828125,21421.59375,27036055
2026-03-06,21421.59375,21421.59375,21143.90625,21143.90625,19479138
2026-03-09,19676.130859375,19993.48828125,19676.130859375,19676.130859375,40801123
2026-03-10,20628.201171875,20628.201171875,19676.130859375,20231.505859375,38293914
2026-03-11,20231.505859375,21024.8984375,20152.166015625,20985.228515625,21800184
2026-03-12,20509.193359375,20786.880859375,20231.505859375,20429.853515625,16144848
2026-03-13,20152.166015625,20628.201171875,19834.80859375,20350.513671875,17475968
2026-03-16,20390.18359375,20429.853515625,20152.166015625,20231.505859375,9411610
2026-03-17,20469.5234375,20945.55859375,20390.18359375,20390.18359375,11752192
2026-03-18,20588.53125,20747.2109375,20152.166015625,20310.845703125,11686021
2026-03-19,20033.158203125,20469.5234375,19795.140625,20310.845703125,30239262
2026-03-20,20072.826171875,20548.86328125,19874.478515625,19874.478515625,20139845
2026-03-23,19755.470703125,19755.470703125,18962.078125,19041.416015625,28659841
2026-03-24,19398.443359375,20350.513671875,19239.765625,20033.158203125,37810925
2026-03-25,20588.53125,20945.55859375,20271.17578125,20866.21875,27657059
2026-03-26,20866.21875,21024.8984375,20509.193359375,20786.880859375,24485614
2026-03-27,20628.201171875,21064.568359375,20548.86328125,20985.228515625,14196758
2026-03-30,20350.513671875,20945.55859375,20271.17578125,20707.541015625,20849330
2026-03-31,20945.55859375,21342.25390625,20826.55078125,21183.576171875,24423224
2026-04-01,21659.611328125,21699.28125,21262.916015625,21262.916015625,12967858
2026-04-02,21104.236328125,21104.236328125,20628.201171875,20826.55078125,14420985
2026-04-03,20866.21875,20945.55859375,20429.853515625,20469.5234375,21122083
2026-04-06,20469.5234375,20588.53125,20231.505859375,20310.845703125,13981858
2026-04-07,20310.845703125,20707.541015625,20231.505859375,20667.87109375,14405104
2026-04-08,21580.2734375,22016.638671875,21143.90625,21897.62890625,31396697
2026-04-09,21699.28125,21818.291015625,21461.263671875,21500.93359375,14938888
2026-04-10,21818.291015625,22135.646484375,21659.611328125,21659.611328125,18211039
2026-04-13,21421.59375,21580.2734375,21262.916015625,21342.25390625,17087383
2026-04-14,21659.611328125,22016.638671875,21500.93359375,21699.28125,18217341
2026-04-15,22095.978515625,22095.978515625,21619.94140625,21699.28125,15414441
2026-04-16,21659.611328125,22135.646484375,21421.59375,21897.62890625,19426453
2026-04-17,22056.30859375,22611.68359375,21937.298828125,22413.333984375,32352718
2026-04-20,22611.68359375,22611.68359375,22254.65625,22254.65625,18726043
2026-04-21,22214.986328125,22413.333984375,21857.958984375,21857.958984375,16104137
2026-04-22,21897.62890625,22095.978515625,21738.951171875,21857.958984375,17204728
2026-04-23,21937.298828125,22294.326171875,21738.951171875,21738.951171875,16263201
2026-04-24,21738.951171875,21897.62890625,21580.2734375,21619.94140625,10975905
2026-04-27,21619.94140625,21619.94140625,21619.94140625,21619.94140625,0
2026-04-28,21619.94140625,21778.62109375,21421.59375,21421.59375,9733141
2026-04-29,21262.916015625,21421.59375,21024.8984375,21024.8984375,23685002
2026-04-30,21024.8984375,21024.8984375,21024.8984375,21024.8984375,0
2026-05-01,21024.8984375,21024.8984375,21024.8984375,21024.8984375,0
2026-05-04,21183.576171875,21540.603515625,21183.576171875,21381.923828125,7863196
2026-05-05,21342.25390625,22214.986328125,21024.8984375,22214.986328125,28037199
2026-05-06,22135.646484375,22294.326171875,21857.958984375,22214.986328125,23455229
2026-05-07,22214.986328125,22413.333984375,22056.30859375,22333.99609375,22848341
2026-05-08,22294.326171875,22453.00390625,22135.646484375,22175.31640625,19848438
2026-05-11,22135.646484375,22294.326171875,22056.30859375,22056.30859375,18776837
2026-05-12,22016.638671875,22135.646484375,21818.291015625,22095.978515625,18358381
2026-05-13,22214.986328125,22333.99609375,21976.96875,22016.638671875,16594689
2026-05-14,22016.638671875,22730.69140625,22016.638671875,22730.69140625,31864183
2026-05-15,22373.6640625,22413.333984375,21857.958984375,21857.958984375,16063174
2026-05-18,21778.62109375,21818.291015625,21500.93359375,21778.62109375,19193151
2026-05-19,21818.291015625,21818.291015625,21223.24609375,21223.24609375,24227482
2026-05-20,21183.576171875,21262.916015625,20350.513671875,21183.576171875,30512393
2026-05-21,21342.25390625,21540.603515625,21064.568359375,21421.59375,13066674
2026-05-22,21421.59375,21421.59375,21064.568359375,21262.916015625,9850737
2026-05-25,21262.916015625,21659.611328125,21262.916015625,21421.59375,10208567
2026-05-26,21421.59375,22056.30859375,21342.25390625,21897.62890625,19001190
2026-05-27,21937.298828125,22413.333984375,21857.958984375,22254.65625,26797585
2026-05-28,22254.65625,22294.326171875,21659.611328125,21659.611328125,16178123
2026-05-29,21580.2734375,21738.951171875,21461.263671875,21500.93359375,15801891
2026-06-01,21421.59375,21580.2734375,21381.923828125,21381.923828125,8834846
2026-06-02,21381.923828125,21500.93359375,20786.880859375,20985.228515625,20601786
2026-06-03,20945.55859375,21223.24609375,20707.541015625,20985.228515625,15552708
2026-06-04,21064.568359375,21104.236328125,20826.55078125,21024.8984375,9708185
2026-06-05,21024.8984375,21183.576171875,20866.21875,20985.228515625,8695319
2026-06-08,20747.2109375,20826.55078125,20310.845703125,20310.845703125,17802540
2026-06-09,20310.845703125,20667.87109375,20310.845703125,20548.86328125,11624639
2026-06-10,20509.193359375,20747.2109375,20469.5234375,20667.87109375,12909753
2026-06-11,20548.86328125,20667.87109375,20390.18359375,20628.201171875,10980317
2026-06-12,21024.8984375,21024.8984375,20588.53125,20628.201171875,15713662
2026-06-15,21024.8984375,21024.8984375,20628.201171875,20826.55078125,24544223
2026-06-16,21024.8984375,21143.90625,20786.880859375,20905.888671875,16504696
2026-06-17,20905.888671875,21262.916015625,20826.55078125,21024.8984375,19715213
2026-06-18,21024.8984375,21064.568359375,20826.55078125,20945.55859375,12724473
2026-06-19,20866.21875,20945.55859375,20509.193359375,20548.86328125,18057773
2026-06-22,20548.86328125,20667.87109375,20469.5234375,20628.201171875,7822989
2026-06-23,20747.2109375,21619.94140625,20667.87109375,21064.568359375,29170434
2026-06-24,21064.568359375,21262.916015625,20786.880859375,21064.568359375,15963223
2026-06-25,20985.228515625,21302.5859375,20985.228515625,21183.576171875,7423565
2026-06-26,21223.24609375,21223.24609375,20905.888671875,21223.24609375,9854644
2026-06-29,21262.916015625,21540.603515625,21262.916015625,21461.263671875,15999019
2026-06-30,21500.93359375,21540.603515625,21421.59375,21421.59375,8421684
2026-07-01,21500.93359375,21540.603515625,21421.59375,21421.59375,8421684
2026-07-02,22095.978515625,22214.986328125,21778.62109375,21976.96875,15696142
2026-07-03,21976.96875,22095.978515625,21778.62109375,22056.30859375,14600594
2026-07-06,22056.30859375,22175.31640625,21381.923828125,21778.62109375,18379934
2026-07-07,21699.28125,21976.96875,21619.94140625,21897.62890625,10148194
2026-07-08,21897.62890625,22294.326171875,21818.291015625,22016.638671875,22693185
2026-07-09,21937.298828125,21976.96875,21619.94140625,21619.94140625,12373700
2026-07-10,21580.2734375,21619.94140625,21183.576171875,21183.576171875,17748847
2026-07-13,20985.228515625,20985.228515625,20469.5234375,20945.55859375,27633489
2026-07-14,20826.55078125,21024.8984375,20548.86328125,21024.8984375,18229189
2026-07-15,21024.8984375,21024.8984375,20469.5234375,20469.5234375,16331641
2026-07-16,20469.5234375,20826.55078125,19874.478515625,20628.201171875,28251594
2026-07-17,20588.53125,21064.568359375,20390.18359375,20509.193359375,14420103
2026-07-20,20509.193359375,20628.201171875,19517.453125,19834.80859375,28457167
2026-07-21,19676.130859375,20191.8359375,19676.130859375,20112.49609375,17246699
2026-07-22,20112.49609375,20271.17578125,19398.443359375,19834.80859375,33272439
2026-07-23,19715.80078125,19953.818359375,19041.416015625,19834.80859375,24155639
2026-07-24,19358.7734375,19795.140625,19319.103515625,19795.140625,15636273
2026-07-27,19755.470703125,19834.80859375,19319.103515625,19477.783203125,16005951
2026-07-28,19120.755859375,19596.791015625,19001.748046875,19517.453125,15183533
2026-07-29,19319.103515625,19477.783203125,19200.095703125,19319.103515625,12673930
2026-07-30,19438.11328125,19874.478515625,19358.7734375,19834.80859375,16590151
2026-07-31,19993.48828125,20231.505859375,19676.130859375,19676.130859375,15256889
2026-08-03,19755.470703125,20310.845703125,19755.470703125,20231.505859375,17136413
2026-08-04,20310.845703125,20350.513671875,20112.49609375,20350.513671875,14371829
2026-08-05,20310.845703125,20628.201171875,20231.505859375,20231.505859375,17629486
2026-08-06,20231.505859375,20231.505859375,19834.80859375,19953.818359375,17713429
2026-08-07,19755.470703125,19914.1484375,19557.12109375,19834.80859375,30485672
2026-08-10,19914.1484375,20509.193359375,19914.1484375,20509.193359375,22537650
2026-08-11,20548.86328125,20628.201171875,20231.505859375,20231.505859375,12589231
2026-08-12,20271.17578125,20469.5234375,20112.49609375,20390.18359375,9446397
2026-08-13,20429.853515625,20469.5234375,19993.48828125,20112.49609375,17443575
2026-08-14,19914.1484375,20112.49609375,19715.80078125,19914.1484375,17552853
2026-08-17,19755.470703125,19993.48828125,19636.4609375,19636.4609375,15205969
2026-08-18,19636.4609375,19795.140625,19438.11328125,19755.470703125,23740838
2026-08-19,19676.130859375,19795.140625,19517.453125,19715.80078125,12387817
2026-08-20,19755.470703125,19874.478515625,19676.130859375,19755.470703125,12757495
2026-08-21,19755.470703125,20390.18359375,19636.4609375,20390.18359375,17538358
2026-08-24,20707.541015625,21024.8984375,20548.86328125,20905.888671875,24299830
2026-08-25,20866.21875,21143.90625,20747.2109375,20945.55859375,20556285
2026-08-26,20826.55078125,21262.916015625,20707.541015625,21223.24609375,20668335
2026-08-27,21183.576171875,21778.62109375,21183.576171875,21738.951171875,37765298
2026-08-28,21500.93359375,22135.646484375,21500.93359375,22056.30859375,36144158
2026-08-31,22056.30859375,22056.30859375,22056.30859375,22056.30859375,0
2026-09-01,22056.30859375,22056.30859375,22056.30859375,22056.30859375,0
2026-09-02,22056.30859375,22056.30859375,22056.30859375,22056.30859375,0
2026-09-03,21738.951171875,21818.291015625,21381.923828125,21381.923828125,27469132
2026-09-04,21381.923828125,22056.30859375,21381.923828125,22056.30859375,26960178
2026-09-07,22135.646484375,22373.6640625,21659.611328125,21659.611328125,18788685
2026-09-08,21659.611328125,21857.958984375,21461.263671875,21738.951171875,17518948
2026-09-09,21738.951171875,21738.951171875,21738.951171875,21738.951171875,0
2026-09-10,21659.611328125,21897.62890625,21540.603515625,21818.291015625,16665524
2026-09-11,21778.62109375,21897.62890625,21302.5859375,21381.923828125,27595047
2026-09-14,21381.923828125,21778.62109375,21302.5859375,21580.2734375,32399353
2026-09-15,21738.951171875,22056.30859375,21659.611328125,21937.298828125,28130595
2026-09-16,21937.298828125,21976.96875,21659.611328125,21897.62890625,22130537
2026-09-17,21699.28125,22373.6640625,21699.28125,22373.6640625,40035801
2026-09-18,22453.00390625,23048.048828125,21778.62109375,21778.62109375,61889175
2026-09-21,22095.978515625,22572.013671875,21897.62890625,22572.013671875,41959944
2026-09-22,22492.673828125,22532.34375,22095.978515625,22214.986328125,20376676
2026-09-23,22214.986328125,22214.986328125,22214.986328125,22214.986328125,0
2026-09-24,22250.0,22550.0,22100.0,22100.0,21317700
2026-09-25,22000.0,23600.0,22000.0,23000.0,46844000
2026-09-28,23150.0,23200.0,22450.0,22950.0,20503800
2026-09-29,23000.0,23000.0,22700.0,22950.0,16588300
2026-09-30,22950.0,23400.0,22900.0,23400.0,16774900
2026-10-01,23400.0,23500.0,23250.0,23300.0,22441643
