Date,ACB,BCM,BID,BVH,CTG,FPT,GAS,GVR,HDB,HPG,MBB,MSN,MWG,PLX,POW,SAB,SHB,SSB,SSI,STB,TCB,TPB,VCB,VHM,VIB,VIC,VJC,VNM,VPB,VRE,E1VFVN30,FUEVN100,FUEVFVND,GC
2021-10-01,14663.1943359375,44000.0,21175.44140625,57900.0,18407.478515625,46275.1953125,82095.9453125,36100.0,9659.017578125,28289.892578125,11394.45703125,116666.6640625,63100.0,51900.0,10252.1005859375,77100.0,12145.390625,16023.8173828125,22132.181640625,24700.0,49000.0,17992.73828125,63638.22265625,38500.0,14496.87109375,43850.0,99076.921875,89800.0,17686.87109375,28200.0,24570.0,15150.0,25090.0,1758.4000244140625
2021-10-04,14430.4443359375,44500.0,21230.017578125,59500.0,17757.802734375,47121.99609375,82492.546875,37100.0,9367.498046875,29402.416015625,11249.1728515625,117666.6640625,63100.0,53800.0,10630.251953125,77500.0,13122.60546875,16023.8173828125,21793.423828125,24300.0,48350.0,17739.318359375,62775.5546875,39000.0,14053.0888671875,43900.0,101384.6171875,90200.0,17437.76171875,28250.0,24570.0,15150.0,25090.0,1767.5999755859375
2021-10-05,14663.1943359375,44400.0,21448.3203125,59900.0,18252.794921875,47022.37109375,86458.53125,37500.0,9522.9755859375,29296.4609375,11373.7021484375,117666.6640625,63400.0,53900.0,10714.2861328125,80250.0,13448.3447265625,16068.5146484375,22809.69921875,25750.0,49100.0,17950.501953125,63439.14453125,39700.0,14560.2685546875,44300.0,100615.3828125,89600.0,17327.044921875,28450.0,24500.0,15150.0,25090.0,1760.9000244140625
2021-10-06,14663.1943359375,44400.0,21448.3203125,59900.0,18252.794921875,47022.37109375,86458.53125,37500.0,9522.9755859375,29296.4609375,11373.7021484375,117666.6640625,63400.0,53900.0,10714.2861328125,80250.0,13448.3447265625,16068.5146484375,22809.69921875,25750.0,49100.0,17950.501953125,63439.14453125,39700.0,14560.2685546875,44300.0,100615.3828125,89600.0,17327.044921875,28450.0,24500.0,15150.0,25090.0,1761.800048828125
2021-10-07,14523.5439453125,45000.0,21366.45703125,61900.0,18159.984375,46972.5625,88044.9296875,38200.0,9367.498046875,29455.392578125,11477.4775390625,118083.3359375,64000.0,54000.0,10630.251953125,79300.0,13448.3447265625,16806.01171875,22979.078125,25500.0,50000.0,17739.318359375,64235.453125,40000.0,14518.00390625,44400.0,99076.921875,88800.0,18856.29296875,29300.0,24600.0,15150.0,25090.0,1759.199951171875
2021-10-08,14523.5439453125,45000.0,21366.45703125,61900.0,18159.984375,46972.5625,88044.9296875,38200.0,9367.498046875,29455.392578125,11477.4775390625,118083.3359375,64000.0,54000.0,10630.251953125,79300.0,13448.3447265625,16806.01171875,22979.078125,25500.0,50000.0,17802.673828125,64368.171875,39950.0,14623.666015625,44650.0,99153.84375,89600.0,18988.5234375,29150.0,24900.0,15150.0,25090.0,1757.4000244140625
2021-10-11,14523.5439453125,45000.0,21366.45703125,61900.0,18159.984375,46972.5625,88044.9296875,38200.0,9367.498046875,29455.392578125,11477.4775390625,118083.3359375,64000.0,54000.0,10630.251953125,79300.0,13448.3447265625,16806.01171875,22979.078125,25500.0,50000.0,17802.673828125,64368.171875,39950.0,14623.666015625,44650.0,99153.84375,89600.0,18988.5234375,29150.0,24900.0,15150.0,25090.0,1755.699951171875
2021-10-12,15175.2421875,44700.0,21966.791015625,61900.0,19057.154296875,49313.71875,88838.125,37800.0,9931.1025390625,30197.076171875,11934.0859375,121250.0,66050.0,55000.0,10672.2685546875,81500.0,14053.287109375,16984.80078125,23374.294921875,26600.0,53000.0,18034.974609375,64368.171875,40450.0,15257.6396484375,46450.0,101923.078125,90400.0,19411.666015625,30800.0,25450.0,15150.0,25090.0,1759.300048828125
2021-10-13,15175.2421875,46500.0,21775.77734375,60000.0,18995.28125,49512.96484375,88044.9296875,37500.0,9989.40625,30091.12109375,11871.8212890625,119250.0,66950.0,53800.0,10504.2021484375,80500.0,13960.21875,17536.53515625,23148.45703125,26250.0,52400.0,17908.265625,64368.171875,40000.0,15299.904296875,46550.0,103000.0,90100.0,19491.005859375,30400.0,25400.0,15150.0,25090.0,1794.699951171875
2021-10-14,15175.2421875,46500.0,21775.77734375,60000.0,18995.28125,49512.96484375,88044.9296875,37500.0,9989.40625,30091.12109375,11871.8212890625,119250.0,66950.0,53800.0,10504.2021484375,80500.0,13960.21875,17536.53515625,23148.45703125,26250.0,52400.0,17908.265625,64368.171875,40000.0,15299.904296875,46550.0,103000.0,90100.0,19491.005859375,30400.0,25400.0,15150.0,25090.0,1797.9000244140625
2021-10-15,14989.04296875,45250.0,21557.47265625,59800.0,18964.34375,49263.90625,88838.125,38200.0,9969.9716796875,30356.0078125,11788.80078125,117500.0,66200.0,53600.0,10336.134765625,81400.0,12820.134765625,17702.197265625,23007.306640625,26850.0,52600.0,18393.984375,64036.375,39350.0,15511.2294921875,46300.0,101307.6953125,90000.0,19834.80859375,30500.0,25340.0,15150.0,25090.0,1768.300048828125
2021-10-18,14989.04296875,45250.0,21557.47265625,59800.0,18964.34375,49263.90625,88838.125,38200.0,9969.9716796875,30356.0078125,11788.80078125,117500.0,66200.0,53600.0,10336.134765625,81400.0,12820.134765625,17702.197265625,23007.306640625,26850.0,52600.0,18393.984375,64036.375,39350.0,15511.2294921875,46300.0,101307.6953125,90000.0,19834.80859375,30500.0,25340.0,15150.0,25090.0,1765.699951171875
2021-10-19,15035.5927734375,44550.0,21857.640625,61400.0,18747.78515625,49114.46875,90821.1171875,37500.0,9892.2333984375,30303.03125,11705.78125,117500.0,64850.0,54800.0,10336.134765625,79250.0,13029.5380859375,17607.533203125,23091.99609375,26200.0,52700.0,18541.8125,63970.015625,39700.0,15384.4345703125,46200.0,104000.0,90300.0,20363.73828125,30300.0,25680.0,15150.0,25090.0,1770.5
2021-10-20,15035.5927734375,44800.0,21693.912109375,60500.0,18562.1640625,48616.3515625,90821.1171875,37500.0,9736.755859375,30144.09765625,11705.78125,119250.0,64600.0,53900.0,10336.134765625,77600.0,13169.1396484375,17607.533203125,22753.23828125,26300.0,53200.0,18626.28515625,63040.9921875,39400.0,15468.9638671875,46150.0,104538.4609375,90000.0,20257.951171875,30950.0,25770.0,15150.0,25090.0,1784.9000244140625
2021-10-21,14779.568359375,45000.0,21557.47265625,60000.0,18407.478515625,48168.046875,88996.765625,37100.0,9561.8447265625,30303.03125,11581.251953125,116833.3359375,63500.0,53500.0,10126.05078125,76000.0,12796.8671875,17512.869140625,22414.48046875,26100.0,52900.0,18457.33984375,62377.40234375,38950.0,15595.7587890625,45500.0,101384.6171875,89100.0,19861.255859375,30600.0,25450.0,15150.0,25090.0,1781.9000244140625
2021-10-22,14709.744140625,46150.0,21448.3203125,60300.0,18345.60546875,47918.984375,88917.4453125,38300.0,9542.41015625,30038.14453125,11581.251953125,116750.0,63800.0,52900.0,10168.0673828125,78250.0,12843.4013671875,17347.20703125,22132.181640625,26200.0,52300.0,18246.15625,62576.48046875,39000.0,15595.7587890625,45900.0,101384.6171875,90500.0,19676.130859375,30650.0,25500.0,15150.0,25090.0,1796.300048828125
2021-10-25,14709.744140625,46150.0,21448.3203125,60300.0,18345.60546875,47918.984375,88917.4453125,38300.0,9542.41015625,30038.14453125,11581.251953125,116750.0,63800.0,52900.0,10168.0673828125,78250.0,12843.4013671875,17347.20703125,22132.181640625,26200.0,52300.0,18246.15625,62576.48046875,39000.0,15595.7587890625,45900.0,101384.6171875,90500.0,19676.130859375,30650.0,25500.0,15150.0,25090.0,1806.800048828125
2021-10-26,14709.744140625,46150.0,21448.3203125,60300.0,18345.60546875,47918.984375,88917.4453125,38300.0,9542.41015625,30038.14453125,11581.251953125,116750.0,63800.0,52900.0,10168.0673828125,78250.0,12843.4013671875,17347.20703125,22132.181640625,26200.0,51000.0,17950.501953125,62377.40234375,39350.0,15553.494140625,46100.0,101923.078125,89600.0,19596.791015625,30600.0,25380.0,15150.0,25090.0,1793.4000244140625
2021-10-27,14709.744140625,46150.0,21448.3203125,60300.0,18345.60546875,47918.984375,88917.4453125,38300.0,9542.41015625,30038.14453125,11581.251953125,116750.0,63800.0,52900.0,10168.0673828125,78250.0,12843.4013671875,17347.20703125,22132.181640625,26500.0,51500.0,18288.392578125,63770.94140625,40500.0,15680.2890625,47500.0,103076.921875,90400.0,20072.826171875,31200.0,25460.0,15150.0,25090.0,1798.800048828125
2021-10-28,14826.1181640625,53300.0,21748.48828125,65600.0,19366.5234375,48815.59765625,99149.6953125,40050.0,9931.1025390625,30726.849609375,11830.310546875,126416.6640625,66000.0,54800.0,10714.2861328125,82300.0,12703.798828125,17891.525390625,23035.537109375,26700.0,51800.0,18752.994140625,64965.40234375,40500.0,15722.5537109375,47500.0,102692.3046875,90600.0,20416.630859375,31000.0,25930.0,15150.0,25090.0,1802.5999755859375
2021-10-29,15361.44140625,53000.0,22648.990234375,64700.0,19490.271484375,48267.66796875,98753.09375,39800.0,9814.4951171875,30250.052734375,11830.310546875,125750.0,65700.0,54100.0,10630.251953125,80250.0,13006.2705078125,17560.201171875,22866.158203125,26600.0,51600.0,18943.05859375,65031.7578125,42750.0,15638.0244140625,47900.0,101538.4609375,90700.0,20125.720703125,31200.0,25710.0,15150.0,25090.0,1783.9000244140625
2021-11-01,15361.44140625,53000.0,22648.990234375,64700.0,19490.271484375,48267.66796875,98753.09375,39800.0,9814.4951171875,30250.052734375,11830.310546875,125750.0,65700.0,54100.0,10630.251953125,80250.0,13006.2705078125,17560.201171875,22866.158203125,26600.0,51600.0,18943.05859375,65031.7578125,42750.0,15638.0244140625,47900.0,101538.4609375,90700.0,20125.720703125,31200.0,25690.0,15150.0,25090.0,1795.800048828125
2021-11-02,15431.265625,55000.0,23194.75,64800.0,20170.884765625,48317.48046875,97483.9765625,42100.0,9950.537109375,29879.2109375,11830.310546875,123916.6640625,64950.0,54800.0,11008.4033203125,82750.0,13448.3447265625,17631.19921875,23995.3515625,26800.0,51800.0,18668.521484375,65031.7578125,42600.0,15828.2158203125,48000.0,101538.4609375,90000.0,19940.595703125,31200.0,25690.0,15150.0,25090.0,1789.4000244140625
2021-11-03,15757.1142578125,53000.0,23494.916015625,63500.0,20418.380859375,47869.17578125,95183.703125,39300.0,10572.4462890625,29455.392578125,12100.125,121250.0,64400.0,53000.0,10588.2353515625,86300.0,13332.0087890625,18104.51953125,23543.673828125,27900.0,53700.0,18668.521484375,65496.2734375,41450.0,16356.5283203125,47650.0,99846.15625,88200.0,20310.845703125,31700.0,25690.0,15150.0,25090.0,1763.9000244140625
2021-11-04,15594.1904296875,52900.0,24013.38671875,63500.0,20170.884765625,47819.36328125,92883.4296875,39950.0,10514.1416015625,29826.234375,11996.3505859375,123250.0,64950.0,52700.0,10630.251953125,85900.0,14192.8896484375,17796.861328125,24277.6484375,27450.0,53300.0,18478.45703125,65297.1953125,41350.0,16187.4677734375,47500.0,99692.3046875,88400.0,20099.2734375,31550.0,25650.0,15150.0,25090.0,1793.5
2021-11-05,15594.1904296875,54000.0,23795.083984375,64000.0,20232.7578125,48616.3515625,97087.375,40100.0,10378.099609375,29985.166015625,11892.576171875,123166.6640625,66000.0,53900.0,10924.3701171875,86000.0,14658.2294921875,17796.861328125,24221.189453125,27650.0,53000.0,18372.865234375,64699.96484375,41000.0,16060.673828125,47500.0,100000.0,89200.0,20072.826171875,31200.0,25960.0,15150.0,25090.0,1816.800048828125
2021-11-08,15547.640625,56000.0,23958.8125,63500.0,20294.6328125,48516.7265625,97563.296875,40700.0,10494.70703125,30091.12109375,11830.310546875,126666.6640625,65800.0,54700.0,11008.4033203125,86850.0,14425.5595703125,17796.861328125,25124.54296875,27850.0,52600.0,18499.576171875,65164.4765625,41200.0,15912.74609375,47450.0,101384.6171875,90800.0,19861.255859375,30850.0,25950.0,15150.0,25090.0,1828.0
2021-11-09,15570.9150390625,56000.0,23467.62890625,64800.0,20387.443359375,48018.609375,94549.1484375,40600.0,10766.7919921875,29932.189453125,11871.8212890625,123166.6640625,65000.0,54500.0,10798.3193359375,87000.0,13541.412109375,17796.861328125,25011.625,28100.0,52300.0,18330.62890625,64434.52734375,41500.0,16060.673828125,47450.0,100769.234375,89800.0,19596.791015625,30400.0,25690.0,15150.0,25090.0,1830.800048828125
2021-11-10,15547.640625,54200.0,23467.62890625,64500.0,20109.01171875,48317.48046875,95500.984375,41100.0,10883.400390625,29296.4609375,11871.8212890625,123083.3359375,65750.0,58300.0,11008.4033203125,87000.0,13541.412109375,17631.19921875,25237.462890625,28450.0,51700.0,18584.048828125,64766.32421875,41300.0,16018.408203125,47450.0,99769.234375,89700.0,19411.666015625,30900.0,25710.0,15150.0,25090.0,1848.300048828125
2021-11-11,15361.44140625,54100.0,23358.4765625,63200.0,19768.705078125,47819.36328125,94390.5078125,41900.0,10766.7919921875,28607.755859375,11664.271484375,122416.6640625,67500.0,59800.0,10840.3359375,86000.0,13982.849609375,17489.203125,24926.935546875,27700.0,51500.0,18161.68359375,65230.8359375,40750.0,15976.1435546875,47400.0,98923.078125,89600.0,19305.880859375,30300.0,25690.0,15150.0,25090.0,1863.9000244140625
2021-11-12,15524.365234375,54700.0,23576.78125,62800.0,20232.7578125,48815.59765625,93676.6328125,41400.0,10883.400390625,28925.619140625,11851.06640625,124666.6640625,68000.0,60000.0,10882.3525390625,86000.0,13924.0986328125,17607.533203125,25181.00390625,28100.0,52500.0,18372.865234375,65164.4765625,41000.0,16187.4677734375,47250.0,98923.078125,89300.0,19438.11328125,30100.0,25890.0,15150.0,25090.0,1868.5
2021-11-15,15547.640625,55200.0,23358.4765625,62700.0,20109.01171875,48466.91796875,94311.1875,40500.0,11213.7890625,28395.845703125,11871.8212890625,128333.3359375,69700.0,60100.0,11638.6552734375,85000.0,13924.0986328125,17536.53515625,25858.51953125,27950.0,52000.0,18562.9296875,64832.68359375,42000.0,16208.6005859375,47500.0,97692.3046875,89000.0,19120.755859375,30200.0,25800.0,15150.0,25090.0,1866.5999755859375
2021-11-16,15431.265625,56400.0,23358.4765625,64600.0,20047.13671875,48965.03515625,92566.15625,39350.0,10844.53125,27548.208984375,11892.576171875,126666.6640625,68950.0,58800.0,11806.72265625,85300.0,13865.3466796875,17441.87109375,25265.693359375,28050.0,52000.0,18457.33984375,64500.88671875,41500.0,16081.8056640625,47400.0,98384.6171875,88600.0,19120.755859375,30050.0,25500.0,15150.0,25090.0,1854.0999755859375
2021-11-17,15501.0908203125,59000.0,23795.083984375,64200.0,19954.326171875,48965.03515625,93121.390625,40000.0,10805.662109375,27230.345703125,11913.3310546875,125416.6640625,68950.0,62100.0,11890.755859375,85250.0,13894.72265625,17441.87109375,25886.75,28000.0,52200.0,18267.275390625,65031.7578125,41750.0,16208.6005859375,48150.0,98384.6171875,88800.0,19120.755859375,30450.0,25520.0,15150.0,25090.0,1870.199951171875
2021-11-18,15128.6923828125,59200.0,24286.267578125,64200.0,19892.453125,48068.421875,90265.8828125,39850.0,10980.5732421875,26462.173828125,11747.291015625,123333.3359375,69500.0,61000.0,12310.9248046875,84100.0,13571.5888671875,17205.2109375,27693.45703125,27650.0,51500.0,18140.56640625,64368.171875,41400.0,15976.1435546875,47250.0,97307.6953125,88000.0,18724.060546875,31100.0,25400.0,15150.0,25090.0,1861.4000244140625
2021-11-19,15128.6923828125,57000.0,24231.69140625,61100.0,20294.6328125,47470.6796875,84078.9375,37700.0,11738.5244140625,25429.1171875,11747.291015625,122833.3359375,69500.0,59400.0,11722.689453125,83550.0,13659.716796875,17276.208984375,27382.9296875,27900.0,52300.0,18372.865234375,64368.171875,40250.0,16483.322265625,47400.0,98307.6953125,86100.0,19147.203125,30500.0,25500.0,15150.0,25090.0,1851.5999755859375
2021-11-22,15896.763671875,53900.0,24859.314453125,60200.0,21346.48828125,47321.2421875,80985.46875,35600.0,12554.779296875,25773.46875,12120.8798828125,124916.6640625,69300.0,55900.0,10966.38671875,84000.0,14159.1044921875,17489.203125,27439.388671875,28800.0,53100.0,19639.9609375,65562.6328125,40500.0,17624.4765625,47400.0,98461.5390625,86200.0,19411.666015625,29900.0,25250.0,15150.0,25090.0,1806.300048828125
2021-11-23,15803.6640625,55000.0,24395.41796875,62400.0,21098.9921875,48118.234375,82968.4609375,37500.0,12360.43359375,26250.265625,11996.3505859375,130416.6640625,71500.0,57000.0,11596.638671875,84000.0,13982.849609375,17489.203125,29359.017578125,28500.0,52600.0,20569.162109375,65761.7109375,41250.0,17709.005859375,47400.0,101538.4609375,86300.0,19173.6484375,30150.0,25600.0,15150.0,25090.0,1783.800048828125
2021-11-24,16455.361328125,54100.0,25132.193359375,62800.0,21903.353515625,48765.7890625,81699.34375,37200.0,13021.2109375,25773.46875,12826.5478515625,130833.3359375,72000.0,57000.0,11428.5712890625,84000.0,14658.4912109375,18696.171875,30036.533203125,30450.0,55500.0,20738.109375,69544.1640625,41850.0,18934.689453125,47050.0,101692.3046875,87500.0,19729.0234375,31100.0,26200.0,15150.0,25090.0,1784.300048828125
2021-11-25,16362.2626953125,54700.0,24750.162109375,63100.0,21748.66796875,49811.8359375,82413.2265625,37800.0,12632.5185546875,26091.33203125,12826.5478515625,131250.0,72500.0,58000.0,11638.6552734375,82500.0,14658.4912109375,19406.15234375,31052.806640625,30650.0,54900.0,20780.345703125,71070.421875,41950.0,18871.291015625,47000.0,101538.4609375,87500.0,20099.2734375,30850.0,26200.0,15150.0,25090.0,1784.300048828125
2021-11-26,16106.23828125,54000.0,24804.73828125,62200.0,21222.740234375,49263.90625,80906.1484375,36950.0,12185.521484375,25985.37890625,12577.48828125,131250.0,70750.0,56800.0,11386.5546875,80100.0,14658.4912109375,19311.48828125,30205.912109375,30850.0,54000.0,20062.32421875,69676.8828125,41650.0,19019.21875,49250.0,99615.3828125,88300.0,20733.98828125,30400.0,26340.0,15150.0,25090.0,1785.5
2021-11-29,15896.763671875,53100.0,24286.267578125,62000.0,21191.8046875,48865.41015625,78843.8359375,36800.0,12243.8251953125,25641.025390625,12369.939453125,127083.3359375,68750.0,54900.0,11302.521484375,78050.0,14159.1044921875,18814.501953125,31222.185546875,29900.0,52300.0,19935.615234375,67088.8828125,42400.0,18448.642578125,52650.0,96153.84375,87500.0,20310.845703125,30150.0,26200.0,15150.0,25090.0,1782.300048828125
2021-11-30,15501.0908203125,53700.0,24231.69140625,61000.0,20758.6875,48367.29296875,77971.3203125,38800.0,11855.1328125,25932.400390625,12037.8603515625,124333.3359375,69450.0,54100.0,11344.5380859375,77000.0,13806.595703125,18743.50390625,31560.943359375,28900.0,51800.0,19048.650390625,65628.9921875,42300.0,17835.80078125,52500.0,94230.765625,87600.0,19940.595703125,29800.0,25800.0,15150.0,25090.0,1773.5999755859375
2021-12-01,15594.1904296875,54600.0,24177.115234375,61100.0,21037.119140625,48915.22265625,78129.9609375,38500.0,12438.171875,25958.888671875,12245.4091796875,124916.6640625,69450.0,54300.0,11764.7060546875,78250.0,13835.970703125,18790.8359375,31165.7265625,29900.0,52400.0,20379.09765625,65695.3515625,41450.0,18173.919921875,53000.0,92307.6953125,87500.0,20046.380859375,29700.0,26200.0,15150.0,25090.0,1784.300048828125
2021-12-02,15454.541015625,53000.0,24122.5390625,60600.0,20913.37109375,48417.10546875,78050.640625,38650.0,12243.8251953125,25746.98046875,12079.3701171875,126666.6640625,68500.0,55500.0,11890.755859375,79500.0,13835.970703125,18719.837890625,30488.2109375,29300.0,51700.0,20442.453125,65761.7109375,41150.0,18131.654296875,53600.0,92615.3828125,87400.0,19570.345703125,29650.0,26180.0,15150.0,25090.0,1762.699951171875
2021-12-03,15151.966796875,49300.0,22921.869140625,57800.0,20418.380859375,47570.3046875,76622.8828125,36500.0,12049.478515625,25270.18359375,11747.291015625,125833.3359375,66750.0,53300.0,11386.5546875,78500.0,13512.837890625,18222.849609375,28512.123046875,28000.0,50200.0,19851.142578125,65031.7578125,40100.0,17920.330078125,52750.0,92615.3828125,85800.0,18882.73828125,28100.0,25500.0,15150.0,25090.0,1783.9000244140625
2021-12-06,15035.5927734375,49000.0,22894.58203125,57500.0,19861.515625,47072.18359375,72974.171875,36000.0,11310.962890625,24237.126953125,11415.2119140625,125833.3359375,65700.0,51700.0,11680.671875,75800.0,12954.69921875,17986.189453125,28794.421875,27000.0,49000.0,19851.142578125,63306.42578125,39850.0,17159.5625,52800.0,92692.3046875,85300.0,18776.953125,28000.0,25010.0,15150.0,25090.0,1779.5
2021-12-07,15338.166015625,49900.0,23795.083984375,58400.0,20232.7578125,47819.36328125,76543.5625,36600.0,11660.7861328125,25217.20703125,11685.0263671875,126583.3359375,66750.0,53500.0,12478.9912109375,76500.0,13189.705078125,18270.181640625,29471.9375,28050.0,50000.0,20189.03515625,65164.4765625,40800.0,17307.48828125,53350.0,94615.3828125,86500.0,18856.29296875,29950.0,25980.0,15150.0,25090.0,1784.699951171875
2021-12-08,15407.9912109375,50100.0,24013.38671875,57700.0,20418.380859375,47620.11328125,77892.0,37000.0,11777.3935546875,25005.296875,11788.80078125,125916.6640625,66950.0,53800.0,12689.0751953125,76450.0,13454.0859375,18696.171875,29246.09765625,28600.0,50000.0,21582.837890625,65496.2734375,40500.0,17666.740234375,52950.0,93384.6171875,86000.0,18909.185546875,30100.0,25500.0,15150.0,25090.0,1785.5
2021-12-09,15501.0908203125,53600.0,24013.38671875,57800.0,20882.43359375,48317.48046875,78288.59375,37350.0,11952.3056640625,24952.3203125,11851.06640625,128333.3359375,67000.0,54100.0,12983.193359375,76250.0,13483.4619140625,18743.50390625,30375.291015625,28850.0,50400.0,21625.07421875,65828.0703125,40800.0,17962.595703125,53500.0,95000.0,87000.0,18829.845703125,30450.0,25750.0,15150.0,25090.0,1776.699951171875
2021-12-10,15547.640625,53800.0,24340.84375,58800.0,20758.6875,47719.73828125,76622.8828125,37500.0,11932.87109375,24634.45703125,11768.0458984375,128083.3359375,67050.0,53300.0,13655.4619140625,76150.0,13483.4619140625,18743.50390625,29923.61328125,28600.0,50200.0,21962.966796875,66358.9375,40450.0,18173.919921875,51550.0,95769.234375,86300.0,18935.630859375,30350.0,25600.0,15150.0,25090.0,1784.800048828125
2021-12-13,15547.640625,55500.0,24832.025390625,59200.0,20727.75,47819.36328125,77733.359375,38500.0,11680.220703125,24660.9453125,11788.80078125,130000.0,67450.0,53700.0,13613.4453125,76150.0,13277.83203125,18814.501953125,30149.453125,28650.0,50000.0,21329.419921875,66093.5,41050.0,18173.919921875,51600.0,96769.234375,86400.0,18724.060546875,30450.0,26000.0,15150.0,25090.0,1788.300048828125
2021-12-14,15501.0908203125,58900.0,24722.873046875,58500.0,20047.13671875,47669.92578125,77892.0,38150.0,11505.30859375,25270.18359375,11726.5361328125,130833.3359375,67700.0,54500.0,13949.580078125,76400.0,13042.826171875,18767.169921875,29754.234375,28100.0,50100.0,21329.419921875,65894.421875,41050.0,18089.390625,51250.0,95384.6171875,86300.0,18512.48828125,30200.0,25500.0,15150.0,25090.0,1772.300048828125
2021-12-15,15547.640625,63000.0,24504.5703125,58200.0,19954.326171875,47769.55078125,77495.3984375,37750.0,11680.220703125,25323.162109375,11830.310546875,134166.671875,67950.0,54600.0,13529.412109375,76250.0,13101.5771484375,18814.501953125,29189.638671875,28350.0,50200.0,21962.966796875,66292.578125,41300.0,18469.7734375,50000.0,95384.6171875,86300.0,18327.36328125,30400.0,25700.0,15150.0,25090.0,1764.5
2021-12-16,15361.44140625,67300.0,24504.5703125,58000.0,20109.01171875,47570.3046875,78209.2734375,37850.0,11544.177734375,25164.23046875,11726.5361328125,133333.328125,66800.0,54900.0,14453.78125,75500.0,13013.4501953125,18767.169921875,28737.9609375,28600.0,49850.0,21625.07421875,65761.7109375,41150.0,18596.568359375,50000.0,94461.5390625,86600.0,17824.8828125,30100.0,25350.0,15150.0,25090.0,1798.199951171875
2021-12-17,15454.541015625,67900.0,24504.5703125,57600.0,20387.443359375,48018.609375,78526.5546875,38250.0,11466.439453125,24740.41015625,11705.78125,131250.0,67250.0,54300.0,14369.748046875,75000.0,13042.826171875,18625.171875,29641.31640625,28300.0,49850.0,21667.310546875,64036.375,42250.0,18533.171875,51000.0,94230.765625,85700.0,17877.775390625,30800.0,25500.0,15150.0,25090.0,1804.9000244140625
2021-12-20,15407.9912109375,68000.0,24340.84375,56600.0,20078.07421875,47719.73828125,76702.203125,37600.0,11505.30859375,24846.365234375,11581.251953125,135000.0,66500.0,53000.0,15336.134765625,74500.0,12837.1962890625,18577.83984375,30205.912109375,28650.0,49500.0,22693.658203125,66027.140625,41750.0,19230.54296875,49500.0,93923.078125,85700.0,18062.900390625,31050.0,25500.0,15150.0,25090.0,1794.5999755859375
2021-12-21,15268.341796875,67900.0,23904.236328125,57000.0,19799.640625,47420.8671875,74560.5703125,37700.0,11427.5703125,24422.546875,11602.0068359375,138833.328125,66500.0,53000.0,15714.2861328125,74450.0,12631.5654296875,18601.505859375,29641.31640625,28200.0,49250.0,22123.46484375,65628.9921875,43000.0,18638.833984375,49050.0,94230.765625,85500.0,18062.900390625,31400.0,25360.0,15150.0,25090.0,1788.699951171875
2021-12-22,15221.7919921875,68300.0,23631.35546875,56500.0,19583.08203125,47321.2421875,75512.40625,39000.0,10844.53125,23892.7734375,11477.4775390625,141666.671875,67400.0,52800.0,15966.38671875,73800.0,12220.3056640625,18483.17578125,28850.880859375,27650.0,48900.0,21667.310546875,65114.30859375,42850.0,18385.244140625,49800.0,94384.6171875,85400.0,17771.98828125,31500.0,25400.0,15150.0,25090.0,1802.199951171875
2021-12-23,15128.6923828125,67400.0,23681.0546875,54900.0,19923.388671875,46424.6328125,75512.40625,39000.0,10436.4033203125,23813.30859375,11332.1923828125,142500.0,66800.0,52800.0,15546.21875,73450.0,11809.044921875,18293.84765625,27665.228515625,27400.0,47350.0,20926.060546875,64775.61328125,41250.0,17835.80078125,48000.0,95307.6953125,84700.0,17137.275390625,31000.0,25240.0,15150.0,25090.0,1811.699951171875
2021-12-24,15361.44140625,65500.0,24024.259765625,56000.0,20356.505859375,46723.50390625,75909.0078125,39050.0,11155.4853515625,24396.05859375,11685.0263671875,142500.0,67300.0,53000.0,14495.7978515625,73500.0,12631.5654296875,19524.482421875,27693.45703125,28200.0,48900.0,22380.05078125,66469.09375,41450.0,18448.642578125,48250.0,95384.6171875,86000.0,18115.79296875,31250.0,25300.0,15150.0,25090.0,1811.699951171875
2021-12-27,15431.265625,65000.0,24230.181640625,56100.0,20665.875,47072.18359375,76067.640625,38600.0,11174.919921875,24316.591796875,11685.0263671875,140833.328125,67450.0,54100.0,15504.2021484375,73950.0,12631.5654296875,20826.115234375,27749.91796875,28100.0,48850.0,23235.33984375,67569.859375,41400.0,18258.44921875,49500.0,96153.84375,86100.0,18168.685546875,31300.0,25500.0,15150.0,25090.0,1808.800048828125
2021-12-28,15664.0146484375,65900.0,24161.541015625,55700.0,20975.24609375,47072.18359375,77812.6796875,37850.0,11855.1328125,24263.615234375,11747.291015625,142916.671875,67900.0,53800.0,15420.16796875,74150.0,12631.5654296875,20802.44921875,27552.30859375,30050.0,49150.0,23976.58984375,67739.203125,41400.0,18131.654296875,49200.0,96307.6953125,85500.0,18274.470703125,30800.0,25400.0,15150.0,25090.0,1810.9000244140625
2021-12-29,15733.83984375,64000.0,24161.541015625,55200.0,21129.9296875,46623.87890625,76940.1640625,36900.0,11894.001953125,24263.615234375,11747.291015625,143333.328125,67200.0,54000.0,15126.05078125,74150.0,12631.5654296875,21299.435546875,28032.21484375,29500.0,49100.0,23577.455078125,67315.8359375,40850.0,18638.833984375,47750.0,96307.6953125,85200.0,18380.255859375,30550.0,25500.0,15150.0,25090.0,1805.800048828125
2021-12-30,15780.3896484375,64000.0,24298.822265625,55100.0,20913.37109375,46623.87890625,76940.1640625,37000.0,11894.001953125,24210.638671875,11809.5556640625,142916.671875,67150.0,54000.0,14663.865234375,74450.0,12572.814453125,21323.1015625,29697.775390625,30500.0,49300.0,23235.33984375,66384.421875,40800.0,18702.232421875,47500.0,96923.078125,85300.0,18724.060546875,30500.0,25600.0,15150.0,25090.0,1814.0999755859375
2021-12-31,16059.6884765625,64000.0,25465.71484375,56000.0,20975.24609375,46325.0078125,76305.6015625,36950.0,11991.1748046875,24581.478515625,11996.3505859375,142500.0,67950.0,53900.0,14705.8828125,75500.0,13101.5771484375,21583.427734375,29246.09765625,31500.0,50000.0,23406.3984375,66723.1171875,41000.0,19991.3125,47550.0,98692.3046875,86400.0,18935.630859375,30100.0,25830.0,15150.0,25090.0,1828.5999755859375
2022-01-03,16059.6884765625,64000.0,25465.71484375,56000.0,20975.24609375,46325.0078125,76305.6015625,36950.0,11991.1748046875,24581.478515625,11996.3505859375,142500.0,67950.0,53900.0,14705.8828125,75500.0,13101.5771484375,21583.427734375,29246.09765625,31500.0,50000.0,23406.3984375,66723.1171875,41000.0,19991.3125,47550.0,98692.3046875,86400.0,18935.630859375,30100.0,25830.0,15150.0,25090.0,1800.0999755859375
2022-01-04,16013.138671875,65800.0,25671.63671875,56900.0,21501.173828125,46574.06640625,80826.828125,37600.0,12088.34765625,24766.900390625,12079.3701171875,141666.671875,68900.0,55900.0,15714.2861328125,78500.0,13219.080078125,21583.427734375,29923.61328125,32100.0,50900.0,24375.724609375,66892.4609375,42550.0,20139.23828125,50500.0,96923.078125,86700.0,19067.86328125,31150.0,26200.0,15150.0,25090.0,1814.5999755859375
2022-01-05,15687.2900390625,66000.0,25431.39453125,56600.0,21501.173828125,46623.87890625,83285.7421875,38400.0,11855.1328125,24793.388671875,11913.3310546875,134166.671875,68550.0,55700.0,15966.38671875,79650.0,12925.3232421875,21299.435546875,29810.6953125,32550.0,50500.0,23948.080078125,66045.7265625,42000.0,20054.708984375,50000.0,94615.3828125,86200.0,18776.953125,33300.0,25990.0,15150.0,25090.0,1825.0999755859375
2022-01-06,15710.564453125,70600.0,26083.48046875,56200.0,21037.119140625,46574.06640625,82254.5859375,38600.0,11855.1328125,24422.546875,11768.0458984375,128166.6640625,68750.0,55500.0,16176.470703125,78300.0,13219.080078125,20802.44921875,29302.55859375,32700.0,49900.0,23948.080078125,66977.140625,42650.0,19737.72265625,52250.0,95230.765625,85400.0,18591.828125,35600.0,25820.0,15150.0,25090.0,1789.199951171875
2022-01-07,15501.0908203125,75500.0,26907.169921875,55600.0,20542.12890625,46524.25390625,85268.734375,38500.0,11777.3935546875,24263.615234375,11871.8212890625,128333.3359375,67750.0,56300.0,16932.7734375,76600.0,12984.07421875,20092.466796875,29133.1796875,31950.0,49450.0,23377.888671875,67569.859375,42700.0,19526.3984375,51100.0,95230.765625,85200.0,18300.91796875,34750.0,25850.0,15150.0,25090.0,1797.4000244140625
2022-01-10,15361.44140625,70300.0,26666.927734375,54700.0,20604.001953125,45826.890625,80906.1484375,37700.0,11505.30859375,24184.1484375,11664.271484375,127500.0,66500.0,55000.0,15756.302734375,76000.0,12514.0625,19287.822265625,27975.755859375,31600.0,48650.0,23064.283203125,67315.8359375,42700.0,19230.54296875,51150.0,95230.765625,83700.0,18195.130859375,35000.0,25850.0,15150.0,25090.0,1798.800048828125
2022-01-11,15245.06640625,75200.0,27044.451171875,53800.0,20418.380859375,44581.59375,81937.3046875,36800.0,11388.701171875,23892.7734375,11581.251953125,120750.0,65900.0,54100.0,15672.2685546875,76450.0,12367.1845703125,18483.17578125,27157.091796875,32450.0,48450.0,22921.734375,67231.15625,41800.0,18892.423828125,50500.0,95230.765625,83700.0,18142.23828125,34200.0,25400.0,15150.0,25090.0,1818.5
2022-01-12,15407.9912109375,79900.0,28932.072265625,54000.0,21129.9296875,44631.40625,85665.3359375,37000.0,12030.0439453125,24475.525390625,12120.8798828125,120750.0,68000.0,54800.0,15252.1005859375,76400.0,13042.826171875,19406.15234375,28512.123046875,34700.0,50400.0,24518.2734375,67739.203125,41800.0,19843.384765625,50400.0,94769.234375,83100.0,18724.060546875,36000.0,25210.0,15150.0,25090.0,1827.300048828125
2022-01-13,15524.365234375,77900.0,30201.92578125,54000.0,21748.66796875,45876.69921875,83285.7421875,35500.0,11971.740234375,24740.41015625,12328.4296875,120666.6640625,67750.0,54200.0,14201.6806640625,75500.0,13072.2021484375,19690.14453125,27580.5390625,34300.0,50500.0,24033.609375,69348.0078125,41100.0,19695.45703125,49400.0,93846.15625,83100.0,18644.720703125,33800.0,25810.0,15150.0,25090.0,1821.4000244140625
2022-01-14,15384.7158203125,76000.0,30373.52734375,54200.0,21934.291015625,45478.20703125,83682.34375,35700.0,11894.001953125,24502.013671875,12307.6748046875,120666.6640625,67000.0,55000.0,14873.94921875,75950.0,13219.080078125,19737.4765625,27495.849609375,35000.0,49750.0,23891.060546875,70618.1171875,41100.0,19399.603515625,49450.0,93846.15625,84700.0,18433.150390625,34400.0,25650.0,15150.0,25090.0,1816.5
2022-01-17,15245.06640625,70700.0,29961.68359375,52700.0,21655.857421875,44332.53515625,82968.4609375,33250.0,11272.0927734375,23680.865234375,12245.4091796875,118333.3359375,65000.0,53600.0,13865.5458984375,75000.0,12925.3232421875,19644.154296875,25576.220703125,32600.0,48600.0,22921.734375,72988.9921875,39550.0,18596.568359375,48500.0,92692.3046875,82900.0,17481.078125,32000.0,25000.0,15150.0,25090.0,1816.5
2022-01-18,15268.341796875,68000.0,30819.69140625,51600.0,21377.42578125,43884.2265625,84872.1328125,31100.0,11485.8740234375,23310.0234375,12411.44921875,118416.6640625,65050.0,54000.0,12941.1767578125,75500.0,12102.802734375,19466.03515625,23882.431640625,33900.0,48750.0,22180.484375,74174.4296875,38500.0,18342.98046875,47950.0,95769.234375,83400.0,17586.865234375,32400.0,25290.0,15150.0,25090.0,1812.4000244140625
2022-01-19,15361.44140625,72700.0,29961.68359375,51900.0,20913.37109375,43983.8515625,84872.1328125,31800.0,11252.658203125,23045.13671875,12286.919921875,122916.6640625,66750.0,54100.0,13487.39453125,75000.0,11368.4091796875,19466.03515625,25519.76171875,32900.0,48850.0,22408.560546875,73497.0390625,38800.0,18427.509765625,47900.0,97153.84375,83400.0,17719.095703125,33250.0,25200.0,15150.0,25090.0,1843.199951171875
2022-01-20,15338.166015625,75800.0,32055.2265625,52300.0,21717.732421875,44232.91015625,86141.25,32500.0,11233.2236328125,23310.0234375,12535.978515625,124333.3359375,67000.0,54100.0,14285.7138671875,75000.0,12044.05078125,19974.94921875,25802.060546875,33800.0,48850.0,22579.619140625,73751.0546875,39300.0,18596.568359375,47500.0,95076.921875,83000.0,17957.11328125,33600.0,24950.0,15150.0,25090.0,1842.5999755859375
2022-01-21,15570.9150390625,75300.0,32501.390625,52500.0,21996.1640625,43934.0390625,85189.4140625,32400.0,11349.83203125,22939.181640625,13200.13671875,125833.3359375,66600.0,54800.0,13991.5966796875,74000.0,12102.802734375,19974.94921875,25152.7734375,34600.0,49800.0,22807.6953125,75529.2109375,39700.0,19061.482421875,47750.0,93846.15625,82600.0,18142.23828125,33100.0,25110.0,15150.0,25090.0,1831.800048828125
2022-01-24,15989.8642578125,72000.0,32192.5078125,51100.0,22058.037109375,42489.49609375,84951.453125,30150.0,11272.0927734375,21561.771484375,13324.666015625,119166.6640625,64950.0,54300.0,13025.2099609375,72500.0,12102.802734375,19949.50390625,23402.525390625,33300.0,50300.0,21524.763671875,78746.828125,38100.0,18638.833984375,47500.0,92692.3046875,81000.0,17692.650390625,31000.0,24970.0,15150.0,25090.0,1841.699951171875
2022-01-25,16222.61328125,77000.0,33633.9609375,51600.0,22893.3359375,43087.23828125,86855.1328125,31250.0,11680.220703125,22912.693359375,13532.2158203125,127500.0,65500.0,54400.0,13907.5634765625,72500.0,12572.814453125,20331.19140625,24164.73046875,34700.0,51900.0,22665.1484375,81117.6953125,40500.0,19357.337890625,48000.0,93307.6953125,79200.0,18459.595703125,33150.0,25180.0,15150.0,25090.0,1852.5
2022-01-26,16501.912109375,77200.0,33016.1953125,53000.0,23295.515625,42838.1796875,88996.765625,31000.0,11932.87109375,23018.6484375,13822.7841796875,122500.0,65950.0,57000.0,13697.478515625,71850.0,13042.826171875,20153.0703125,23967.12109375,35550.0,52400.0,22351.541015625,80016.9375,40600.0,19906.78125,48200.0,93153.84375,79700.0,18988.5234375,33900.0,25500.0,15150.0,25090.0,1829.699951171875
2022-01-27,16245.8876953125,77400.0,32672.9921875,53800.0,22831.4609375,42788.3671875,88679.484375,30700.0,11971.740234375,22329.943359375,13698.2548828125,118333.3359375,65750.0,57000.0,13781.5126953125,74400.0,12866.5712890625,19847.720703125,24503.48828125,35400.0,51900.0,22921.734375,77053.34375,40500.0,19779.986328125,48250.0,93153.84375,83100.0,18750.505859375,34200.0,25580.0,15150.0,25090.0,1793.0999755859375
2022-01-28,16082.9638671875,79200.0,32913.234375,54400.0,22831.4609375,44581.59375,86458.53125,31200.0,12010.609375,22356.431640625,13988.82421875,119166.6640625,66250.0,56100.0,14117.6474609375,74350.0,13219.080078125,20000.396484375,25435.072265625,35550.0,52800.0,23919.5703125,75359.8671875,40150.0,20096.974609375,48500.0,93769.234375,83100.0,19385.220703125,34950.0,25740.0,15150.0,25090.0,1784.9000244140625
2022-01-31,16082.9638671875,79200.0,32913.234375,54400.0,22831.4609375,44581.59375,86458.53125,31200.0,12010.609375,22356.431640625,13988.82421875,119166.6640625,66250.0,56100.0,14117.6474609375,74350.0,13219.080078125,20000.396484375,25435.072265625,35550.0,52800.0,23919.5703125,75359.8671875,40150.0,20096.974609375,48500.0,93769.234375,83100.0,19385.220703125,34950.0,25740.0,15150.0,25090.0,1795.0
2022-02-01,16082.9638671875,79200.0,32913.234375,54400.0,22831.4609375,44581.59375,86458.53125,31200.0,12010.609375,22356.431640625,13988.82421875,119166.6640625,66250.0,56100.0,14117.6474609375,74350.0,13219.080078125,20000.396484375,25435.072265625,35550.0,52800.0,23919.5703125,75359.8671875,40150.0,20096.974609375,48500.0,93769.234375,83100.0,19385.220703125,34950.0,25740.0,15150.0,25090.0,1801.5
2022-02-02,16082.9638671875,79200.0,32913.234375,54400.0,22831.4609375,44581.59375,86458.53125,31200.0,12010.609375,22356.431640625,13988.82421875,119166.6640625,66250.0,56100.0,14117.6474609375,74350.0,13219.080078125,20000.396484375,25435.072265625,35550.0,52800.0,23919.5703125,75359.8671875,40150.0,20096.974609375,48500.0,93769.234375,83100.0,19385.220703125,34950.0,25740.0,15150.0,25090.0,1810.300048828125
2022-02-03,16082.9638671875,79200.0,32913.234375,54400.0,22831.4609375,44581.59375,86458.53125,31200.0,12010.609375,22356.431640625,13988.82421875,119166.6640625,66250.0,56100.0,14117.6474609375,74350.0,13219.080078125,20000.396484375,25435.072265625,35550.0,52800.0,23919.5703125,75359.8671875,40150.0,20096.974609375,48500.0,93769.234375,83100.0,19385.220703125,34950.0,25740.0,15150.0,25090.0,1804.0999755859375
2022-02-04,16082.9638671875,79200.0,32913.234375,54400.0,22831.4609375,44581.59375,86458.53125,31200.0,12010.609375,22356.431640625,13988.82421875,119166.6640625,66250.0,56100.0,14117.6474609375,74350.0,13219.080078125,20000.396484375,25435.072265625,35550.0,52800.0,23919.5703125,75359.8671875,40150.0,20096.974609375,48500.0,93769.234375,83100.0,19385.220703125,34950.0,25740.0,15150.0,25090.0,1807.800048828125
2022-02-07,16152.7880859375,79700.0,32535.7109375,55500.0,22460.21875,44581.59375,90979.7578125,32200.0,12088.34765625,22806.73828125,14030.333984375,123250.0,66950.0,58700.0,15000.0,76050.0,13571.5888671875,20000.396484375,25886.75,35600.0,52800.0,23777.0234375,78238.78125,41100.0,20012.443359375,45600.0,100307.6953125,83500.0,19200.095703125,35500.0,25910.0,15150.0,25090.0,1821.800048828125
2022-02-08,16641.560546875,81000.0,32501.390625,55400.0,22583.966796875,45129.5234375,90424.515625,33000.0,12204.9560546875,24131.171875,14030.333984375,121250.0,68150.0,58800.0,15042.0166015625,77400.0,13630.3408203125,19440.587890625,25773.830078125,35850.0,53800.0,23948.080078125,77900.0859375,40600.0,20287.166015625,43650.0,101153.84375,82000.0,19729.0234375,35500.0,26100.0,15150.0,25090.0,1827.9000244140625
2022-02-09,16571.736328125,80800.0,33222.1171875,55900.0,22491.154296875,45179.3359375,87251.7265625,33100.0,12282.6943359375,25058.275390625,13822.7841796875,122166.6640625,68500.0,59400.0,14957.9833984375,76900.0,14159.1044921875,19542.37109375,25802.060546875,35050.0,53600.0,23662.984375,76884.0,40750.0,20244.90234375,42850.0,103846.15625,82800.0,19623.23828125,35900.0,26300.0,15150.0,25090.0,1836.5999755859375
2022-02-10,16548.4609375,80800.0,33222.1171875,55400.0,22738.650390625,45826.890625,88838.125,33600.0,12243.8251953125,24899.34375,14009.5791015625,124666.6640625,68150.0,60500.0,15588.2353515625,78500.0,13865.3466796875,19644.154296875,25463.302734375,34750.0,53600.0,23491.92578125,77307.3671875,40050.0,20118.107421875,42000.0,102307.6953125,82700.0,19411.666015625,36000.0,26170.0,15150.0,25090.0,1837.4000244140625
2022-02-11,16618.287109375,79100.0,32878.9140625,55100.0,22769.587890625,45627.640625,88044.9296875,33950.0,12127.2177734375,24978.80859375,14092.5986328125,124833.3359375,67650.0,59400.0,15378.1513671875,79800.0,13865.3466796875,19466.03515625,25463.302734375,35300.0,53700.0,24432.744140625,76206.6015625,39850.0,20160.37109375,40850.0,102153.84375,82000.0,19358.7734375,34600.0,26080.0,15150.0,25090.0,1842.0999755859375
2022-02-14,15826.939453125,78900.0,30716.73046875,54200.0,21408.361328125,45328.76953125,92010.9140625,33300.0,11349.83203125,24475.525390625,13283.15625,126333.3359375,66000.0,60200.0,14873.94921875,83950.0,12925.3232421875,18626.322265625,24616.40625,32850.0,51500.0,22807.6953125,72819.640625,39050.0,19399.603515625,40900.0,107692.3046875,81100.0,18512.48828125,33000.0,26000.0,15150.0,25090.0,1869.4000244140625
2022-02-15,15826.939453125,78900.0,30716.73046875,54200.0,21408.361328125,45328.76953125,92010.9140625,33300.0,11349.83203125,24475.525390625,13283.15625,126333.3359375,66000.0,60200.0,14873.94921875,83950.0,12925.3232421875,18626.322265625,24616.40625,32850.0,51500.0,22807.6953125,72819.640625,39050.0,19399.603515625,40900.0,107692.3046875,81100.0,18512.48828125,33000.0,26000.0,15150.0,25090.0,1856.199951171875
2022-02-16,15920.0390625,81800.0,30991.294921875,57400.0,21439.298828125,45478.20703125,90821.1171875,33750.0,11369.2666015625,24369.5703125,13552.970703125,131750.0,66450.0,59000.0,15294.1171875,84200.0,13277.83203125,18728.10546875,25350.3828125,33600.0,51600.0,23035.7734375,73666.3828125,40000.0,19272.80859375,41450.0,107076.921875,80400.0,18856.29296875,34300.0,25910.0,15150.0,25090.0,1871.5
2022-02-17,15966.5888671875,84500.0,31574.740234375,56900.0,21593.984375,46225.3828125,94152.546875,34000.0,11563.6123046875,24634.45703125,13781.2744140625,135833.328125,67250.0,60000.0,15630.251953125,85250.0,13219.080078125,18473.6484375,25406.841796875,33900.0,52200.0,23463.41796875,74089.7578125,40400.0,19779.986328125,41550.0,108923.078125,80800.0,19200.095703125,34450.0,25950.0,15150.0,25090.0,1902.0
2022-02-18,15757.1142578125,83700.0,30682.41015625,57300.0,21408.361328125,45926.51171875,92804.109375,33600.0,11466.439453125,24925.83203125,13552.970703125,136083.328125,67000.0,59800.0,15588.2353515625,84700.0,13101.5771484375,18422.755859375,25519.76171875,33350.0,51600.0,23263.849609375,73835.734375,39850.0,19801.119140625,41100.0,114615.3828125,80600.0,18988.5234375,33600.0,25750.0,15150.0,25090.0,1899.800048828125
2022-02-21,16013.138671875,82400.0,31059.935546875,57200.0,21284.615234375,46574.06640625,91852.2734375,34600.0,11505.30859375,24713.921875,13552.970703125,133583.328125,66950.0,59900.0,15462.1845703125,84800.0,13101.5771484375,18473.6484375,25971.439453125,33200.0,51500.0,23320.869140625,74005.078125,40000.0,19695.45703125,41800.0,112307.6953125,81000.0,18988.5234375,34100.0,25900.0,15150.0,25090.0,1899.800048828125
2022-02-22,16152.7880859375,81700.0,31574.740234375,56300.0,21408.361328125,46275.1953125,92407.515625,34250.0,11485.8740234375,24581.478515625,14279.392578125,131250.0,68850.0,62000.0,14957.9833984375,84200.0,12954.69921875,18320.97265625,25406.841796875,33700.0,51400.0,23662.984375,73497.0390625,39650.0,19653.193359375,41000.0,109846.15625,80000.0,18803.3984375,34500.0,25900.0,15150.0,25090.0,1907.4000244140625
2022-02-23,16106.23828125,83200.0,31300.177734375,57600.0,21563.046875,46325.0078125,92804.109375,34250.0,11524.7431640625,24740.41015625,14258.6376953125,131000.0,68900.0,62500.0,15252.1005859375,84900.0,12984.07421875,18549.986328125,25576.220703125,33600.0,51700.0,24290.1953125,73581.7109375,39700.0,19822.251953125,41250.0,114000.0,80000.0,18988.5234375,34900.0,25780.0,15150.0,25090.0,1910.4000244140625
2022-02-24,16036.4140625,82900.0,30613.76953125,59000.0,20944.30859375,45826.890625,94390.5078125,33700.0,11194.3544921875,24369.5703125,14113.353515625,132916.671875,68400.0,63400.0,14915.966796875,84850.0,12749.068359375,18422.755859375,25181.00390625,32900.0,50500.0,23520.435546875,72226.9296875,39300.0,19801.119140625,40050.0,113846.15625,78600.0,19517.453125,34000.0,25400.0,15150.0,25090.0,1926.300048828125
2022-02-25,15989.8642578125,82100.0,30579.44921875,59000.0,20944.30859375,45976.32421875,92962.75,34000.0,11369.2666015625,24316.591796875,14154.86328125,131666.671875,68800.0,62400.0,15000.0,84800.0,12807.8203125,18473.6484375,25802.060546875,33000.0,50700.0,23919.5703125,72057.578125,39150.0,20033.576171875,39550.0,111615.3828125,78900.0,20205.05859375,34000.0,25500.0,15150.0,25090.0,1887.5999755859375
2022-02-28,15780.3896484375,79000.0,29996.00390625,59100.0,20511.19140625,46474.44140625,93597.3125,34150.0,11194.3544921875,25005.296875,14279.392578125,130000.0,68000.0,62300.0,14579.83203125,84900.0,12719.693359375,18015.623046875,25802.060546875,32850.0,50400.0,24090.62890625,71549.53125,38750.0,19822.251953125,38500.0,107769.234375,78400.0,20099.2734375,33500.0,25800.0,15150.0,25090.0,1900.699951171875
2022-03-01,15757.1142578125,76900.0,30270.56640625,59800.0,20604.001953125,46524.25390625,93359.3515625,35700.0,11097.181640625,24846.365234375,14113.353515625,130416.6640625,68000.0,61300.0,14663.865234375,84000.0,12631.5654296875,18778.998046875,25971.439453125,32650.0,50300.0,24404.234375,71972.90625,39000.0,19864.517578125,39600.0,108384.6171875,79200.0,19967.041015625,33500.0,25600.0,15150.0,25090.0,1943.800048828125
2022-03-02,15314.8916015625,78500.0,29137.994140625,59000.0,19799.640625,46374.8203125,94549.1484375,35400.0,10630.75,24846.365234375,13490.705078125,130833.3359375,67250.0,61500.0,14663.865234375,84500.0,12337.80859375,19237.021484375,25293.921875,31250.0,49200.0,23634.474609375,71972.90625,38750.0,19357.337890625,39450.0,111538.4609375,78500.0,19305.880859375,32800.0,25400.0,15150.0,25090.0,1922.300048828125
2022-03-03,15570.9150390625,80000.0,29378.236328125,59000.0,20170.884765625,46524.25390625,95738.9453125,36300.0,10980.5732421875,26541.640625,13739.7646484375,132583.328125,68250.0,62800.0,14453.78125,83550.0,12396.5595703125,19262.46875,25689.140625,31850.0,49650.0,23662.984375,72396.2734375,39000.0,19441.8671875,39500.0,110307.6953125,78400.0,19808.36328125,32700.0,25680.0,15150.0,25090.0,1935.9000244140625
2022-03-04,15966.5888671875,78900.0,29721.44140625,59700.0,20263.6953125,46574.06640625,93597.3125,36000.0,10883.400390625,26382.708984375,13656.7451171875,134416.671875,67900.0,61100.0,14537.8154296875,80000.0,12543.4384765625,19338.8046875,26310.197265625,32000.0,49950.0,23235.33984375,71888.2265625,38950.0,19357.337890625,39500.0,107230.765625,77900.0,20152.166015625,33750.0,25700.0,15150.0,25090.0,1966.5999755859375
2022-03-07,15477.8154296875,76600.0,29000.712890625,58900.0,19892.453125,46723.50390625,98832.4140625,36750.0,10650.1845703125,27071.4140625,13366.17578125,131833.328125,67100.0,63300.0,14327.7314453125,77300.0,12367.1845703125,19237.021484375,26423.115234375,31500.0,49250.0,22237.50390625,71888.2265625,38100.0,18976.953125,39250.0,103230.765625,76800.0,19940.595703125,32900.0,25600.0,15150.0,25090.0,1995.9000244140625
2022-03-08,15175.2421875,74800.0,28554.548828125,58400.0,19830.578125,47221.62109375,95738.9453125,36300.0,10630.75,26197.287109375,12868.0576171875,132333.328125,67100.0,61300.0,14453.78125,77800.0,12308.4326171875,19186.130859375,26536.03515625,30850.0,49000.0,22123.46484375,69009.3125,37300.0,18850.158203125,38950.0,105384.6171875,76100.0,19570.345703125,32500.0,25300.0,15150.0,25090.0,2043.300048828125
2022-03-09,15221.7919921875,71500.0,27799.5,56400.0,19799.640625,47570.3046875,96928.7421875,36000.0,10494.70703125,26409.197265625,12764.283203125,129583.3359375,66900.0,63000.0,14075.6298828125,77500.0,12337.80859375,19084.34765625,26310.197265625,31100.0,49100.0,22123.46484375,70279.421875,37000.0,18807.89453125,39000.0,107692.3046875,75100.0,19491.005859375,31600.0,25300.0,15150.0,25090.0,1988.199951171875
2022-03-10,15314.8916015625,73400.0,28108.3828125,57400.0,19861.515625,47121.99609375,93993.90625,35550.0,10475.2724609375,26038.35546875,12888.8125,125000.0,66750.0,61300.0,13949.580078125,78500.0,12367.1845703125,19084.34765625,26310.197265625,31550.0,49250.0,22237.50390625,70702.796875,37600.0,18765.62890625,39550.0,106923.078125,77100.0,19438.11328125,32000.0,25300.0,15150.0,25090.0,2000.4000244140625
2022-03-11,15221.7919921875,72400.0,28726.150390625,57000.0,19954.326171875,46424.6328125,89552.0,34500.0,10611.3154296875,25217.20703125,13054.8515625,118750.0,66500.0,58000.0,13571.4287109375,77000.0,12367.1845703125,19084.34765625,25406.841796875,32050.0,48900.0,22037.935546875,70956.8125,37500.0,18469.7734375,39500.0,106538.4609375,78000.0,19252.98828125,31850.0,25300.0,15150.0,25090.0,1985.0
2022-03-14,15221.7919921875,70700.0,28348.625,55100.0,19737.767578125,45727.265625,84078.9375,33350.0,10533.5771484375,24263.615234375,13137.8720703125,113416.6640625,65850.0,55900.0,13151.2607421875,77000.0,12837.1962890625,19033.455078125,24390.568359375,32500.0,48500.0,22351.541015625,71295.515625,37250.0,18173.919921875,39150.0,111538.4609375,77200.0,19041.416015625,32000.0,25300.0,15150.0,25090.0,1960.800048828125
2022-03-15,15268.341796875,72500.0,28897.751953125,55100.0,19768.705078125,45328.76953125,85665.3359375,33850.0,10572.4462890625,24449.03515625,13117.1171875,117583.3359375,65700.0,56000.0,13781.5126953125,75650.0,12749.068359375,19084.34765625,24447.02734375,32700.0,48600.0,22750.67578125,68670.6171875,37250.0,18279.58203125,39150.0,113846.15625,77200.0,19517.453125,31750.0,25300.0,15150.0,25090.0,1929.699951171875
2022-03-16,15268.341796875,74000.0,28554.548828125,56200.0,19799.640625,45627.640625,86617.171875,33700.0,10553.01171875,24475.525390625,13324.666015625,117083.3359375,65700.0,56200.0,13697.478515625,77000.0,12778.4443359375,19186.130859375,24729.326171875,32900.0,49050.0,22665.1484375,69856.0546875,37100.0,18617.701171875,39050.0,113076.921875,77300.0,19464.560546875,31750.0,25300.0,15150.0,25090.0,1909.199951171875
2022-03-17,15268.341796875,74000.0,29858.72265625,56200.0,20232.7578125,45826.890625,84078.9375,33800.0,10689.0537109375,24343.08203125,13386.9306640625,115000.0,65400.0,55800.0,13697.478515625,77000.0,12984.07421875,19237.021484375,24729.326171875,32800.0,49000.0,22579.619140625,70279.421875,37000.0,18681.099609375,39200.0,111538.4609375,76400.0,19279.435546875,32250.0,25300.0,15150.0,25090.0,1943.199951171875
2022-03-18,15268.341796875,76000.0,30133.28515625,56100.0,20294.6328125,47371.0546875,86379.2109375,34000.0,10727.9228515625,24634.45703125,13324.666015625,113916.6640625,65800.0,55900.0,13529.412109375,75750.0,12719.693359375,19262.46875,24729.326171875,33100.0,49200.0,22522.599609375,71295.515625,37300.0,18723.36328125,39400.0,114000.0,76000.0,19173.6484375,33000.0,25300.0,15150.0,25090.0,1929.300048828125
2022-03-21,15338.166015625,76900.0,30064.64453125,58500.0,20325.5703125,47470.6796875,90424.515625,34600.0,11000.0078125,24819.876953125,13366.17578125,120833.3359375,67450.0,56000.0,13613.4453125,76100.0,13013.4501953125,19262.46875,25011.625,33100.0,49450.0,22750.67578125,71888.2265625,38750.0,18934.689453125,40500.0,110230.765625,77600.0,19464.560546875,33200.0,25300.0,15150.0,25090.0,1929.5
2022-03-22,15501.0908203125,75800.0,29858.72265625,58500.0,20418.380859375,48018.609375,91217.71875,34650.0,11000.0078125,24846.365234375,13469.9501953125,123750.0,67600.0,56800.0,13865.5458984375,77000.0,12954.69921875,19491.48046875,25039.853515625,34050.0,49900.0,23092.791015625,71888.2265625,39000.0,19061.482421875,41100.0,108307.6953125,76900.0,19491.005859375,33200.0,25300.0,15150.0,25090.0,1921.5
2022-03-23,15454.541015625,75700.0,29790.08203125,59000.0,20325.5703125,48068.421875,89076.0859375,35400.0,10883.400390625,24793.388671875,13345.4208984375,122500.0,67500.0,56000.0,14201.6806640625,78750.0,12895.947265625,19440.587890625,24955.1640625,34000.0,49600.0,22836.205078125,71888.2265625,38600.0,19019.21875,40700.0,108461.5390625,76100.0,19385.220703125,32850.0,25300.0,15150.0,25090.0,1937.300048828125
2022-03-24,15314.8916015625,74600.0,29584.158203125,58800.0,20139.947265625,47819.36328125,89076.0859375,34900.0,10922.26953125,24581.478515625,13303.9111328125,122166.6640625,67000.0,56000.0,14117.6474609375,78900.0,12925.3232421875,19389.697265625,24729.326171875,33650.0,49300.0,22864.71484375,70702.796875,37850.0,18892.423828125,40500.0,110769.234375,75600.0,19226.541015625,32800.0,25300.0,15150.0,25090.0,1962.199951171875
2022-03-25,15221.7919921875,73900.0,29824.40234375,58500.0,19923.388671875,47669.92578125,87806.96875,34700.0,10863.9658203125,24581.478515625,13200.13671875,122000.0,69450.0,56000.0,13949.580078125,78750.0,12925.3232421875,19389.697265625,24531.716796875,33650.0,49250.0,22750.67578125,69856.0546875,37950.0,18807.89453125,40500.0,110000.0,75200.0,19438.11328125,32700.0,25300.0,15150.0,25090.0,1954.199951171875
2022-03-28,15058.8671875,72500.0,28554.548828125,58500.0,19675.89453125,48865.41015625,87648.328125,33850.0,10650.1845703125,24316.591796875,13075.6064453125,121333.3359375,72000.0,56000.0,13487.39453125,78800.0,12572.814453125,19160.685546875,23854.201171875,31850.0,48800.0,22494.08984375,69771.3828125,37450.0,18575.4375,40250.0,108307.6953125,73400.0,19173.6484375,32000.0,25300.0,15150.0,25090.0,1939.800048828125
2022-03-29,15058.8671875,72000.0,29103.673828125,61400.0,19799.640625,52252.6171875,88758.8046875,34500.0,10708.48828125,24290.103515625,13283.15625,120000.0,73250.0,56400.0,13655.4619140625,79000.0,12719.693359375,18575.431640625,24080.041015625,32300.0,48900.0,22978.75390625,69348.0078125,38250.0,18976.953125,40400.0,109923.078125,75500.0,19252.98828125,32550.0,25300.0,15150.0,25090.0,1912.199951171875
2022-03-30,15175.2421875,72000.0,29893.04296875,61700.0,19830.578125,52800.546875,87331.046875,33850.0,11000.0078125,24104.68359375,13552.970703125,120000.0,72200.0,55000.0,13403.361328125,78950.0,12778.4443359375,19364.251953125,23882.431640625,32250.0,49150.0,22807.6953125,69432.6875,37900.0,19864.517578125,40550.0,108076.921875,76200.0,19464.560546875,32500.0,25300.0,15150.0,25090.0,1933.5
2022-03-31,15384.7158203125,73400.0,29858.72265625,61500.0,20078.07421875,53298.6640625,85903.296875,34000.0,11019.4423828125,23892.7734375,13677.5,118500.0,72900.0,55200.0,13319.328125,79500.0,12572.814453125,19364.251953125,23713.052734375,31700.0,49550.0,22893.224609375,69517.359375,37900.0,19885.650390625,40600.0,108076.921875,80900.0,19676.130859375,33450.0,25300.0,15150.0,25090.0,1949.199951171875
2022-04-01,15547.640625,72500.0,30442.16796875,63400.0,20449.31640625,55291.13671875,87013.7734375,34550.0,11447.0048828125,24210.638671875,13822.7841796875,122083.3359375,78000.0,55100.0,13445.3779296875,82650.0,12984.07421875,19593.263671875,24221.189453125,32200.0,50300.0,23520.435546875,70110.078125,38100.0,20244.90234375,41050.0,108384.6171875,81700.0,20416.630859375,34050.0,25300.0,15150.0,25090.0,1923.699951171875
2022-04-04,15594.1904296875,73800.0,30373.52734375,63600.0,20325.5703125,54444.3359375,89155.40625,36500.0,11310.962890625,24290.103515625,13698.2548828125,125000.0,77500.0,56200.0,13613.4453125,83250.0,12749.068359375,19618.708984375,25406.841796875,32200.0,49650.0,23520.435546875,69940.7265625,38150.0,20202.63671875,41350.0,109923.078125,82200.0,20628.201171875,34050.0,25300.0,15150.0,25090.0,1934.0
2022-04-05,15361.44140625,74300.0,29721.44140625,63800.0,20016.19921875,54294.90234375,90662.4765625,36400.0,11174.919921875,24422.546875,13552.970703125,126333.3359375,77600.0,56100.0,13739.49609375,83100.0,12514.0625,19567.818359375,25011.625,31800.0,49050.0,23263.849609375,70279.421875,38200.0,19801.119140625,41150.0,108846.15625,80400.0,20257.951171875,33650.0,25300.0,15150.0,25090.0,1927.5
2022-04-06,15454.541015625,74500.0,29858.72265625,65200.0,20170.884765625,56287.375,90186.5625,37000.0,11272.0927734375,25031.787109375,13843.5390625,128166.6640625,79400.0,56000.0,13781.5126953125,84750.0,12543.4384765625,19567.818359375,25181.00390625,32350.0,49900.0,23463.41796875,71634.2109375,38150.0,20033.576171875,40250.0,108461.5390625,79300.0,21130.68359375,33600.0,25300.0,15150.0,25090.0,1923.0999755859375
2022-04-07,15640.740234375,72600.0,29549.837890625,64400.0,20139.947265625,56436.80859375,89472.6796875,36300.0,11233.2236328125,24660.9453125,13988.82421875,125833.3359375,77500.0,56600.0,13991.5966796875,83250.0,12132.1787109375,19415.142578125,24870.474609375,31900.0,49300.0,23377.888671875,70279.421875,37500.0,19737.72265625,39750.0,105384.6171875,78500.0,21051.34375,32650.0,25300.0,15150.0,25090.0,1937.800048828125
2022-04-08,15757.1142578125,74000.0,28760.470703125,63500.0,19830.578125,54045.84375,87410.3671875,34850.0,10980.5732421875,24581.478515625,13781.2744140625,123750.0,75000.0,56200.0,13613.4453125,82100.0,11750.2939453125,19237.021484375,24277.6484375,31000.0,48850.0,22921.734375,70279.421875,37550.0,19019.21875,40850.0,106461.5390625,77300.0,20522.416015625,32200.0,25300.0,15150.0,25090.0,1945.5999755859375
2022-04-11,15757.1142578125,74000.0,28760.470703125,63500.0,19830.578125,54045.84375,87410.3671875,34850.0,10980.5732421875,24581.478515625,13781.2744140625,123750.0,75000.0,56200.0,13613.4453125,82100.0,11750.2939453125,19237.021484375,24277.6484375,31000.0,48850.0,22921.734375,70279.421875,37550.0,19019.21875,40850.0,106461.5390625,77300.0,20522.416015625,32200.0,25300.0,15150.0,25090.0,1948.199951171875
2022-04-12,15570.9150390625,74000.0,27765.1796875,60000.0,19180.90234375,54693.39453125,86379.2109375,33000.0,10805.662109375,23892.7734375,13386.9306640625,125400.0,76350.0,54600.0,13109.244140625,81650.0,11162.779296875,19338.8046875,23600.1328125,30800.0,48000.0,21695.8203125,69771.3828125,36500.0,18681.099609375,40650.0,106153.84375,76800.0,20628.201171875,31100.0,25300.0,15150.0,25090.0,1976.0999755859375
2022-04-13,15664.0146484375,75800.0,28074.0625,63300.0,19490.271484375,57333.421875,87331.046875,34500.0,10883.400390625,23945.751953125,13532.2158203125,126900.0,78100.0,54700.0,13193.27734375,81750.0,11515.2880859375,19364.251953125,24023.580078125,31350.0,48000.0,22807.6953125,69771.3828125,36550.0,19019.21875,41100.0,106230.765625,77200.0,20628.201171875,31850.0,25300.0,15150.0,25090.0,1984.699951171875
2022-04-14,15733.83984375,76800.0,27799.5,62500.0,19304.650390625,58080.6015625,88520.84375,34550.0,10611.3154296875,23786.818359375,13407.685546875,125700.0,79750.0,54700.0,13067.2265625,83450.0,11544.6640625,19415.142578125,23713.052734375,30800.0,47300.0,22266.013671875,68585.9453125,36150.0,18913.556640625,40850.0,105307.6953125,76300.0,20892.666015625,31850.0,25300.0,15150.0,25090.0,1974.9000244140625
2022-04-15,15617.46484375,79000.0,26975.810546875,66800.0,19180.90234375,57283.609375,91297.0390625,36000.0,10222.6220703125,23415.978515625,13034.0966796875,125000.0,80100.0,54700.0,12352.94140625,84300.0,11427.1611328125,19338.8046875,22583.859375,30100.0,45600.0,21296.685546875,67908.5546875,35550.0,18512.0390625,40350.0,104538.4609375,76500.0,20363.73828125,31500.0,25300.0,15150.0,25090.0,1974.9000244140625
2022-04-18,15268.341796875,79800.0,26049.16015625,66800.0,18067.171875,57532.671875,91455.6796875,36800.0,10106.0146484375,22594.830078125,12577.48828125,124000.0,80100.0,52900.0,12184.8740234375,85000.0,11427.1611328125,19211.576171875,21172.369140625,29000.0,44850.0,21610.291015625,65791.703125,34900.0,18258.44921875,39750.0,106384.6171875,77000.0,19385.220703125,31350.0,25300.0,15150.0,25090.0,1986.4000244140625
2022-04-19,14733.0185546875,79900.0,26049.16015625,65700.0,17788.740234375,55789.2578125,90345.203125,35000.0,10067.1455078125,22939.181640625,12162.3896484375,120500.0,78000.0,51000.0,11344.5380859375,84450.0,10663.3916015625,19160.685546875,19760.876953125,27500.0,43700.0,20640.96484375,65791.703125,34450.0,17962.595703125,39400.0,110076.921875,76000.0,18935.630859375,30850.0,25300.0,15150.0,25090.0,1959.0
2022-04-20,14849.3935546875,76500.0,26049.16015625,64000.0,17757.802734375,55789.2578125,84554.859375,32550.0,10008.8408203125,22886.205078125,12245.4091796875,124300.0,78000.0,51300.0,10966.38671875,86000.0,9928.998046875,19211.576171875,19873.796875,27550.0,43050.0,20241.830078125,66384.421875,33400.0,17476.548828125,39650.0,109230.765625,75600.0,18618.2734375,30650.0,25300.0,15150.0,25090.0,1955.5999755859375
2022-04-21,14663.1943359375,73000.0,26426.685546875,66500.0,17943.42578125,55789.2578125,83285.7421875,30500.0,9678.4521484375,22965.669921875,12452.958984375,123000.0,77750.0,50300.0,11176.470703125,84850.0,9517.73828125,19313.359375,20353.703125,27650.0,43600.0,19842.6953125,66384.421875,32000.0,17751.271484375,38750.0,105000.0,75000.0,18776.953125,30500.0,25300.0,15150.0,25090.0,1948.199951171875
2022-04-22,15035.5927734375,75500.0,26426.685546875,63000.0,18190.919921875,55340.94921875,89076.0859375,29500.0,9775.6259765625,23204.068359375,12452.958984375,123300.0,77900.0,50100.0,11218.4873046875,85150.0,9635.2412109375,19211.576171875,20353.703125,28800.0,44100.0,20070.771484375,69602.03125,32350.0,17962.595703125,38850.0,106307.6953125,75900.0,19464.560546875,30900.0,25300.0,15150.0,25090.0,1934.300048828125
2022-04-25,14197.6953125,76500.0,24607.705078125,58600.0,16922.505859375,51505.4375,82889.140625,27450.0,9153.716796875,21588.259765625,11664.271484375,116000.0,72450.0,46600.0,10462.1845703125,79200.0,9077.1015625,18066.515625,18942.212890625,26800.0,41050.0,19671.63671875,69263.3359375,31500.0,16884.83984375,38100.0,100769.234375,73500.0,18115.79296875,29050.0,25300.0,15150.0,25090.0,1896.0
2022-04-26,14383.89453125,78300.0,25328.43359375,61900.0,17108.126953125,51953.74609375,86458.53125,28500.0,9522.9755859375,21826.658203125,12183.14453125,116000.0,74400.0,47800.0,10924.3701171875,84500.0,9282.732421875,18549.986328125,19478.578125,27400.0,41500.0,19928.224609375,68162.5703125,32500.0,17370.88671875,39000.0,99230.765625,75900.0,19252.98828125,31050.0,25300.0,15150.0,25090.0,1904.0999755859375
2022-04-27,14383.89453125,78200.0,25534.35546875,61500.0,17510.30859375,51306.19140625,88044.9296875,29100.0,9717.3212890625,22515.36328125,12328.4296875,119000.0,73600.0,48300.0,10882.3525390625,84500.0,9517.73828125,18855.3359375,19422.119140625,28200.0,41600.0,19842.6953125,69009.3125,32500.0,17666.740234375,39000.0,99230.765625,75000.0,19014.970703125,30500.0,25300.0,15150.0,25090.0,1888.699951171875
2022-04-28,14430.4443359375,83000.0,25191.15234375,60000.0,17448.43359375,52551.48828125,85427.375,28750.0,9795.060546875,22833.2265625,12224.654296875,116500.0,72500.0,47800.0,10756.302734375,82500.0,9517.73828125,18957.119140625,18913.982421875,27700.0,42300.0,19158.46484375,69009.3125,32250.0,17497.681640625,38950.0,99230.765625,74300.0,19305.880859375,29850.0,25300.0,15150.0,25090.0,1891.300048828125
2022-04-29,15221.7919921875,85900.0,25568.67578125,62100.0,17170.001953125,52302.42578125,84078.9375,28850.0,9833.9296875,22939.181640625,12369.939453125,116000.0,74600.0,48000.0,11050.419921875,81050.0,9576.4892578125,18702.66015625,18942.212890625,27700.0,44000.0,19158.46484375,68501.2734375,32500.0,18173.919921875,40000.0,99923.078125,74200.0,19411.666015625,30900.0,25300.0,15150.0,25090.0,1911.699951171875
2022-05-02,15221.7919921875,85900.0,25568.67578125,62100.0,17170.001953125,52302.42578125,84078.9375,28850.0,9833.9296875,22939.181640625,12369.939453125,116000.0,74600.0,48000.0,11050.419921875,81050.0,9576.4892578125,18702.66015625,18942.212890625,27700.0,44000.0,19158.46484375,68501.2734375,32500.0,18173.919921875,40000.0,99923.078125,74200.0,19411.666015625,30900.0,25300.0,15150.0,25090.0,1863.5999755859375
2022-05-03,15221.7919921875,85900.0,25568.67578125,62100.0,17170.001953125,52302.42578125,84078.9375,28850.0,9833.9296875,22939.181640625,12369.939453125,116000.0,74600.0,48000.0,11050.419921875,81050.0,9576.4892578125,18702.66015625,18942.212890625,27700.0,44000.0,19158.46484375,68501.2734375,32500.0,18173.919921875,40000.0,99923.078125,74200.0,19411.666015625,30900.0,25300.0,15150.0,25090.0,1870.5999755859375
2022-05-04,14779.568359375,84000.0,25568.67578125,63000.0,16705.947265625,52053.3671875,85665.3359375,28050.0,9639.5830078125,22250.4765625,11996.3505859375,113100.0,74750.0,48650.0,11806.72265625,81750.0,9811.4951171875,18448.203125,18067.087890625,26750.0,42000.0,18246.15625,67654.53125,32250.0,17075.03125,39850.0,100230.765625,72500.0,18935.630859375,29950.0,25300.0,15150.0,25090.0,1868.800048828125
2022-05-05,14756.2939453125,86000.0,26220.763671875,64000.0,17262.8125,52152.9921875,86775.8125,28200.0,9775.6259765625,22276.96484375,12037.8603515625,119000.0,74700.0,47600.0,11890.755859375,84700.0,9693.9921875,18422.755859375,17502.4921875,26900.0,42600.0,19500.580078125,68585.9453125,34400.0,17666.740234375,40000.0,100615.3828125,72100.0,18803.3984375,30300.0,25300.0,15150.0,25090.0,1875.699951171875
2022-05-06,14430.4443359375,80500.0,25397.07421875,63800.0,16705.947265625,49911.4609375,87093.0859375,26800.0,9348.0634765625,22144.521484375,11622.76171875,117000.0,73300.0,45800.0,11680.671875,83750.0,9106.4775390625,17964.732421875,16288.6083984375,25500.0,41500.0,19158.46484375,67231.15625,34350.0,17159.5625,39900.0,98461.5390625,70200.0,18062.900390625,29600.0,25300.0,15150.0,25090.0,1882.800048828125
2022-05-09,14244.2451171875,74900.0,23646.734375,59400.0,15561.2802734375,46823.125,83206.421875,24950.0,8939.935546875,21164.44140625,10875.583984375,114900.0,68200.0,42600.0,10882.3525390625,80050.0,8518.962890625,17557.599609375,15159.416015625,23750.0,38600.0,18018.080078125,65961.046875,34000.0,16483.322265625,39550.0,95384.6171875,70000.0,16819.91796875,28200.0,25300.0,15150.0,25090.0,1858.5999755859375
2022-05-10,14337.3447265625,80100.0,24573.384765625,60000.0,15592.2177734375,49014.84765625,85665.3359375,24750.0,9348.0634765625,21773.681640625,11228.41796875,116100.0,70050.0,42700.0,11176.470703125,82450.0,8636.4658203125,18320.97265625,15752.2421875,23900.0,38700.0,18987.40625,67739.203125,34950.0,16229.7333984375,40200.0,99307.6953125,70600.0,17613.310546875,28100.0,25300.0,15150.0,25090.0,1841.0
2022-05-11,14709.744140625,84700.0,24779.306640625,58500.0,16520.326171875,50758.26171875,86379.2109375,24600.0,9425.8017578125,21535.283203125,11415.2119140625,111900.0,70500.0,41500.0,11092.4365234375,81750.0,8607.08984375,18320.97265625,15639.3232421875,23550.0,39000.0,19072.935546875,67739.203125,35250.0,16673.515625,40250.0,97307.6953125,69500.0,17666.203125,28900.0,25300.0,15150.0,25090.0,1853.699951171875
2022-05-12,13732.197265625,78800.0,23063.2890625,54500.0,15468.4697265625,47620.11328125,83761.65625,22900.0,8920.5009765625,20263.826171875,10647.2802734375,104100.0,67200.0,38600.0,10336.134765625,82450.0,8048.951171875,17812.056640625,14566.58984375,21950.0,36300.0,18018.080078125,65198.984375,34450.0,15511.2294921875,39500.0,96000.0,66500.0,16449.66796875,26900.0,25300.0,15150.0,25090.0,1824.5999755859375
2022-05-13,12801.201171875,73300.0,21827.755859375,50700.0,14787.857421875,46623.87890625,79319.75,21300.0,8628.9814453125,19018.859375,10003.876953125,96900.0,62550.0,37350.0,9621.8486328125,81350.0,7520.18798828125,17633.9375,14566.58984375,20450.0,33800.0,17105.771484375,61812.0234375,34000.0,14435.5869140625,39000.0,96846.15625,66100.0,15338.9189453125,25300.0,25300.0,15150.0,25090.0,1808.199951171875
2022-05-16,12847.7509765625,68200.0,22102.318359375,47900.0,15190.037109375,46424.6328125,75353.765625,21850.0,8745.58984375,19230.76953125,10211.4267578125,90200.0,61500.0,39100.0,9747.8994140625,78900.0,7138.3037109375,17710.2734375,15413.484375,19050.0,32600.0,17675.96484375,62828.11328125,32900.0,14578.23046875,38500.0,96923.078125,65800.0,15338.9189453125,26250.0,25300.0,15150.0,25090.0,1814.0
2022-05-17,13615.8232421875,70000.0,23646.734375,51200.0,16241.8935546875,49662.3984375,80033.6328125,23350.0,9328.62890625,20237.337890625,10917.09375,96500.0,65800.0,41800.0,10420.16796875,82750.0,7637.69091796875,17710.2734375,16457.98828125,20350.0,34850.0,18816.349609375,64352.2421875,33450.0,15177.3359375,39000.0,98461.5390625,70000.0,16396.775390625,27400.0,25300.0,15150.0,25090.0,1818.9000244140625
2022-05-18,13476.173828125,74900.0,23955.619140625,50700.0,16458.451171875,48666.1640625,83285.7421875,23350.0,9328.62890625,20237.337890625,11062.37890625,103200.0,66750.0,41400.0,10630.251953125,80750.0,8166.4541015625,17710.2734375,16175.689453125,21750.0,36050.0,18360.1953125,63844.19921875,33450.0,15177.3359375,39000.0,96692.3046875,70300.0,16370.3291015625,27400.0,25300.0,15150.0,25090.0,1815.9000244140625
2022-05-19,13313.2490234375,75800.0,23784.015625,50100.0,16149.0830078125,48317.48046875,83920.296875,22950.0,9445.236328125,20078.40625,11103.888671875,110400.0,66500.0,40500.0,10756.302734375,81450.0,8489.5869140625,17608.490234375,16091.0,21750.0,35800.0,17761.4921875,64352.2421875,33500.0,14720.875,38950.0,96384.6171875,69000.0,16105.865234375,27400.0,25300.0,15150.0,25090.0,1841.199951171875
2022-05-20,13522.7236328125,76000.0,23681.0546875,50200.0,16025.3349609375,48566.5390625,82889.140625,23700.0,9464.6708984375,19945.962890625,11207.6630859375,107800.0,67000.0,40500.0,10756.302734375,78250.0,8665.841796875,17735.720703125,16062.7705078125,21600.0,35700.0,17904.041015625,63759.52734375,33400.0,14749.404296875,38900.0,96384.6171875,68100.0,16185.2041015625,27350.0,25300.0,15150.0,25090.0,1842.0999755859375
2022-05-23,13243.423828125,71100.0,22891.6875,50800.0,15468.4697265625,48068.421875,82095.9453125,23700.0,9406.3671875,19469.16796875,10917.09375,104500.0,65400.0,40250.0,10714.2861328125,77050.0,8518.962890625,17557.599609375,14961.806640625,20350.0,34850.0,17105.771484375,62997.4609375,33350.0,14150.298828125,38700.0,96153.84375,66300.0,15497.59765625,27350.0,25300.0,15150.0,25090.0,1847.800048828125
2022-05-24,13406.3486328125,74000.0,23166.25,50900.0,16087.208984375,48915.22265625,83920.296875,24150.0,9561.8447265625,18489.0859375,11145.3984375,109000.0,66500.0,40000.0,10798.3193359375,77000.0,8460.2119140625,17328.587890625,15865.1611328125,21750.0,35250.0,17618.9453125,64013.546875,33450.0,14549.7021484375,38800.0,96384.6171875,68900.0,15867.84765625,28100.0,25300.0,15150.0,25090.0,1865.4000244140625
2022-05-25,13964.9462890625,74600.0,23955.619140625,52800.0,16644.07421875,52302.42578125,85982.609375,25350.0,9969.9716796875,18250.689453125,11643.5166015625,110500.0,69500.0,41400.0,11260.50390625,77000.0,8930.2236328125,17328.587890625,16260.37890625,22750.0,36500.0,18189.13671875,65198.984375,33950.0,15034.6923828125,38850.0,96692.3046875,71900.0,16661.240234375,29450.0,25300.0,15150.0,25090.0,1846.300048828125
2022-05-26,14127.87109375,74400.0,24092.900390625,53500.0,16520.326171875,52601.296875,85348.0546875,25350.0,9931.1025390625,18542.064453125,11477.4775390625,108600.0,69500.0,42550.0,11050.419921875,76500.0,8871.4716796875,17430.37109375,16627.3671875,22400.0,36700.0,18018.080078125,64944.9609375,34350.0,14949.10546875,38850.0,96153.84375,71300.0,16423.22265625,29600.0,25300.0,15150.0,25090.0,1847.5999755859375
2022-05-27,14802.84375,73500.0,24230.181640625,53600.0,16705.947265625,55689.6328125,87251.7265625,25500.0,10028.2763671875,18780.462890625,11622.76171875,110000.0,73350.0,42600.0,11218.4873046875,77000.0,8930.2236328125,17608.490234375,16881.435546875,22250.0,37450.0,18417.21484375,65537.6796875,34850.0,15319.98046875,39000.0,97692.3046875,73000.0,16449.66796875,29800.0,25300.0,15150.0,25090.0,1851.300048828125
2022-05-30,14872.66796875,73000.0,24539.064453125,53500.0,16891.568359375,55440.57421875,87251.7265625,25450.0,10047.7109375,18780.462890625,11664.271484375,110000.0,72600.0,43400.0,11302.521484375,76700.0,8900.84765625,17455.81640625,16881.435546875,22800.0,37750.0,18816.349609375,66045.7265625,35250.0,15519.6826171875,39250.0,101923.078125,72500.0,16714.1328125,29950.0,25300.0,15150.0,25090.0,1851.300048828125
2022-05-31,14686.46875,73100.0,24230.181640625,52600.0,17262.8125,54743.20703125,93359.3515625,25200.0,10144.8837890625,18383.1328125,11518.9873046875,112400.0,72450.0,44000.0,11386.5546875,76750.0,8695.2177734375,17201.357421875,16740.28515625,22350.0,37150.0,18445.724609375,66807.7890625,34800.0,15291.451171875,39400.0,100692.3046875,71700.0,16396.775390625,30150.0,25300.0,15150.0,25090.0,1842.699951171875
2022-06-01,14476.994140625,73300.0,24127.220703125,52900.0,17170.001953125,55689.6328125,95976.8984375,25150.0,10164.318359375,18197.7109375,11456.72265625,115000.0,72750.0,44500.0,11722.689453125,76550.0,8724.5927734375,17048.68359375,16683.826171875,22250.0,36850.0,18246.15625,68162.5703125,35150.0,15120.2783203125,39650.0,101000.0,71900.0,16317.4365234375,30050.0,25300.0,15150.0,25090.0,1848.699951171875
2022-06-02,14476.994140625,73300.0,24127.220703125,52900.0,17170.001953125,55689.6328125,95976.8984375,25150.0,10164.318359375,18197.7109375,11456.72265625,115000.0,72750.0,44500.0,11722.689453125,76550.0,8724.5927734375,17048.68359375,16683.826171875,22250.0,36850.0,18246.15625,68162.5703125,35150.0,15120.2783203125,39650.0,101000.0,71900.0,16317.4365234375,30050.0,25300.0,15150.0,25090.0,1871.4000244140625
2022-06-03,14721.380859375,71500.0,23578.09375,54200.0,16953.443359375,56785.4921875,98515.1328125,25000.0,9872.798828125,17694.427734375,11373.7021484375,112800.0,76600.0,43500.0,11344.5380859375,77600.0,8489.5869140625,17201.357421875,16514.447265625,21150.0,36450.0,18160.626953125,65622.3515625,34700.0,14892.0478515625,39400.0,97692.3046875,70300.0,16264.5439453125,29950.0,25300.0,15150.0,25090.0,1850.199951171875
2022-06-06,14721.380859375,69300.0,23475.1328125,54100.0,16829.6953125,56287.375,103036.359375,25150.0,9833.9296875,17641.44921875,11311.4375,117000.0,77350.0,44900.0,11596.638671875,79250.0,8254.5810546875,17175.912109375,16373.2978515625,20500.0,36050.0,17504.90625,67485.1796875,34650.0,14920.5771484375,39250.0,98153.84375,70800.0,16185.2041015625,29950.0,25300.0,15150.0,25090.0,1843.699951171875
2022-06-07,14517.7255859375,71400.0,23063.2890625,56100.0,16953.443359375,57582.48046875,103115.6796875,25300.0,9833.9296875,17588.47265625,11186.908203125,117900.0,76500.0,46700.0,12394.9580078125,79950.0,8019.57568359375,16997.791015625,15921.62109375,20200.0,36200.0,16877.6953125,68585.9453125,34250.0,14834.990234375,39000.0,97538.4609375,70600.0,16105.865234375,29900.0,25300.0,15150.0,25090.0,1852.0999755859375
2022-06-08,14954.1298828125,72000.0,23543.7734375,55400.0,17139.064453125,57283.609375,102243.1640625,27050.0,10086.580078125,17429.541015625,11602.0068359375,119300.0,76700.0,46850.0,12941.1767578125,79850.0,8577.71484375,17201.357421875,16542.677734375,21600.0,37250.0,17248.3203125,67061.8125,34250.0,15205.865234375,39050.0,97692.3046875,71000.0,16819.91796875,30400.0,25300.0,15150.0,25090.0,1856.5
2022-06-09,14983.2236328125,72000.0,23681.0546875,55000.0,17139.064453125,57433.046875,101212.0078125,27450.0,10028.2763671875,17906.3359375,11539.7421875,118500.0,76400.0,46900.0,13361.3447265625,78500.0,8607.08984375,17023.23828125,16373.2978515625,22300.0,37400.0,17134.28125,65876.375,34150.0,15120.2783203125,39050.0,98307.6953125,70200.0,16661.240234375,30900.0,25300.0,15150.0,25090.0,1852.800048828125
2022-06-10,14663.1943359375,71000.0,23200.5703125,53800.0,16767.822265625,54793.01953125,94152.546875,26100.0,10067.1455078125,17800.380859375,11415.2119140625,117000.0,75000.0,45000.0,12605.0419921875,78850.0,8401.4599609375,16845.1171875,15724.0126953125,21900.0,37950.0,16934.71484375,65791.703125,34150.0,14863.51953125,39000.0,98230.765625,69500.0,16343.8828125,30500.0,25300.0,15150.0,25090.0,1875.5
2022-06-13,13906.7587890625,68000.0,21930.716796875,50100.0,15623.154296875,51525.36328125,93597.3125,24300.0,9542.41015625,16846.7890625,10647.2802734375,109000.0,70000.0,42000.0,12815.1259765625,76500.0,7931.4482421875,16081.7431640625,14651.279296875,20600.0,36000.0,15765.8193359375,64690.94140625,33000.0,13836.4814453125,38200.0,96076.921875,66400.0,15206.6875,29000.0,25300.0,15150.0,25090.0,1831.800048828125
2022-06-14,14023.1337890625,68000.0,22170.958984375,51400.0,15623.154296875,53258.81640625,99942.890625,24750.0,9678.4521484375,16052.1298828125,10585.0146484375,106300.0,71750.0,43100.0,12815.1259765625,75000.0,7990.19970703125,16794.2265625,13747.9248046875,20900.0,35750.0,15110.0986328125,65198.984375,33000.0,12895.0302734375,38300.0,96000.0,66100.0,15259.580078125,29150.0,25300.0,15150.0,25090.0,1813.5
2022-06-15,13732.197265625,67100.0,21965.037109375,51400.0,15159.1005859375,54095.65234375,98356.4921875,23050.0,9522.9755859375,15575.333984375,10335.9560546875,106000.0,73850.0,41000.0,12184.8740234375,76000.0,7784.56982421875,17303.140625,12788.1103515625,20700.0,35700.0,15138.6083984375,64775.61328125,32950.0,12552.6845703125,38350.0,95769.234375,64500.0,15259.580078125,28900.0,25300.0,15150.0,25090.0,1819.5999755859375
2022-06-16,14023.1337890625,69000.0,22170.958984375,52400.0,15282.8486328125,54992.265625,101529.28125,23500.0,9697.88671875,16422.970703125,10335.9560546875,110700.0,79000.0,42050.0,12941.1767578125,78200.0,7813.9453125,18251.431640625,12505.8125,21000.0,36050.0,15281.15625,66977.140625,33000.0,12666.7998046875,38300.0,96461.5390625,68000.0,15338.9189453125,29200.0,25300.0,15150.0,25090.0,1849.9000244140625
2022-06-17,13441.2607421875,67700.0,21690.474609375,51500.0,14571.298828125,54992.265625,106288.46875,22700.0,9561.8447265625,15977.9619140625,9671.7978515625,117000.0,77700.0,41900.0,13529.412109375,78000.0,7608.3154296875,18221.0625,11630.6875,20250.0,34500.0,14539.90625,64436.91796875,33000.0,11782.40625,38300.0,96076.921875,66700.0,14757.0986328125,29350.0,25300.0,15150.0,25090.0,1840.5999755859375
2022-06-20,13324.88671875,65100.0,20249.017578125,50400.0,13983.4970703125,54992.265625,98911.734375,21800.0,9231.4560546875,14876.033203125,9339.71875,111000.0,73900.0,39250.0,12605.0419921875,76000.0,7843.3212890625,18221.0625,10840.2529296875,18850.0,33000.0,14283.3193359375,64352.2421875,32500.0,11012.1279296875,37800.0,97692.3046875,69000.0,14333.955078125,28700.0,25300.0,15150.0,25090.0,1840.5999755859375
2022-06-21,13383.07421875,63600.0,20798.14453125,51500.0,14261.9296875,53258.81640625,94787.109375,21700.0,9173.1513671875,14325.0693359375,9318.9638671875,111000.0,73500.0,39000.0,11722.689453125,77500.0,7578.939453125,18190.6953125,10332.1162109375,19200.0,33000.0,14625.4345703125,65791.703125,32500.0,10270.3779296875,37500.0,98307.6953125,73700.0,14386.8486328125,28000.0,25300.0,15150.0,25090.0,1838.800048828125
2022-06-22,13819.478515625,62000.0,20935.42578125,51100.0,14602.2353515625,50509.203125,88203.5625,21800.0,9173.1513671875,14807.162109375,9734.0625,106000.0,69800.0,39500.0,10924.3701171875,78000.0,7755.19384765625,18676.58984375,10632.4677734375,20500.0,34800.0,14939.041015625,64352.2421875,32400.0,10983.5986328125,37500.0,99461.5390625,70600.0,15021.5625,28500.0,25300.0,15150.0,25090.0,1838.4000244140625
2022-06-23,13819.478515625,63300.0,21278.62890625,52700.0,15623.154296875,51106.9453125,92645.46875,22700.0,9134.2822265625,15013.7744140625,9983.1220703125,110000.0,72500.0,40700.0,11680.671875,76700.0,7960.82421875,18767.6953125,11113.03125,21300.0,35950.0,15110.0986328125,64267.5703125,31600.0,11611.232421875,37100.0,98615.3828125,70700.0,15048.0087890625,28050.0,25300.0,15150.0,25090.0,1829.800048828125
2022-06-24,13848.572265625,62300.0,21415.91015625,54800.0,15313.78515625,51106.9453125,90424.515625,22750.0,8939.935546875,15013.7744140625,9837.837890625,109500.0,71900.0,40800.0,11386.5546875,77800.0,7931.4482421875,18949.90625,11173.1015625,21200.0,35500.0,14825.001953125,63505.50390625,31600.0,11753.876953125,37300.0,98692.3046875,71500.0,14889.330078125,27550.0,25300.0,15150.0,25090.0,1830.300048828125
2022-06-27,13935.8525390625,62100.0,21793.435546875,55100.0,15839.712890625,51704.6875,90741.796875,23350.0,9075.978515625,15771.349609375,10003.876953125,113000.0,71500.0,41500.0,11638.6552734375,78400.0,8019.57568359375,19041.01171875,11923.982421875,21500.0,35550.0,15224.13671875,63420.828125,31750.0,11810.9345703125,36900.0,102307.6953125,71100.0,15286.0263671875,28750.0,25300.0,15150.0,25090.0,1824.800048828125
2022-06-28,14255.8828125,63000.0,23097.609375,56300.0,16520.326171875,53617.4609375,92010.9140625,23500.0,9425.8017578125,15495.8681640625,10252.9365234375,114000.0,72800.0,41800.0,11680.671875,78550.0,8313.3330078125,19101.748046875,11773.806640625,22550.0,36700.0,15737.310546875,64606.265625,31900.0,12609.7421875,36800.0,102307.6953125,70800.0,15867.84765625,28850.0,25300.0,15150.0,25090.0,1821.199951171875
2022-06-29,14081.3212890625,64500.0,23955.619140625,55000.0,16613.13671875,53796.78125,92804.109375,22900.0,9484.10546875,15668.0439453125,10252.9365234375,114000.0,73000.0,41000.0,11554.6220703125,77000.0,8225.2060546875,19192.853515625,11863.912109375,22600.0,36750.0,15623.271484375,63928.875,31650.0,12780.9150390625,36700.0,101769.234375,72300.0,15867.84765625,28450.0,25300.0,15150.0,25090.0,1817.5
2022-06-30,13964.9462890625,67000.0,22994.6484375,52500.0,16180.01953125,51525.36328125,91614.3125,22550.0,9328.62890625,15358.126953125,10045.38671875,112000.0,71500.0,40300.0,11428.5712890625,77300.0,7931.4482421875,19192.853515625,11293.2431640625,21500.0,35550.0,15480.7236328125,63336.15625,31050.0,12267.3955078125,36750.0,100000.0,72200.0,15338.9189453125,28550.0,25300.0,15150.0,25090.0,1807.300048828125
2022-07-01,13994.0400390625,63200.0,24058.580078125,53100.0,16675.009765625,52601.296875,89631.3203125,22600.0,9522.9755859375,15426.9970703125,10045.38671875,109500.0,70300.0,40600.0,11428.5712890625,76950.0,7902.07275390625,19223.220703125,11833.876953125,22000.0,36000.0,15566.251953125,62658.765625,30700.0,12980.6162109375,36300.0,100076.921875,73700.0,15391.8125,28650.0,25300.0,15150.0,25090.0,1801.5
2022-07-04,14110.4150390625,63000.0,24058.580078125,53700.0,16458.451171875,51824.234375,86141.25,22400.0,9542.41015625,15151.515625,10211.4267578125,107700.0,67800.0,40350.0,11344.5380859375,76750.0,7990.19970703125,19223.220703125,12134.2294921875,22350.0,36350.0,15566.251953125,62743.4375,30500.0,13865.0107421875,36350.0,99692.3046875,75100.0,15444.705078125,28500.0,25300.0,15150.0,25090.0,1801.5
2022-07-05,14226.7890625,62000.0,24916.587890625,52800.0,16705.947265625,51047.16796875,81699.34375,21600.0,9620.1484375,15082.64453125,10564.259765625,102000.0,65500.0,40150.0,10924.3701171875,75400.0,8107.70263671875,19253.58984375,11833.876953125,23050.0,37750.0,15680.291015625,62658.765625,30250.0,13750.89453125,36150.0,96846.15625,73100.0,15603.3837890625,27950.0,25300.0,15150.0,25090.0,1763.9000244140625
2022-07-06,14081.3212890625,59300.0,24436.103515625,53000.0,15994.3974609375,49911.4609375,75988.3203125,20850.0,9270.3251953125,14772.7275390625,10335.9560546875,100000.0,64000.0,38200.0,10756.302734375,76300.0,7843.3212890625,19071.37890625,11413.3837890625,22500.0,37600.0,15366.6845703125,61642.67578125,29550.0,13750.89453125,33750.0,97769.234375,70700.0,15233.1337890625,26000.0,25300.0,15150.0,25090.0,1736.5
2022-07-07,14052.2275390625,59600.0,24916.587890625,55000.0,16272.830078125,49672.36328125,74639.890625,20750.0,9328.62890625,14979.3388671875,10418.9755859375,103000.0,64000.0,39000.0,10756.302734375,78100.0,7902.07275390625,19010.642578125,11473.4541015625,22600.0,37800.0,15651.78125,63928.875,30500.0,14321.4716796875,34900.0,99461.5390625,73000.0,15286.0263671875,27000.0,25300.0,15150.0,25090.0,1739.699951171875
2022-07-08,13964.9462890625,58900.0,24024.259765625,54600.0,16025.3349609375,49971.234375,75829.6875,21200.0,9212.0205078125,15461.4326171875,10398.220703125,104900.0,65000.0,39350.0,10924.3701171875,77550.0,7990.19970703125,19253.58984375,12254.3701171875,22500.0,37550.0,15452.2138671875,62658.765625,30500.0,14292.9423828125,35000.0,98307.6953125,73000.0,15127.34765625,27000.0,25300.0,15150.0,25090.0,1742.300048828125
2022-07-11,13674.009765625,59100.0,23681.0546875,54600.0,15777.8388671875,49493.0390625,75274.4453125,20950.0,8901.06640625,15185.9501953125,10128.40625,102500.0,64500.0,39500.0,10504.2021484375,77550.0,7843.3212890625,19253.58984375,12404.5458984375,22050.0,35600.0,14825.001953125,60965.28515625,30250.0,13636.779296875,35000.0,98000.0,73000.0,14545.52734375,26000.0,25300.0,15150.0,25090.0,1731.699951171875
2022-07-12,13674.009765625,59100.0,23681.0546875,54600.0,15777.8388671875,49493.0390625,75274.4453125,20950.0,8901.06640625,15185.9501953125,10128.40625,102500.0,64500.0,39500.0,10504.2021484375,77550.0,7843.3212890625,19253.58984375,12404.5458984375,22050.0,35600.0,14825.001953125,60965.28515625,30250.0,13636.779296875,35000.0,98000.0,73000.0,14545.52734375,26000.0,25300.0,15150.0,25090.0,1724.800048828125
2022-07-13,13964.9462890625,61000.0,24744.986328125,58000.0,16427.515625,49313.71875,76384.921875,22550.0,9212.0205078125,15358.126953125,10501.9951171875,101000.0,63600.0,39950.0,10924.3701171875,76800.0,8577.71484375,19223.220703125,12434.5810546875,23050.0,36100.0,15195.626953125,60795.9375,30050.0,13865.0107421875,34750.0,96000.0,72500.0,14677.7587890625,26250.0,25300.0,15150.0,25090.0,1735.5
2022-07-14,13994.0400390625,63600.0,24813.626953125,57900.0,16705.947265625,49493.0390625,78367.9140625,23200.0,9212.0205078125,15289.255859375,10585.0146484375,102500.0,62600.0,40100.0,11008.4033203125,77450.0,8548.3388671875,19132.115234375,12915.14453125,23300.0,35950.0,15338.17578125,61303.98046875,30050.0,13950.5966796875,34750.0,97461.5390625,72400.0,14836.4375,26050.0,25300.0,15150.0,25090.0,1705.800048828125
2022-07-15,13964.9462890625,62800.0,24573.384765625,56500.0,16705.947265625,49134.39453125,77336.7578125,23150.0,9173.1513671875,15977.9619140625,10564.259765625,101200.0,61500.0,39800.0,10924.3701171875,77000.0,8607.08984375,19101.748046875,12674.86328125,23000.0,36100.0,15452.2138671875,61219.3046875,30000.0,13836.4814453125,34800.0,95923.078125,71600.0,14942.22265625,26200.0,25300.0,15150.0,25090.0,1703.5999755859375
2022-07-18,13906.7587890625,62900.0,24367.462890625,57300.0,16644.07421875,49612.58984375,77336.7578125,23200.0,9134.2822265625,15564.73828125,10543.5048828125,102600.0,61000.0,40250.0,11008.4033203125,77100.0,8460.2119140625,19314.326171875,12554.7216796875,22550.0,36300.0,15537.7431640625,60965.28515625,29500.0,14036.18359375,34000.0,95538.4609375,71700.0,14889.330078125,26050.0,25300.0,15150.0,25090.0,1710.199951171875
2022-07-19,13906.7587890625,61500.0,24470.423828125,57100.0,16427.515625,49612.58984375,80826.828125,23200.0,9095.4130859375,15254.8212890625,10460.4853515625,102000.0,60000.0,42100.0,11302.521484375,78400.0,8548.3388671875,19344.6953125,12404.5458984375,22950.0,36100.0,15480.7236328125,60372.56640625,29400.0,13865.0107421875,34400.0,95769.234375,72800.0,14809.9912109375,26000.0,25300.0,15150.0,25090.0,1710.699951171875
2022-07-20,14139.5087890625,63000.0,24985.228515625,57500.0,16736.884765625,50748.296875,81699.34375,23800.0,9270.3251953125,15392.5615234375,10605.7705078125,103000.0,61200.0,42850.0,11344.5380859375,79900.0,8695.2177734375,19435.80078125,12795.00390625,23050.0,36300.0,16221.9736328125,61388.65234375,29850.0,14178.8271484375,34100.0,96538.4609375,73000.0,14889.330078125,26050.0,25300.0,15150.0,25090.0,1700.199951171875
2022-07-21,14343.1640625,62200.0,25053.87109375,56700.0,17015.31640625,50808.07421875,82571.8671875,23700.0,9348.0634765625,15633.6083984375,10626.525390625,105500.0,64100.0,42350.0,11218.4873046875,82500.0,8607.08984375,19435.80078125,12795.00390625,23100.0,36850.0,16136.4443359375,61388.65234375,29450.0,14321.4716796875,34250.0,96923.078125,73200.0,14915.7763671875,26300.0,25300.0,15150.0,25090.0,1713.4000244140625
2022-07-22,14168.6015625,66500.0,24367.462890625,56300.0,16644.07421875,50867.84765625,85506.6953125,23500.0,9250.890625,15289.255859375,10605.7705078125,108500.0,64500.0,41800.0,11050.419921875,83000.0,8430.8359375,19405.431640625,12554.7216796875,23000.0,37100.0,15993.896484375,61388.65234375,29350.0,14949.10546875,33250.0,96615.3828125,72000.0,14889.330078125,26000.0,25300.0,15150.0,25090.0,1727.4000244140625
2022-07-25,13994.0400390625,67800.0,24298.822265625,55400.0,16458.451171875,51047.16796875,83047.78125,22800.0,9173.1513671875,15082.64453125,10481.240234375,108600.0,63300.0,41100.0,11050.419921875,82500.0,8313.3330078125,19223.220703125,12284.4052734375,22850.0,36800.0,15623.271484375,61727.3515625,29450.0,14692.3466796875,33650.0,96769.234375,72900.0,14624.8662109375,26300.0,25300.0,15150.0,25090.0,1719.0999755859375
2022-07-26,13994.0400390625,68500.0,24401.783203125,54400.0,16427.515625,50688.5234375,83047.78125,22750.0,9173.1513671875,14910.46875,10439.73046875,110000.0,63000.0,40850.0,10924.3701171875,83850.0,8283.95703125,19283.958984375,12164.2646484375,22950.0,36600.0,15395.1943359375,62574.08984375,29350.0,14635.2890625,33050.0,96230.765625,72000.0,14651.3125,26050.0,25300.0,15150.0,25090.0,1717.699951171875
2022-07-27,14081.3212890625,68500.0,24401.783203125,57200.0,16705.947265625,50927.62109375,83047.78125,23100.0,9289.759765625,14634.986328125,10335.9560546875,109900.0,62100.0,41300.0,11008.4033203125,83850.0,8401.4599609375,19283.958984375,12254.3701171875,23050.0,36600.0,15366.6845703125,63505.50390625,29300.0,14635.2890625,33250.0,96384.6171875,72200.0,14651.3125,26300.0,25300.0,15150.0,25090.0,1719.0999755859375
2022-07-28,14226.7890625,71900.0,25053.87109375,56600.0,17077.19140625,50748.296875,84316.8984375,23950.0,9484.10546875,14738.2919921875,10605.7705078125,109900.0,62000.0,41500.0,11386.5546875,86500.0,8636.4658203125,19314.326171875,12704.8984375,24450.0,37300.0,15509.2333984375,63759.52734375,29400.0,15091.75,33500.0,98000.0,72600.0,15021.5625,28100.0,25300.0,15150.0,25090.0,1750.300048828125
2022-07-29,14314.0703125,73500.0,25602.99609375,57800.0,16829.6953125,49911.4609375,85268.734375,23900.0,9386.9326171875,14807.162109375,10647.2802734375,106100.0,61000.0,41100.0,11218.4873046875,90000.0,8607.08984375,19344.6953125,12825.0390625,24700.0,37900.0,15167.1181640625,63251.48046875,29950.0,15177.3359375,32000.0,96692.3046875,72800.0,15180.2412109375,28000.0,25300.0,15150.0,25090.0,1762.9000244140625
2022-08-01,14546.8193359375,75400.0,26769.888671875,59200.0,17757.802734375,50210.33203125,85586.015625,24700.0,9600.7138671875,15702.4794921875,11000.11328125,109400.0,61300.0,41800.0,11344.5380859375,91500.0,8842.095703125,19405.431640625,13696.060546875,25200.0,38600.0,15537.7431640625,65198.984375,30000.0,15205.865234375,32350.0,97769.234375,73500.0,15391.8125,29000.0,25300.0,15150.0,25090.0,1787.699951171875
2022-08-02,14488.6318359375,75600.0,26426.685546875,58900.0,17695.9296875,50808.07421875,85823.9765625,24800.0,9659.017578125,15771.349609375,11083.1337890625,110000.0,62000.0,41000.0,11554.6220703125,93900.0,8871.4716796875,19344.6953125,13936.341796875,24950.0,38300.0,15765.8193359375,66807.7890625,31250.0,15177.3359375,33300.0,98076.921875,73400.0,15365.365234375,29000.0,25300.0,15150.0,25090.0,1789.699951171875
2022-08-03,14517.7255859375,74800.0,26975.810546875,58400.0,18005.298828125,50688.5234375,88838.125,24700.0,9659.017578125,16356.7490234375,11166.1533203125,110000.0,61800.0,40900.0,11512.60546875,94950.0,8959.5986328125,19314.326171875,14146.5888671875,25450.0,38150.0,15965.38671875,67315.8359375,30950.0,14949.10546875,33000.0,97692.3046875,73400.0,15338.9189453125,29050.0,25300.0,15150.0,25090.0,1776.4000244140625
2022-08-04,14546.8193359375,76700.0,26975.810546875,58400.0,17850.61328125,51465.58984375,86458.53125,24600.0,9678.4521484375,16287.87890625,11186.908203125,107900.0,62700.0,42100.0,11428.5712890625,92500.0,8930.2236328125,19283.958984375,14146.5888671875,25200.0,38400.0,16421.541015625,69856.0546875,31500.0,14892.0478515625,33200.0,99384.6171875,73300.0,15550.490234375,29000.0,25300.0,15150.0,25090.0,1806.9000244140625
2022-08-05,14459.5380859375,78000.0,26769.888671875,58800.0,17943.42578125,51286.265625,86855.1328125,24750.0,9600.7138671875,16046.83203125,11186.908203125,104500.0,62700.0,41650.0,11764.7060546875,91300.0,8900.84765625,19162.484375,14897.4697265625,25250.0,38400.0,16421.541015625,69432.6875,30900.0,14806.4619140625,32700.0,97307.6953125,72600.0,15524.0439453125,28950.0,25300.0,15150.0,25090.0,1791.199951171875
2022-08-08,14401.3515625,78300.0,26632.607421875,58700.0,17943.42578125,51405.81640625,88044.9296875,25100.0,9717.3212890625,16253.443359375,11249.1728515625,104800.0,62900.0,42450.0,11764.7060546875,90500.0,8900.84765625,19101.748046875,14807.36328125,25300.0,39200.0,16278.9931640625,69432.6875,30750.0,14920.5771484375,32300.0,96307.6953125,72200.0,15867.84765625,28700.0,25300.0,15150.0,25090.0,1805.199951171875
2022-08-09,14517.7255859375,78300.0,26529.646484375,58300.0,17819.677734375,51525.36328125,88838.125,25250.0,9775.6259765625,16597.796875,11352.947265625,105200.0,63300.0,42100.0,11806.72265625,90100.0,8930.2236328125,18980.2734375,14897.4697265625,25250.0,39150.0,16307.5029296875,68416.59375,30450.0,14863.51953125,32650.0,97230.765625,72000.0,16000.0791015625,28550.0,25300.0,15150.0,25090.0,1812.300048828125
2022-08-10,14459.5380859375,80000.0,26358.044921875,57500.0,17603.119140625,51405.81640625,87965.609375,25050.0,9736.755859375,16391.185546875,11290.6826171875,105800.0,63600.0,41950.0,11722.689453125,91000.0,8812.720703125,18889.16796875,14747.29296875,24900.0,38800.0,16136.4443359375,68162.5703125,30650.0,14834.990234375,32400.0,96461.5390625,72500.0,15920.740234375,28400.0,25300.0,15150.0,25090.0,1813.699951171875
2022-08-11,14401.3515625,79500.0,26289.404296875,56700.0,17634.0546875,51405.81640625,89631.3203125,24700.0,9833.9296875,16115.7021484375,11124.6435546875,106800.0,63000.0,41850.0,11596.638671875,91000.0,8695.2177734375,19132.115234375,14657.1875,25200.0,38500.0,16250.4833984375,69009.3125,30700.0,14635.2890625,32900.0,96307.6953125,71100.0,15656.2763671875,28900.0,25300.0,15150.0,25090.0,1807.199951171875
2022-08-12,14430.4443359375,81000.0,26907.169921875,58200.0,17726.8671875,51704.6875,90741.796875,24850.0,9872.798828125,16494.490234375,11228.41796875,107200.0,63000.0,41950.0,11764.7060546875,91000.0,8753.96875,19041.01171875,14957.5400390625,25650.0,38800.0,16307.5029296875,69093.984375,30600.0,14720.875,33100.0,95615.3828125,71900.0,15814.955078125,29350.0,25300.0,15150.0,25090.0,1815.5
2022-08-15,14517.7255859375,80400.0,28142.703125,57900.0,18221.857421875,53139.265625,90424.515625,24850.0,10222.6220703125,16528.92578125,11352.947265625,108500.0,65000.0,42100.0,11764.7060546875,93000.0,9341.4833984375,19132.115234375,14867.43359375,25650.0,39100.0,16507.0703125,69263.3359375,30750.0,14977.634765625,33200.0,95692.3046875,71500.0,16052.97265625,29550.0,25300.0,15150.0,25090.0,1798.0999755859375
2022-08-16,14459.5380859375,80000.0,27799.5,57500.0,18067.171875,53019.71875,90027.921875,24800.0,10242.056640625,16907.712890625,11311.4375,109000.0,66000.0,43250.0,11848.7392578125,94000.0,9282.732421875,19101.748046875,14777.328125,25550.0,39000.0,16450.05078125,69009.3125,30650.0,15063.220703125,32950.0,94923.078125,71800.0,15947.1865234375,29300.0,25300.0,15150.0,25090.0,1789.699951171875
2022-08-17,14517.7255859375,81500.0,27456.296875,56800.0,18005.298828125,52780.62109375,89155.40625,24550.0,10397.5341796875,16735.537109375,11518.9873046875,111300.0,65000.0,42650.0,11722.689453125,94250.0,9165.2294921875,19132.115234375,14747.29296875,25400.0,39300.0,16364.521484375,69009.3125,30650.0,14920.5771484375,33650.0,95000.0,72600.0,15947.1865234375,29500.0,25300.0,15150.0,25090.0,1776.699951171875
2022-08-18,14634.1005859375,80200.0,27181.732421875,56500.0,17788.740234375,52780.62109375,90186.5625,24350.0,10416.96875,16632.23046875,11477.4775390625,112000.0,64500.0,42400.0,11596.638671875,96750.0,9106.4775390625,19041.01171875,15077.6806640625,25200.0,39100.0,16364.521484375,69009.3125,30550.0,14834.990234375,34050.0,95384.6171875,73400.0,15894.2939453125,29600.0,25300.0,15150.0,25090.0,1771.199951171875
2022-08-19,14459.5380859375,80000.0,27010.130859375,55800.0,17479.37109375,51943.78125,91693.6328125,24200.0,10203.1875,16356.7490234375,11456.72265625,112000.0,64100.0,42700.0,11428.5712890625,97500.0,9077.1015625,18980.2734375,15107.7158203125,25100.0,39000.0,16193.4638671875,68501.2734375,30050.0,14663.8173828125,33950.0,95384.6171875,74100.0,16529.0078125,29300.0,25300.0,15150.0,25090.0,1762.9000244140625
2022-08-22,14343.1640625,85600.0,26392.365234375,57000.0,17324.685546875,51884.0078125,91138.3984375,23650.0,9892.2333984375,16081.267578125,11506.5341796875,111800.0,66500.0,42350.0,11470.587890625,97000.0,9135.853515625,19739.484375,14837.3984375,24700.0,38700.0,15908.3681640625,67739.203125,29700.0,14264.4140625,33000.0,95307.6953125,73700.0,16529.0078125,29050.0,25300.0,15150.0,25090.0,1748.4000244140625
2022-08-23,14430.4443359375,89000.0,27113.091796875,56800.0,17324.685546875,52003.5546875,92804.109375,23950.0,9989.40625,16287.87890625,11556.345703125,112600.0,66900.0,44000.0,11680.671875,95000.0,9223.98046875,19739.484375,15257.8916015625,25000.0,38800.0,15965.38671875,67908.5546875,29750.0,14378.529296875,32500.0,95000.0,75800.0,16502.560546875,28850.0,25300.0,15150.0,25090.0,1761.199951171875
2022-08-24,14459.5380859375,89000.0,26975.810546875,56900.0,17448.43359375,51525.36328125,93042.0703125,24150.0,10067.1455078125,16184.5732421875,11606.158203125,111900.0,66800.0,43800.0,11806.72265625,93500.0,9194.6044921875,19678.748046875,15167.7861328125,25400.0,39250.0,16022.40625,69432.6875,29850.0,14321.4716796875,32450.0,95000.0,77700.0,16608.34765625,28600.0,25300.0,15150.0,25090.0,1761.5
2022-08-25,14546.8193359375,90600.0,26975.810546875,57000.0,17757.802734375,51585.13671875,92407.515625,25450.0,10280.9267578125,16425.619140625,11780.4990234375,112800.0,68400.0,43900.0,11848.7392578125,93750.0,9370.859375,19678.748046875,15317.9619140625,25650.0,39550.0,16421.541015625,69432.6875,30500.0,14663.8173828125,32950.0,94923.078125,77900.0,16899.2578125,29200.0,25300.0,15150.0,25090.0,1771.4000244140625
2022-08-26,14430.4443359375,90500.0,27044.451171875,57000.0,17603.119140625,52123.10546875,91376.359375,25400.0,10222.6220703125,16184.5732421875,11755.5927734375,112200.0,72200.0,43500.0,11974.7900390625,94000.0,9223.98046875,19678.748046875,14897.4697265625,25100.0,39500.0,16193.4638671875,69856.0546875,30150.0,14492.64453125,32500.0,94615.3828125,76900.0,16714.1328125,28850.0,25300.0,15150.0,25090.0,1749.800048828125
2022-08-29,14284.9765625,89000.0,26769.888671875,57300.0,17262.8125,51704.6875,93200.7109375,24950.0,10086.580078125,15840.220703125,11655.9697265625,112200.0,74000.0,42900.0,11722.689453125,94000.0,9077.1015625,19557.2734375,14657.1875,24850.0,38750.0,15794.3291015625,69856.0546875,29850.0,14435.5869140625,31800.0,93846.15625,75500.0,16502.560546875,28400.0,25300.0,15150.0,25090.0,1749.699951171875
2022-08-30,14284.9765625,90900.0,27319.013671875,57400.0,17572.181640625,51644.91015625,94311.1875,26650.0,10222.6220703125,15874.6552734375,11780.4990234375,113700.0,73300.0,42250.0,11638.6552734375,93950.0,9047.7265625,19618.01171875,14386.8701171875,24650.0,38750.0,15908.3681640625,72819.640625,29950.0,14264.4140625,31800.0,94153.84375,76000.0,16581.900390625,28400.0,25300.0,15150.0,25090.0,1736.300048828125
2022-08-31,14343.1640625,92000.0,27456.296875,58500.0,17479.37109375,51764.4609375,92883.4296875,26350.0,10378.099609375,15840.220703125,11830.310546875,114500.0,74000.0,42200.0,11764.7060546875,93950.0,9165.2294921875,19587.642578125,14416.90625,24800.0,38950.0,15965.38671875,71126.1640625,30500.0,14264.4140625,31850.0,93538.4609375,75500.0,16819.91796875,27700.0,25300.0,15150.0,25090.0,1726.199951171875
2022-09-01,14343.1640625,92000.0,27456.296875,58500.0,17479.37109375,51764.4609375,92883.4296875,26350.0,10378.099609375,15840.220703125,11830.310546875,114500.0,74000.0,42200.0,11764.7060546875,93950.0,9165.2294921875,19587.642578125,14416.90625,24800.0,38950.0,15965.38671875,71126.1640625,30500.0,14264.4140625,31850.0,93538.4609375,75500.0,16819.91796875,27700.0,25300.0,15150.0,25090.0,1709.300048828125
2022-09-02,14343.1640625,92000.0,27456.296875,58500.0,17479.37109375,51764.4609375,92883.4296875,26350.0,10378.099609375,15840.220703125,11830.310546875,114500.0,74000.0,42200.0,11764.7060546875,93950.0,9165.2294921875,19587.642578125,14416.90625,24800.0,38950.0,15965.38671875,71126.1640625,30500.0,14264.4140625,31850.0,93538.4609375,75500.0,16819.91796875,27700.0,25300.0,15150.0,25090.0,1722.5999755859375
2022-09-05,14255.8828125,90500.0,27113.091796875,59600.0,17293.75,51525.36328125,92328.1953125,26200.0,10261.4912109375,16460.0546875,11755.5927734375,115500.0,72500.0,41900.0,11764.7060546875,94000.0,9077.1015625,19435.80078125,14236.6943359375,24700.0,38600.0,15965.38671875,69940.7265625,30500.0,14007.654296875,32000.0,92307.6953125,77500.0,16555.455078125,27550.0,25300.0,15150.0,25090.0,1722.5999755859375
2022-09-06,14343.1640625,88900.0,27490.6171875,59100.0,17479.37109375,51286.265625,92407.515625,25900.0,10378.099609375,16219.0078125,11780.4990234375,115000.0,72900.0,41500.0,12016.806640625,94300.0,9106.4775390625,19435.80078125,14266.7294921875,24700.0,38650.0,15965.38671875,70025.3984375,30550.0,14036.18359375,31650.0,92076.921875,77800.0,16608.34765625,28050.0,25300.0,15150.0,25090.0,1712.9000244140625
2022-09-07,14139.5087890625,87900.0,25946.19921875,56600.0,16922.505859375,50210.33203125,88838.125,25800.0,10144.8837890625,15840.220703125,11456.72265625,112000.0,70700.0,40000.0,11764.7060546875,94000.0,8607.08984375,19435.80078125,13545.884765625,24350.0,37550.0,15566.251953125,67739.203125,29750.0,13979.1259765625,31250.0,87615.3828125,75700.0,16026.5263671875,27650.0,25300.0,15150.0,25090.0,1727.800048828125
2022-09-08,13964.9462890625,88000.0,25191.15234375,56000.0,16613.13671875,50389.65234375,88679.484375,25000.0,9911.66796875,15909.0908203125,11357.0986328125,115000.0,71500.0,39800.0,11512.60546875,95850.0,8225.2060546875,19405.431640625,13245.5322265625,23900.0,37400.0,15338.17578125,66045.7265625,29800.0,13465.6064453125,31450.0,88461.5390625,75700.0,15814.955078125,27400.0,25300.0,15150.0,25090.0,1720.199951171875
2022-09-09,13964.9462890625,89800.0,25397.07421875,56600.0,16613.13671875,50389.65234375,90424.515625,25350.0,10028.2763671875,16391.185546875,11307.287109375,116100.0,72000.0,40200.0,11806.72265625,96900.0,8401.4599609375,19375.064453125,13335.6376953125,23750.0,37650.0,15395.1943359375,66723.1171875,29950.0,13465.6064453125,32200.0,90769.234375,75900.0,16132.3115234375,27500.0,25300.0,15150.0,25090.0,1728.5999755859375
2022-09-12,13819.478515625,90100.0,25328.43359375,56600.0,16736.884765625,50568.9765625,90186.5625,25000.0,9969.9716796875,16391.185546875,11257.474609375,115000.0,74000.0,40250.0,11848.7392578125,97500.0,8372.083984375,19132.115234375,13125.3916015625,23100.0,37500.0,15366.6845703125,66977.140625,30700.0,13322.962890625,32000.0,90384.6171875,75300.0,16105.865234375,28750.0,25300.0,15150.0,25090.0,1740.5999755859375
2022-09-13,13848.572265625,91000.0,25259.79296875,56500.0,17015.31640625,50568.9765625,90583.15625,25050.0,10067.1455078125,16322.314453125,11232.5693359375,114000.0,74100.0,40100.0,11890.755859375,95500.0,8460.2119140625,19132.115234375,13005.25,23050.0,37300.0,15309.666015625,66553.765625,30350.0,13322.962890625,32050.0,90307.6953125,75700.0,16132.3115234375,28350.0,25300.0,15150.0,25090.0,1717.4000244140625
2022-09-14,13674.009765625,91500.0,25053.87109375,56400.0,16705.947265625,50210.33203125,89234.7265625,25000.0,9795.060546875,16322.314453125,11157.8515625,112000.0,73700.0,39400.0,11890.755859375,92000.0,8313.3330078125,19071.37890625,13185.4619140625,23050.0,36800.0,15138.6083984375,66299.7421875,30000.0,13208.84765625,31700.0,89384.6171875,74000.0,16026.5263671875,28500.0,25300.0,15150.0,25090.0,1709.0999755859375
2022-09-15,13703.103515625,97900.0,24539.064453125,56600.0,16644.07421875,50031.0078125,88679.484375,25500.0,9775.6259765625,16253.443359375,11033.3212890625,112000.0,73900.0,39300.0,12142.857421875,92650.0,8283.95703125,19101.748046875,13005.25,23050.0,36600.0,15138.6083984375,67061.8125,30250.0,13123.2607421875,31950.0,89230.765625,74500.0,16026.5263671875,28850.0,25300.0,15150.0,25090.0,1677.300048828125
2022-09-16,13470.3544921875,98000.0,24367.462890625,56000.0,16210.9560546875,49313.71875,88044.9296875,24600.0,9717.3212890625,15840.220703125,10858.98046875,112800.0,72000.0,39150.0,11974.7900390625,92650.0,8048.951171875,19132.115234375,12704.8984375,22450.0,36000.0,14996.0595703125,67739.203125,29800.0,12980.6162109375,31250.0,89000.0,76000.0,16158.7578125,29850.0,25300.0,15150.0,25090.0,1683.5
2022-09-19,13295.79296875,97300.0,23475.1328125,53100.0,15777.8388671875,49672.36328125,85665.3359375,22900.0,9522.9755859375,15599.173828125,10460.4853515625,112500.0,70500.0,38000.0,11344.5380859375,92650.0,7637.69091796875,19071.37890625,11954.017578125,21600.0,35050.0,14254.8095703125,66723.1171875,29200.0,12581.212890625,31450.0,88461.5390625,75200.0,15814.955078125,29100.0,25300.0,15150.0,25090.0,1678.199951171875
2022-09-20,13324.88671875,96500.0,24127.220703125,54400.0,16087.208984375,49851.68359375,86537.8515625,23500.0,9639.5830078125,15840.220703125,10634.8271484375,113300.0,71700.0,38000.0,11512.60546875,93750.0,7872.69677734375,19132.115234375,12434.5810546875,22150.0,35050.0,14482.88671875,67061.8125,29450.0,12723.857421875,31950.0,89307.6953125,75800.0,15867.84765625,29050.0,25300.0,15150.0,25090.0,1671.0999755859375
2022-09-21,13150.32421875,96300.0,23852.65625,55100.0,15808.7763671875,49194.16796875,86458.53125,23250.0,9600.7138671875,15771.349609375,10560.109375,112000.0,70000.0,37900.0,11302.521484375,94000.0,7813.9453125,19071.37890625,12344.4755859375,21750.0,34500.0,14397.3583984375,66807.7890625,29150.0,12552.6845703125,31550.0,88461.5390625,76900.0,15603.3837890625,28600.0,25300.0,15150.0,25090.0,1675.699951171875
2022-09-22,13266.69921875,96100.0,24127.220703125,55200.0,15715.9658203125,49552.8125,88044.9296875,23600.0,9600.7138671875,15840.220703125,10585.0146484375,110000.0,70100.0,37550.0,11470.587890625,93500.0,7843.3212890625,19010.642578125,12674.86328125,21950.0,34550.0,14454.376953125,66045.7265625,28850.0,12837.97265625,31650.0,88461.5390625,76900.0,15497.59765625,28650.0,25300.0,15150.0,25090.0,1681.0999755859375
2022-09-23,13150.32421875,94700.0,23852.65625,58400.0,15468.4697265625,49253.94140625,89234.7265625,23350.0,9445.236328125,15633.6083984375,10460.4853515625,108600.0,69400.0,37200.0,11260.50390625,93500.0,7696.4423828125,18889.16796875,12404.5458984375,21450.0,34200.0,14283.3193359375,64267.5703125,28600.0,12723.857421875,31300.0,86769.234375,76700.0,15206.6875,28500.0,25300.0,15150.0,25090.0,1655.5999755859375
2022-09-26,12917.5751953125,93800.0,22926.0078125,57900.0,14540.361328125,48715.9765625,90107.2421875,23000.0,9114.84765625,15426.9970703125,10012.1787109375,107700.0,68000.0,36100.0,10756.302734375,92500.0,7285.18212890625,18524.748046875,11713.736328125,20500.0,33250.0,14197.791015625,63505.50390625,27950.0,12866.5009765625,31000.0,84692.3046875,74000.0,14598.419921875,26650.0,25300.0,15150.0,25090.0,1633.4000244140625
2022-09-27,13033.9501953125,93000.0,23131.9296875,57400.0,14509.4248046875,48118.234375,88441.5234375,22750.0,9377.2158203125,15426.9970703125,10061.9912109375,107700.0,67100.0,35400.0,10882.3525390625,92650.0,7490.8125,18555.115234375,11743.771484375,20500.0,33500.0,14197.791015625,62912.78515625,27050.0,13265.9052734375,30500.0,85000.0,72400.0,14492.6337890625,26650.0,25300.0,15150.0,25090.0,1636.199951171875
2022-09-28,12801.201171875,91000.0,22994.6484375,56000.0,14416.6142578125,46623.87890625,82492.546875,22200.0,9304.3359375,15013.7744140625,9937.4609375,102100.0,65000.0,34900.0,10798.3193359375,91500.0,7343.93359375,18555.115234375,11863.912109375,20300.0,33250.0,14055.2421875,63505.50390625,25600.0,13009.1455078125,28750.0,84692.3046875,71800.0,14677.7587890625,26850.0,25300.0,15150.0,25090.0,1670.0
2022-09-29,12801.201171875,84700.0,22994.6484375,53500.0,13983.4970703125,46026.13671875,83285.7421875,20900.0,9304.3359375,14910.46875,9862.7431640625,100000.0,64000.0,34350.0,10546.21875,91400.0,7285.18212890625,18555.115234375,11593.5947265625,19700.0,33000.0,14083.751953125,62658.765625,25400.0,12638.2705078125,27300.0,84692.3046875,72700.0,14281.0625,27200.0,25300.0,15150.0,25090.0,1668.5999755859375
2022-09-30,12917.5751953125,90600.0,23269.2109375,53500.0,14354.740234375,48118.234375,87251.7265625,20900.0,9304.3359375,14600.55078125,9962.3671875,99000.0,64000.0,32900.0,10378.1513671875,92500.0,7314.55810546875,18585.484375,11893.947265625,20600.0,32500.0,14254.8095703125,61981.37109375,25350.0,12552.6845703125,27500.0,85307.6953125,72300.0,14281.0625,28000.0,25300.0,15150.0,25090.0,1672.0
2022-10-03,12568.4521484375,90000.0,21656.154296875,49800.0,13364.7578125,46026.13671875,84872.1328125,19450.0,8939.935546875,13601.9287109375,9314.8134765625,94000.0,59600.0,32350.0,9663.865234375,91100.0,6991.4248046875,18038.8515625,11082.99609375,19200.0,30250.0,13599.0888671875,59779.84765625,25200.0,12067.6943359375,27750.0,84615.3828125,71000.0,13487.669921875,26100.0,25300.0,15150.0,25090.0,1702.0
2022-10-04,12219.328125,88300.0,21278.62890625,48200.0,12838.830078125,46325.0078125,84078.9375,18250.0,8988.5224609375,12982.09375,9364.625,90500.0,61000.0,32000.0,9747.8994140625,94000.0,6756.4189453125,17917.37890625,10692.5380859375,18750.0,30300.0,13570.5791015625,60372.56640625,25300.0,12124.751953125,28500.0,86846.15625,70900.0,13328.9921875,26700.0,25300.0,15150.0,25090.0,1730.5
2022-10-05,12102.9541015625,90200.0,21827.755859375,50600.0,13612.25390625,46862.9765625,84872.1328125,19100.0,8988.5224609375,13223.140625,9563.8720703125,91400.0,62200.0,33000.0,10168.0673828125,94500.0,6873.921875,18221.0625,11203.13671875,19250.0,30500.0,13684.6171875,60541.9140625,26900.0,12238.8671875,30000.0,88461.5390625,71600.0,13487.669921875,27000.0,25300.0,15150.0,25090.0,1720.800048828125
2022-10-06,11637.455078125,89000.0,21278.62890625,48900.0,13241.009765625,45727.265625,84792.8203125,17800.0,8818.4697265625,12396.6943359375,9015.9423828125,86700.0,58000.0,32200.0,9579.83203125,92900.0,6462.66162109375,18099.58984375,10452.2568359375,18000.0,29300.0,13684.6171875,59356.4765625,26800.0,11839.4638671875,30050.0,87846.15625,70000.0,13090.974609375,26500.0,25300.0,15150.0,25090.0,1720.800048828125
2022-10-07,10851.9267578125,84500.0,20043.095703125,48200.0,12343.8388671875,44232.91015625,80906.1484375,16600.0,8478.36328125,12121.2119140625,8443.1064453125,81500.0,54000.0,31800.0,8949.580078125,93500.0,6080.77685546875,17826.2734375,10091.833984375,16750.0,27250.0,12743.7998046875,56477.5625,26900.0,11411.53125,30100.0,88461.5390625,69800.0,12178.5732421875,26000.0,25300.0,15150.0,25090.0,1709.300048828125
2022-10-10,10881.0205078125,87500.0,20592.22265625,50000.0,12807.892578125,44232.91015625,84078.9375,16900.0,8211.13671875,12637.7412109375,8592.5419921875,80500.0,57100.0,33500.0,9243.697265625,92250.0,5933.8984375,17644.0625,10452.2568359375,17000.0,25800.0,11860.001953125,55122.77734375,26950.0,11383.001953125,30100.0,84615.3828125,70500.0,12178.5732421875,25400.0,25300.0,15150.0,25090.0,1675.199951171875
2022-10-11,10182.7734375,82300.0,19562.611328125,47000.0,12251.0283203125,42439.68359375,84158.2578125,15750.0,7871.03076171875,12052.341796875,7994.7998046875,79800.0,55400.0,33000.0,8613.4453125,91750.0,5522.63818359375,16945.587890625,9731.4111328125,15850.0,24000.0,11033.22265625,52497.8828125,25900.0,11040.65625,30000.0,82307.6953125,70200.0,12178.5732421875,23650.0,25300.0,15150.0,25090.0,1686.0
2022-10-12,10881.0205078125,85000.0,20901.10546875,48550.0,13086.3251953125,43276.5234375,84872.1328125,15950.0,8162.55029296875,12878.7880859375,8542.7294921875,81100.0,57500.0,33900.0,8907.5634765625,91750.0,5904.5224609375,18008.484375,10362.1513671875,16950.0,24800.0,11688.9443359375,54191.36328125,26250.0,11183.30078125,30000.0,83615.3828125,71600.0,12694.2783203125,24200.0,25300.0,15150.0,25090.0,1677.5
2022-10-13,11608.361328125,85000.0,22273.919921875,49250.0,13859.7490234375,43635.16796875,85665.3359375,16000.0,8162.55029296875,13429.751953125,8667.259765625,78700.0,57600.0,33700.0,8907.5634765625,95000.0,6051.4013671875,17978.115234375,10512.3271484375,17650.0,25300.0,11745.962890625,56308.21484375,26400.0,11240.3583984375,30200.0,83615.3828125,73800.0,12694.2783203125,25600.0,25300.0,15150.0,25090.0,1677.0
2022-10-14,12132.046875,85000.0,22651.443359375,50700.0,14045.37109375,44232.91015625,87093.0859375,16450.0,8259.7236328125,13395.31640625,8866.5068359375,79000.0,59900.0,33700.0,9075.6298828125,94200.0,6462.66162109375,18008.484375,10752.6083984375,17650.0,25700.0,11745.962890625,57662.99609375,25950.0,11525.646484375,29850.0,83846.15625,74000.0,12813.287109375,25200.0,25300.0,15150.0,25090.0,1648.9000244140625
2022-10-17,12190.234375,84000.0,22445.521484375,50700.0,13952.5595703125,44113.36328125,88441.5234375,16600.0,8016.79052734375,13257.576171875,8717.0712890625,79000.0,58900.0,32900.0,9369.748046875,92550.0,6756.4189453125,17917.37890625,10812.6796875,18150.0,25100.0,11745.962890625,56138.8671875,24750.0,11354.4736328125,28000.0,83846.15625,74100.0,12654.6083984375,24900.0,25300.0,15150.0,25090.0,1664.0
2022-10-18,12452.0771484375,86000.0,22514.162109375,50900.0,14230.9921875,44770.87890625,88044.9296875,16800.0,8162.55029296875,12982.09375,8741.9775390625,82000.0,59000.0,33250.0,9327.7314453125,94900.0,6609.5400390625,17917.37890625,10692.5380859375,17700.0,25300.0,11745.962890625,57324.30078125,25250.0,11383.001953125,29200.0,83923.078125,76500.0,12654.6083984375,25800.0,25300.0,15150.0,25090.0,1655.800048828125
2022-10-19,12277.515625,85000.0,22651.443359375,51200.0,14354.740234375,45129.5234375,86537.8515625,16550.0,8113.96337890625,12672.1767578125,8717.0712890625,80000.0,59000.0,33250.0,9243.697265625,95450.0,6550.78857421875,17917.37890625,10602.4326171875,17300.0,25200.0,11717.4541015625,57493.6484375,25000.0,11639.76171875,29250.0,83923.078125,76600.0,12654.6083984375,25200.0,25300.0,15150.0,25090.0,1634.199951171875
2022-10-20,12422.9833984375,85000.0,22754.40625,51000.0,14385.6767578125,46504.328125,87965.609375,16200.0,8162.55029296875,12465.564453125,8542.7294921875,80200.0,58400.0,33500.0,9117.6474609375,95650.0,6374.5341796875,17917.37890625,10452.2568359375,17150.0,24600.0,11745.962890625,58594.41015625,25000.0,11383.001953125,29300.0,83769.234375,77500.0,12654.6083984375,25100.0,25300.0,15150.0,25090.0,1636.800048828125
2022-10-21,11870.2041015625,83500.0,22376.880859375,48050.0,13395.6953125,44173.13671875,85030.7734375,15100.0,8016.79052734375,11639.1181640625,8019.70556640625,74800.0,54400.0,31500.0,8655.4619140625,96500.0,6022.025390625,17492.220703125,9731.4111328125,15950.0,22900.0,11460.8671875,57578.32421875,23975.0,10955.0703125,28400.0,83769.234375,77000.0,12337.2509765625,24000.0,25300.0,15150.0,25090.0,1656.300048828125
2022-10-24,11346.51953125,82000.0,20832.46484375,47900.0,12993.5146484375,42499.45703125,85030.7734375,14050.0,7749.56396484375,11294.765625,7770.646484375,72800.0,50600.0,29300.0,8302.521484375,90500.0,5816.3955078125,17310.009765625,9070.63671875,14850.0,21300.0,11489.376953125,57578.32421875,22300.0,10755.3681640625,28250.0,82307.6953125,74000.0,12218.2421875,22350.0,25300.0,15150.0,25090.0,1654.0999755859375
2022-10-25,11870.2041015625,82000.0,21484.55078125,50000.0,13890.685546875,43754.71484375,85030.7734375,13300.0,7773.857421875,11776.859375,8169.14111328125,75000.0,52000.0,28000.0,8378.1513671875,93900.0,6198.27978515625,17613.693359375,9040.6015625,14900.0,21300.0,11489.376953125,59187.12890625,22300.0,10983.5986328125,28050.0,83076.921875,76000.0,12257.912109375,23000.0,25300.0,15150.0,25090.0,1658.0
2022-10-26,12015.6728515625,81900.0,21759.115234375,51200.0,13859.7490234375,44113.36328125,85665.3359375,13500.0,7749.56396484375,11639.1181640625,8169.14111328125,78000.0,51900.0,27750.0,8403.361328125,93050.0,6139.5283203125,17613.693359375,8920.4599609375,15000.0,21400.0,11403.84765625,59271.8046875,21750.0,10869.4833984375,27400.0,82692.3046875,76000.0,12337.2509765625,22200.0,25300.0,15150.0,25090.0,1669.199951171875
2022-10-27,12830.294921875,81700.0,23269.2109375,53000.0,14818.7939453125,45308.84765625,87251.7265625,14400.0,8065.376953125,11983.470703125,8717.0712890625,83000.0,53300.0,29100.0,8739.49609375,93950.0,6550.78857421875,18828.431640625,9521.1650390625,16050.0,22850.0,11974.0400390625,60711.26171875,22000.0,11354.4736328125,27500.0,83076.921875,78500.0,13130.6435546875,23750.0,25300.0,15150.0,25090.0,1665.5999755859375
2022-10-28,12975.7626953125,81800.0,23200.5703125,52500.0,14880.66796875,44830.65234375,86458.53125,14500.0,8016.79052734375,11570.248046875,8791.7890625,83900.0,53200.0,29000.0,8697.478515625,93050.0,6462.66162109375,18798.0625,9551.2001953125,16150.0,24400.0,11888.51171875,60626.5859375,22450.0,11240.3583984375,27850.0,82923.078125,78000.0,12971.96484375,23700.0,25300.0,15150.0,25090.0,1644.800048828125
2022-10-31,13033.9501953125,81800.0,23715.375,52500.0,15220.974609375,45189.296875,88124.25,14400.0,7968.20361328125,10778.2373046875,8816.6953125,85500.0,51600.0,28500.0,8697.478515625,92650.0,6727.04296875,18798.0625,9791.4814453125,16150.0,24600.0,11802.982421875,62235.39453125,22500.0,11183.30078125,27700.0,82769.234375,78500.0,12971.96484375,24600.0,25300.0,15150.0,25090.0,1640.699951171875
2022-11-01,13063.0439453125,81100.0,23372.171875,53000.0,15128.1630859375,45129.5234375,87251.7265625,14500.0,8065.376953125,10330.578125,8966.130859375,86500.0,50100.0,29100.0,8697.478515625,91800.0,6815.17041015625,18828.431640625,10181.939453125,16900.0,25650.0,12430.1943359375,63505.50390625,22500.0,11497.1171875,27700.0,81769.234375,80200.0,13646.3486328125,26250.0,25300.0,15150.0,25090.0,1649.699951171875
2022-11-02,12684.826171875,80500.0,23131.9296875,52000.0,14849.7314453125,44232.91015625,87251.7265625,14200.0,7992.4970703125,10571.625,8916.318359375,81000.0,48000.0,29300.0,8571.4287109375,91750.0,6638.916015625,18798.0625,9911.623046875,16900.0,25200.0,12287.646484375,62320.06640625,22450.0,11810.9345703125,27700.0,80769.234375,78300.0,13884.3662109375,25800.0,25300.0,15150.0,25090.0,1650.0
2022-11-03,12422.9833984375,79000.0,22651.443359375,52400.0,14602.2353515625,44292.68359375,88362.203125,14250.0,7773.857421875,10468.3193359375,8791.7890625,85400.0,49500.0,29250.0,8487.39453125,91000.0,6521.4130859375,18494.37890625,9911.623046875,17250.0,25850.0,12116.5888671875,61812.0234375,22500.0,11582.7041015625,27550.0,79000.0,80000.0,13884.3662109375,26000.0,25300.0,15150.0,25090.0,1630.9000244140625
2022-11-04,11724.736328125,74000.0,22857.3671875,50000.0,15159.1005859375,43575.39453125,88044.9296875,13350.0,7482.337890625,10089.53125,8916.318359375,84300.0,46050.0,28800.0,8235.2939453125,91000.0,6609.5400390625,18403.2734375,9220.8125,16600.0,25500.0,12145.09765625,60795.9375,22250.0,11268.88671875,27150.0,77000.0,80000.0,13448.0009765625,26000.0,25300.0,15150.0,25090.0,1676.5999755859375
2022-11-07,12015.6728515625,75000.0,22857.3671875,48900.0,14447.55078125,43396.0703125,89552.0,12450.0,6972.17822265625,9435.26171875,8443.1064453125,84500.0,42850.0,28850.0,8226.890625,92000.0,6286.4072265625,18221.0625,8590.0732421875,15500.0,23750.0,11460.8671875,60795.9375,21950.0,10527.1376953125,26700.0,77076.921875,82200.0,13567.009765625,25500.0,25300.0,15150.0,25090.0,1680.5
2022-11-08,12393.8896484375,74700.0,23955.619140625,50800.0,14756.919921875,43814.4921875,90741.796875,13050.0,7045.05810546875,9056.4736328125,8567.6357421875,86000.0,44600.0,29450.0,8781.5126953125,91500.0,6550.78857421875,18281.80078125,9010.56640625,16450.0,24150.0,11688.9443359375,61473.328125,21900.0,10584.1953125,26650.0,77230.765625,82400.0,13646.3486328125,25250.0,25300.0,15150.0,25090.0,1716.0
2022-11-09,12073.8603515625,74500.0,24813.626953125,51300.0,15128.1630859375,44232.91015625,92328.1953125,13300.0,7190.81787109375,8953.16796875,8443.1064453125,87000.0,45500.0,28900.0,9117.6474609375,92250.0,6462.66162109375,18281.80078125,8950.49609375,16250.0,24350.0,11517.88671875,62658.765625,22275.0,10498.6083984375,26850.0,77384.6171875,80900.0,13884.3662109375,25400.0,25300.0,15150.0,25090.0,1713.699951171875
2022-11-10,11637.455078125,73300.0,23818.3359375,48650.0,14076.3076171875,43635.16796875,89948.6015625,12400.0,7093.64501953125,8333.3330078125,7870.27001953125,81000.0,42350.0,27000.0,8613.4453125,92250.0,6022.025390625,17674.431640625,8349.791015625,15150.0,22750.0,11346.8291015625,61642.67578125,21975.0,9985.08984375,26500.0,76923.078125,78400.0,12932.2958984375,24800.0,25300.0,15150.0,25090.0,1753.699951171875
2022-11-11,12102.9541015625,73600.0,24710.666015625,49000.0,14602.2353515625,43515.62109375,90345.203125,11550.0,7190.81787109375,8471.07421875,7969.8935546875,86500.0,43000.0,27200.0,8907.5634765625,93900.0,5875.14697265625,18251.431640625,8469.9326171875,15600.0,22800.0,11346.8291015625,63928.875,22075.0,9985.08984375,27150.0,77923.078125,78400.0,12932.2958984375,25300.0,25300.0,15150.0,25090.0,1769.4000244140625
2022-11-14,11812.017578125,72500.0,24642.025390625,47600.0,14787.857421875,42320.13671875,90265.8828125,10750.0,7093.64501953125,8402.2041015625,7571.39892578125,89100.0,40650.0,26500.0,8655.4619140625,97500.0,5593.1396484375,18069.220703125,8560.0380859375,15850.0,22200.0,11232.7900390625,63590.1796875,22000.0,9928.0322265625,27500.0,78384.6171875,79000.0,12456.2607421875,25350.0,25300.0,15150.0,25090.0,1776.9000244140625
2022-11-15,11113.76953125,72400.0,22926.0078125,44300.0,14478.4873046875,39391.19921875,88441.5234375,10000.0,6802.125,8608.8154296875,7048.375,89400.0,37850.0,24650.0,8050.42041015625,93250.0,5205.38037109375,17795.904296875,8349.791015625,15100.0,20700.0,11346.8291015625,63505.50390625,21700.0,9699.8017578125,28500.0,78307.6953125,77000.0,11623.1982421875,24950.0,25300.0,15150.0,25090.0,1776.800048828125
2022-11-16,11870.2041015625,74800.0,24504.744140625,47300.0,15344.7216796875,41423.5234375,92804.109375,10700.0,7239.40478515625,9194.21484375,7521.58740234375,90900.0,40450.0,26000.0,8487.39453125,90400.0,5569.63916015625,18099.58984375,8920.4599609375,16150.0,22100.0,11888.51171875,63590.1796875,22450.0,10270.3779296875,30200.0,78384.6171875,74500.0,12297.58203125,26550.0,25300.0,15150.0,25090.0,1775.800048828125
2022-11-17,12248.421875,78900.0,24470.423828125,47400.0,15468.4697265625,42439.68359375,94945.7421875,11400.0,7433.7509765625,9814.0498046875,7820.4580078125,97000.0,41800.0,25650.0,8487.39453125,91500.0,5875.14697265625,18342.537109375,9491.1298828125,17200.0,22950.0,11888.51171875,64775.61328125,23975.0,10527.1376953125,32300.0,78538.4609375,76000.0,12297.58203125,28400.0,25300.0,15150.0,25090.0,1763.0
2022-11-18,12306.609375,77000.0,24676.345703125,48300.0,15282.8486328125,42738.5546875,90662.4765625,12150.0,7287.9912109375,10399.44921875,7820.4580078125,95200.0,42150.0,25100.0,8487.39453125,89600.0,5933.8984375,18221.0625,9761.4462890625,17100.0,22700.0,11745.962890625,64775.61328125,24000.0,10498.6083984375,32800.0,78615.3828125,77000.0,12297.58203125,27600.0,25300.0,15150.0,25090.0,1754.4000244140625
2022-11-21,11986.5791015625,76500.0,24367.462890625,47700.0,14911.6044921875,41901.71484375,88282.8828125,13000.0,7190.81787109375,10296.1435546875,7820.4580078125,95100.0,40650.0,25300.0,8655.4619140625,91300.0,6110.15283203125,18099.58984375,9671.3408203125,16700.0,22250.0,11745.962890625,63505.50390625,23475.0,10555.666015625,32000.0,77384.6171875,77900.0,12297.58203125,26300.0,25300.0,15150.0,25090.0,1739.5999755859375
2022-11-22,11841.111328125,75000.0,25019.548828125,48150.0,14787.857421875,42140.8125,86617.171875,12600.0,7117.93798828125,10192.837890625,7870.27001953125,91800.0,40200.0,26200.0,8697.478515625,90600.0,6110.15283203125,18099.58984375,9821.5166015625,16900.0,21850.0,11774.47265625,62235.39453125,22650.0,10384.4931640625,30500.0,75461.5390625,79500.0,12297.58203125,26150.0,25300.0,15150.0,25090.0,1739.9000244140625
2022-11-23,12015.6728515625,75000.0,25671.63671875,48650.0,15097.2265625,42140.8125,85823.9765625,12550.0,7117.93798828125,9504.1318359375,7820.4580078125,92900.0,40500.0,26650.0,8781.5126953125,91000.0,6087.53369140625,18008.484375,9491.1298828125,17500.0,22000.0,11403.84765625,62235.39453125,22200.0,10213.3203125,29850.0,77230.765625,79400.0,11940.5556640625,26150.0,25300.0,15150.0,25090.0,1745.5999755859375
2022-11-24,12219.328125,75000.0,26083.48046875,48700.0,15220.974609375,42140.8125,83920.296875,13000.0,7190.81787109375,9882.919921875,7820.4580078125,89000.0,37700.0,27500.0,8907.5634765625,90250.0,5992.943359375,17947.74609375,9611.2705078125,18200.0,22150.0,11403.84765625,61812.0234375,22500.0,10184.791015625,30500.0,77846.15625,81200.0,11980.224609375,27100.0,25300.0,15150.0,25090.0,1745.5999755859375
2022-11-25,12510.2646484375,74900.0,27456.296875,46900.0,15963.4609375,43037.42578125,83127.1015625,13500.0,7263.69775390625,10537.1904296875,8069.517578125,94000.0,37800.0,28250.0,9117.6474609375,90000.0,6283.4697265625,18099.58984375,10272.044921875,18900.0,23000.0,11574.9052734375,61896.69921875,23500.0,10441.55078125,32500.0,78461.5390625,82200.0,12297.58203125,27400.0,25300.0,15150.0,25090.0,1754.0
2022-11-28,12946.6689453125,77000.0,27113.091796875,46800.0,16891.568359375,44412.234375,88917.4453125,14100.0,7506.630859375,11260.3310546875,8567.6357421875,97200.0,40150.0,29350.0,9495.7978515625,88550.0,6722.63671875,18251.431640625,10962.85546875,19700.0,24600.0,11974.0400390625,64944.9609375,25100.0,10869.4833984375,32500.0,78615.3828125,81700.0,12773.6171875,29300.0,25300.0,15150.0,25090.0,1740.300048828125
2022-11-29,12888.4814453125,79000.0,28142.703125,47200.0,16953.443359375,44412.234375,88838.125,14150.0,7506.630859375,11983.470703125,8567.6357421875,99000.0,42800.0,29600.0,9495.7978515625,88000.0,6857.76513671875,18281.80078125,11383.3486328125,19750.0,25200.0,12259.13671875,67569.859375,26550.0,10812.42578125,34700.0,79076.921875,83000.0,12813.287109375,30500.0,25300.0,15150.0,25090.0,1748.4000244140625
2022-11-30,12859.388671875,80800.0,28211.34375,48450.0,16860.6328125,44591.5546875,87410.3671875,14200.0,7555.2177734375,12672.1767578125,8667.259765625,102000.0,44100.0,29500.0,9789.916015625,90000.0,6823.98291015625,18312.16796875,11563.5595703125,20000.0,25900.0,12544.232421875,68585.9453125,27250.0,11554.1748046875,34800.0,79230.765625,82800.0,13328.9921875,30550.0,25300.0,15150.0,25090.0,1746.0
2022-12-01,13092.1376953125,80800.0,26769.888671875,47800.0,16180.01953125,44651.328125,84475.5390625,14800.0,7749.56396484375,12534.435546875,8866.5068359375,99000.0,44050.0,31000.0,9411.7646484375,87700.0,7195.5859375,18403.2734375,10932.8203125,19500.0,27400.0,12430.1943359375,67739.203125,26750.0,11411.53125,33000.0,79384.6171875,82400.0,13328.9921875,30000.0,25300.0,15150.0,25090.0,1815.199951171875
2022-12-02,13674.009765625,80800.0,28279.984375,48200.0,17293.75,46265.234375,88203.5625,15500.0,8016.79052734375,13395.31640625,9364.625,103900.0,47000.0,31450.0,9831.9326171875,88500.0,7567.18896484375,18494.37890625,11683.701171875,20850.0,28800.0,13000.38671875,71972.90625,28600.0,12210.337890625,34400.0,81923.078125,84000.0,13725.6884765625,31550.0,25300.0,15150.0,25090.0,1809.5999755859375
2022-12-05,13732.197265625,82000.0,28314.3046875,50500.0,17695.9296875,46803.19921875,89789.9609375,15600.0,8235.4296875,13774.1044921875,9464.2490234375,105000.0,47600.0,32050.0,9663.865234375,89850.0,7600.97119140625,18646.220703125,12494.6513671875,22300.0,29000.0,13199.9541015625,71972.90625,29150.0,12495.626953125,34050.0,82230.765625,85000.0,14400.0712890625,31550.0,25300.0,15150.0,25090.0,1781.300048828125
2022-12-06,12975.7626953125,80000.0,26838.529296875,48000.0,16705.947265625,45428.39453125,86855.1328125,14550.0,7968.20361328125,12809.9169921875,8816.6953125,102000.0,44350.0,30200.0,9159.6640625,89250.0,7094.23974609375,18555.115234375,11743.771484375,20750.0,27050.0,12316.1552734375,67739.203125,27500.0,11639.76171875,33300.0,81538.4609375,82500.0,13408.3310546875,29350.0,25300.0,15150.0,25090.0,1782.4000244140625
2022-12-07,12975.7626953125,79200.0,26769.888671875,48300.0,16922.505859375,45727.265625,84713.5,14000.0,7725.2705078125,12568.8701171875,8617.447265625,100000.0,44850.0,29200.0,9201.6806640625,89500.0,7060.4580078125,18585.484375,11563.5595703125,20300.0,26400.0,11945.5302734375,66469.09375,27750.0,11668.2900390625,35600.0,81538.4609375,82500.0,12852.9560546875,29500.0,25300.0,15150.0,25090.0,1798.0
2022-12-08,13179.41796875,80400.0,26769.888671875,48500.0,17200.939453125,46026.13671875,84078.9375,14700.0,8016.79052734375,13016.529296875,9015.9423828125,96000.0,46000.0,29800.0,9411.7646484375,89000.0,7296.9326171875,18737.326171875,12344.4755859375,21700.0,28200.0,12544.232421875,65198.984375,27700.0,11953.5791015625,34950.0,82307.6953125,81000.0,13487.669921875,28750.0,25300.0,15150.0,25090.0,1801.5
2022-12-09,13412.1669921875,79500.0,26907.169921875,47900.0,17355.623046875,46623.87890625,84078.9375,15050.0,8162.55029296875,13223.140625,9065.75390625,97000.0,46200.0,30400.0,9411.7646484375,89000.0,7161.80419921875,18676.58984375,12164.2646484375,22400.0,28250.0,12829.3291015625,65453.0078125,27050.0,11953.5791015625,33900.0,85769.234375,80000.0,13408.3310546875,28900.0,25300.0,15150.0,25090.0,1810.699951171875
2022-12-12,13092.1376953125,78000.0,26152.12109375,48500.0,16984.380859375,46026.13671875,83285.7421875,14800.0,7871.03076171875,12809.9169921875,8816.6953125,97000.0,45900.0,31100.0,9369.748046875,89150.0,7094.23974609375,18706.95703125,11503.4892578125,21300.0,27200.0,13057.40625,65537.6796875,25250.0,11611.232421875,31550.0,85692.3046875,78500.0,13209.9833984375,27050.0,25300.0,15150.0,25090.0,1792.300048828125
2022-12-13,13412.1669921875,80000.0,26563.966796875,49900.0,17417.49609375,46145.68359375,83761.65625,15000.0,7992.4970703125,13085.3994140625,8966.130859375,97000.0,46400.0,31400.0,9579.83203125,89000.0,7364.49658203125,18828.431640625,12254.3701171875,22550.0,28800.0,13114.4248046875,66215.0703125,26500.0,11839.4638671875,30800.0,86153.84375,78000.0,13567.009765625,28000.0,25300.0,15150.0,25090.0,1825.5
2022-12-14,13470.3544921875,80000.0,26632.607421875,49750.0,17262.8125,45607.71875,85268.734375,15500.0,7992.4970703125,13223.140625,9040.8486328125,96000.0,46450.0,31350.0,9579.83203125,89500.0,7263.150390625,18828.431640625,12074.158203125,23250.0,28800.0,13000.38671875,66723.1171875,26500.0,11753.876953125,30400.0,86307.6953125,77500.0,13527.33984375,27950.0,25300.0,15150.0,25090.0,1818.699951171875
2022-12-15,13499.4482421875,79900.0,26769.888671875,49500.0,17479.37109375,46444.5546875,84316.8984375,15600.0,8138.2568359375,13326.4462890625,9439.3427734375,98200.0,47000.0,31250.0,9579.83203125,89500.0,7364.49658203125,18889.16796875,12164.2646484375,23250.0,29500.0,13114.4248046875,67315.8359375,25350.0,11982.107421875,30300.0,86846.15625,77600.0,14439.7412109375,27900.0,25300.0,15150.0,25090.0,1787.800048828125
2022-12-16,13383.07421875,80000.0,26701.248046875,49600.0,17355.623046875,46564.10546875,84396.21875,15800.0,8405.4833984375,14049.5869140625,9364.625,93500.0,47850.0,31000.0,9621.8486328125,88550.0,7330.71435546875,18949.90625,12314.4404296875,22800.0,29150.0,13114.4248046875,67485.1796875,24650.0,11867.9921875,29200.0,86923.078125,78000.0,14677.7587890625,26200.0,25300.0,15150.0,25090.0,1800.199951171875
2022-12-19,13237.60546875,79300.0,26632.607421875,48200.0,17046.25390625,45787.0390625,83444.3828125,15300.0,8429.7763671875,13774.1044921875,9140.4716796875,95000.0,47150.0,30400.0,9327.7314453125,87500.0,7364.49658203125,19010.642578125,12314.4404296875,22400.0,29250.0,12829.3291015625,67061.8125,24100.0,11839.4638671875,28250.0,85538.4609375,77000.0,14241.3935546875,27300.0,25300.0,15150.0,25090.0,1797.699951171875
2022-12-20,13121.2314453125,79500.0,26426.685546875,48000.0,17324.685546875,45787.0390625,83127.1015625,14300.0,8089.67041015625,13085.3994140625,8766.8828125,94000.0,46500.0,29350.0,8991.5966796875,86500.0,7128.02197265625,19010.642578125,11893.947265625,22450.0,27700.0,12544.232421875,66892.4609375,24100.0,11240.3583984375,27950.0,85615.3828125,78700.0,13725.6884765625,25750.0,25300.0,15150.0,25090.0,1825.4000244140625
2022-12-21,13266.69921875,79500.0,26495.326171875,48000.0,17015.31640625,46145.68359375,82095.9453125,14200.0,8162.55029296875,13016.529296875,8816.6953125,94900.0,46400.0,29500.0,8781.5126953125,87500.0,7060.4580078125,19071.37890625,11593.5947265625,23550.0,27700.0,12316.1552734375,66638.4453125,24250.0,11240.3583984375,27450.0,85846.15625,79700.0,14003.375,26000.0,25300.0,15150.0,25090.0,1825.4000244140625
2022-12-22,13324.88671875,80000.0,26769.888671875,48200.0,17077.19140625,46145.68359375,80271.59375,14500.0,8186.84326171875,13016.529296875,8966.130859375,94400.0,46500.0,30650.0,8991.5966796875,87650.0,7094.23974609375,19253.58984375,11473.4541015625,23400.0,27700.0,12743.7998046875,67146.484375,24500.0,11383.001953125,27500.0,85615.3828125,77000.0,14638.0888671875,26000.0,25300.0,15150.0,25090.0,1795.300048828125
2022-12-23,13324.88671875,79800.0,26769.888671875,47900.0,17108.126953125,46623.87890625,80509.546875,14350.0,8259.7236328125,12637.7412109375,8841.6005859375,95000.0,45800.0,30900.0,9201.6806640625,87500.0,6992.8935546875,19283.958984375,10992.890625,23500.0,27600.0,12544.232421875,66977.140625,24900.0,11211.8291015625,27550.0,85769.234375,76200.0,14558.75,25800.0,25300.0,15150.0,25090.0,1804.199951171875
2022-12-26,12859.388671875,78000.0,26632.607421875,45500.0,16118.1455078125,45667.4921875,81382.0703125,13350.0,7895.32373046875,11776.859375,8368.388671875,91500.0,42600.0,30200.0,8655.4619140625,86500.0,6506.431640625,19223.220703125,10242.009765625,21900.0,25700.0,11974.0400390625,66807.7890625,23500.0,10470.080078125,26450.0,83769.234375,76000.0,13646.3486328125,24550.0,25300.0,15150.0,25090.0,1804.199951171875
2022-12-27,12859.388671875,79900.0,27456.296875,46500.0,16458.451171875,45727.265625,81778.6640625,14250.0,7943.91064453125,12568.8701171875,8592.5419921875,91600.0,43800.0,30600.0,8949.580078125,85750.0,6891.54736328125,19435.80078125,10932.8203125,22500.0,26300.0,12002.5498046875,66977.140625,23750.0,10840.9541015625,26700.0,83076.921875,76600.0,14201.7236328125,25800.0,25300.0,15150.0,25090.0,1823.0999755859375
2022-12-28,12801.201171875,79900.0,28760.470703125,46700.0,16798.7578125,45846.8125,81699.34375,14200.0,7871.03076171875,12534.435546875,8692.1650390625,93000.0,43000.0,31500.0,8949.580078125,88250.0,6823.98291015625,19618.01171875,10902.78515625,22900.0,26150.0,12202.1171875,67739.203125,23850.0,10840.9541015625,26750.0,85000.0,77000.0,14400.0712890625,26900.0,25300.0,15150.0,25090.0,1815.800048828125
2022-12-29,12801.201171875,79200.0,27456.296875,46500.0,16705.947265625,45547.94140625,81382.0703125,13800.0,7725.2705078125,12396.6943359375,8667.259765625,94000.0,42900.0,31350.0,8823.529296875,86450.0,6688.85498046875,19709.1171875,10572.3974609375,22350.0,25950.0,12202.1171875,68331.921875,23900.0,10783.896484375,26800.0,84000.0,77000.0,14122.3837890625,26500.0,25300.0,15150.0,25090.0,1826.0
2022-12-30,12743.013671875,80600.0,26495.326171875,46600.0,16860.6328125,45966.36328125,80509.546875,13800.0,7749.56396484375,12396.6943359375,8517.82421875,93000.0,42900.0,31700.0,8949.580078125,83450.0,6722.63671875,19982.431640625,10632.4677734375,22500.0,25850.0,12002.5498046875,67739.203125,24000.0,10840.9541015625,26900.0,84230.765625,76100.0,14201.7236328125,26300.0,25300.0,15150.0,25090.0,1826.199951171875
2023-01-02,12743.013671875,80600.0,26495.326171875,46600.0,16860.6328125,45966.36328125,80509.546875,13800.0,7749.56396484375,12396.6943359375,8517.82421875,93000.0,42900.0,31700.0,8949.580078125,83450.0,6722.63671875,19982.431640625,10632.4677734375,22500.0,25850.0,12002.5498046875,67739.203125,24000.0,10840.9541015625,26900.0,84230.765625,76100.0,14201.7236328125,26300.0,25300.0,15150.0,25090.0,1826.199951171875
2023-01-03,13208.51171875,84000.0,28279.984375,47700.0,17324.685546875,47819.36328125,83285.7421875,14600.0,8016.79052734375,13257.576171875,8966.130859375,96000.0,43950.0,32950.0,9285.7138671875,84500.0,7026.67578125,20225.380859375,11353.3134765625,23500.0,27450.0,12487.2138671875,69940.7265625,24700.0,11354.4736328125,28400.0,85923.078125,78500.0,14677.7587890625,28100.0,25300.0,15150.0,25090.0,1846.0999755859375
2023-01-04,13179.41796875,84000.0,28005.421875,47700.0,17634.0546875,47819.36328125,83285.7421875,14850.0,7943.91064453125,13360.8818359375,8941.224609375,99300.0,43500.0,35250.0,9243.697265625,85750.0,6959.111328125,20346.853515625,11413.3837890625,23300.0,27300.0,12544.232421875,70110.078125,24500.0,11354.4736328125,28000.0,84923.078125,79300.0,14995.1162109375,28600.0,25300.0,15150.0,25090.0,1859.0
2023-01-05,13295.79296875,83800.0,27971.1015625,48050.0,17634.0546875,48178.0078125,84554.859375,14900.0,7968.20361328125,13636.36328125,9065.75390625,99500.0,43600.0,35800.0,9873.94921875,87100.0,6992.8935546875,20437.958984375,11593.5947265625,24200.0,27650.0,12857.8388671875,71126.1640625,24850.0,11468.5888671875,28100.0,84615.3828125,81200.0,15034.78515625,29200.0,25300.0,15150.0,25090.0,1840.5999755859375
2023-01-06,13470.3544921875,82900.0,28588.869140625,48050.0,17695.9296875,47998.68359375,83047.78125,14400.0,7992.4970703125,13360.8818359375,9090.66015625,95800.0,43150.0,35100.0,9873.94921875,90350.0,7128.02197265625,20498.6953125,11353.3134765625,24300.0,27700.0,12829.3291015625,71126.1640625,24950.0,11753.876953125,28050.0,82923.078125,79800.0,15034.78515625,29250.0,25300.0,15150.0,25090.0,1869.699951171875
2023-01-09,13441.2607421875,82300.0,28142.703125,47900.0,18005.298828125,47998.68359375,82889.140625,14400.0,8138.2568359375,13498.623046875,9090.66015625,96500.0,42000.0,35500.0,9747.8994140625,89800.0,7094.23974609375,20498.6953125,11413.3837890625,24650.0,27750.0,12829.3291015625,73581.7109375,25100.0,12067.6943359375,27500.0,84000.0,80700.0,14955.4462890625,29400.0,25300.0,15150.0,25090.0,1877.800048828125
2023-01-10,13644.9169921875,82000.0,28348.625,48000.0,17664.9921875,48058.4609375,82968.4609375,14400.0,8138.2568359375,13636.36328125,9065.75390625,95400.0,42200.0,36850.0,9831.9326171875,88050.0,7094.23974609375,20468.328125,11353.3134765625,24950.0,27450.0,12829.3291015625,73920.40625,24875.0,12067.6943359375,27250.0,83923.078125,81000.0,14836.4375,29400.0,25300.0,15150.0,25090.0,1876.5
2023-01-11,14081.3212890625,82000.0,28314.3046875,48600.0,18005.298828125,48357.33203125,82651.1796875,14500.0,8113.96337890625,13911.845703125,9090.66015625,96000.0,42550.0,37250.0,9789.916015625,90500.0,7128.02197265625,20529.064453125,11593.5947265625,24700.0,27650.0,12800.8193359375,72057.578125,25400.0,12096.22265625,27550.0,84692.3046875,79400.0,14638.0888671875,28500.0,25300.0,15150.0,25090.0,1878.9000244140625
2023-01-12,14255.8828125,81800.0,28451.5859375,49100.0,17881.55078125,48237.78125,83285.7421875,14800.0,8065.376953125,13808.5400390625,9090.66015625,93300.0,42100.0,37100.0,9873.94921875,89900.0,7094.23974609375,20498.6953125,11593.5947265625,24950.0,27850.0,12772.3095703125,71803.5546875,25750.0,12438.5693359375,27500.0,84461.5390625,80000.0,14836.4375,28700.0,25300.0,15150.0,25090.0,1898.800048828125
2023-01-13,14052.2275390625,81900.0,28691.830078125,48900.0,18005.298828125,47819.36328125,82889.140625,14550.0,8089.67041015625,13739.6689453125,9090.66015625,95000.0,42050.0,37050.0,9957.9833984375,92950.0,7229.3681640625,20498.6953125,11533.5244140625,25300.0,27800.0,12772.3095703125,72650.296875,26000.0,12581.212890625,27500.0,82846.15625,80600.0,15391.8125,28600.0,25300.0,15150.0,25090.0,1921.699951171875
2023-01-16,14546.8193359375,81900.0,30682.41015625,48150.0,18562.1640625,48297.5546875,81699.34375,15200.0,8211.13671875,13946.28125,9215.189453125,94900.0,41900.0,36800.0,9957.9833984375,94250.0,7229.3681640625,20559.43359375,11653.6650390625,25500.0,28100.0,12544.232421875,73920.40625,25650.0,12723.857421875,27400.0,82538.4609375,79400.0,15391.8125,28500.0,25300.0,15150.0,25090.0,1921.699951171875
2023-01-17,14721.380859375,83500.0,30854.01171875,48600.0,18933.40625,49014.84765625,82651.1796875,15750.0,8381.189453125,14910.46875,9663.49609375,97500.0,43050.0,37350.0,10210.083984375,93500.0,7499.625,20559.43359375,12254.3701171875,26550.0,29000.0,13114.4248046875,75698.5625,26000.0,13066.203125,27600.0,85076.921875,80900.0,15550.490234375,29850.0,25300.0,15150.0,25090.0,1909.9000244140625
2023-01-18,14837.755859375,84500.0,30956.974609375,48400.0,19026.21875,49851.68359375,82730.5,16000.0,8478.36328125,14944.9033203125,9738.2138671875,99900.0,44950.0,38000.0,10210.083984375,93500.0,7499.625,20589.80078125,12344.4755859375,26800.0,29100.0,13456.5400390625,76206.6015625,26250.0,13066.203125,28350.0,86384.6171875,81300.0,15590.16015625,29300.0,25300.0,15150.0,25090.0,1907.0
2023-01-19,15128.6923828125,84300.0,31540.419921875,49900.0,19242.77734375,50150.5546875,82889.140625,16300.0,8502.65625,14566.115234375,9763.1201171875,102000.0,45600.0,38000.0,10252.1005859375,92850.0,7533.4072265625,20620.169921875,12734.93359375,26800.0,29100.0,13684.6171875,78746.828125,26100.0,13066.203125,28700.0,88076.921875,81300.0,15471.1513671875,29650.0,25300.0,15150.0,25090.0,1923.9000244140625
2023-01-20,15128.6923828125,84300.0,31540.419921875,49900.0,19242.77734375,50150.5546875,82889.140625,16300.0,8502.65625,14566.115234375,9763.1201171875,102000.0,45600.0,38000.0,10252.1005859375,92850.0,7533.4072265625,20620.169921875,12734.93359375,26800.0,29100.0,13684.6171875,78746.828125,26100.0,13066.203125,28700.0,88076.921875,81300.0,15471.1513671875,29650.0,25300.0,15150.0,25090.0,1928.199951171875
2023-01-23,15128.6923828125,84300.0,31540.419921875,49900.0,19242.77734375,50150.5546875,82889.140625,16300.0,8502.65625,14566.115234375,9763.1201171875,102000.0,45600.0,38000.0,10252.1005859375,92850.0,7533.4072265625,20620.169921875,12734.93359375,26800.0,29100.0,13684.6171875,78746.828125,26100.0,13066.203125,28700.0,88076.921875,81300.0,15471.1513671875,29650.0,25300.0,15150.0,25090.0,1928.5999755859375
2023-01-24,15128.6923828125,84300.0,31540.419921875,49900.0,19242.77734375,50150.5546875,82889.140625,16300.0,8502.65625,14566.115234375,9763.1201171875,102000.0,45600.0,38000.0,10252.1005859375,92850.0,7533.4072265625,20620.169921875,12734.93359375,26800.0,29100.0,13684.6171875,78746.828125,26100.0,13066.203125,28700.0,88076.921875,81300.0,15471.1513671875,29650.0,25300.0,15150.0,25090.0,1935.4000244140625
2023-01-25,15128.6923828125,84300.0,31540.419921875,49900.0,19242.77734375,50150.5546875,82889.140625,16300.0,8502.65625,14566.115234375,9763.1201171875,102000.0,45600.0,38000.0,10252.1005859375,92850.0,7533.4072265625,20620.169921875,12734.93359375,26800.0,29100.0,13684.6171875,78746.828125,26100.0,13066.203125,28700.0,88076.921875,81300.0,15471.1513671875,29650.0,25300.0,15150.0,25090.0,1942.5999755859375
2023-01-26,15128.6923828125,84300.0,31540.419921875,49900.0,19242.77734375,50150.5546875,82889.140625,16300.0,8502.65625,14566.115234375,9763.1201171875,102000.0,45600.0,38000.0,10252.1005859375,92850.0,7533.4072265625,20620.169921875,12734.93359375,26800.0,29100.0,13684.6171875,78746.828125,26100.0,13066.203125,28700.0,88076.921875,81300.0,15471.1513671875,29650.0,25300.0,15150.0,25090.0,1930.0
2023-01-27,15332.34765625,85200.0,30579.44921875,51000.0,18778.72265625,50210.33203125,85823.9765625,16850.0,8599.830078125,14807.162109375,9812.931640625,103700.0,45900.0,38100.0,10252.1005859375,96550.0,7567.18896484375,20680.90625,12584.7578125,26650.0,29050.0,13969.7138671875,78746.828125,26650.0,13322.962890625,29600.0,89384.6171875,80000.0,15629.830078125,30300.0,25300.0,15150.0,25090.0,1929.4000244140625
2023-01-30,14779.568359375,84800.0,30545.12890625,50500.0,18407.478515625,50031.0078125,84554.859375,16500.0,8867.0556640625,14979.3388671875,9588.7783203125,102000.0,46200.0,37050.0,10378.1513671875,95000.0,7364.49658203125,20559.43359375,12614.79296875,25850.0,28700.0,13627.5986328125,76121.9296875,25750.0,13151.7900390625,28850.0,86923.078125,79400.0,15272.802734375,29800.0,25300.0,15150.0,25090.0,1922.9000244140625
2023-01-31,15157.7861328125,84800.0,30956.974609375,50400.0,18871.533203125,49911.4609375,84316.8984375,16700.0,9061.40234375,15220.3857421875,9738.2138671875,101100.0,46500.0,36800.0,10420.16796875,94500.0,7432.06103515625,20529.064453125,12975.21484375,27100.0,29400.0,14254.8095703125,77815.4140625,25450.0,13437.078125,28550.0,89461.5390625,77100.0,15431.4814453125,29700.0,25300.0,15150.0,25090.0,1929.5
2023-02-01,14663.1943359375,84000.0,29378.236328125,50000.0,17943.42578125,49014.84765625,84554.859375,15550.0,9231.4560546875,14531.6806640625,9414.4365234375,95200.0,47100.0,36250.0,10042.0166015625,93500.0,7161.80419921875,20377.22265625,12104.193359375,25650.0,28200.0,13513.5595703125,75444.5390625,24000.0,13465.6064453125,27600.0,87615.3828125,77200.0,14519.080078125,28000.0,25300.0,15150.0,25090.0,1942.800048828125
2023-02-02,14546.8193359375,84000.0,29618.478515625,49950.0,18067.171875,48955.0703125,84872.1328125,15250.0,8915.642578125,14669.421875,9439.3427734375,96700.0,49900.0,36200.0,10084.033203125,93750.0,7060.4580078125,20316.484375,12104.193359375,26150.0,28000.0,13627.5986328125,76714.6484375,23950.0,13465.6064453125,27900.0,86153.84375,76700.0,14598.419921875,28850.0,25300.0,15150.0,25090.0,1930.800048828125
2023-02-03,14255.8828125,84000.0,29755.76171875,49700.0,17974.361328125,47879.13671875,83444.3828125,15400.0,9012.8154296875,14531.6806640625,9265.0009765625,96500.0,47800.0,37300.0,10210.083984375,96400.0,7060.4580078125,19314.326171875,11863.912109375,26050.0,27100.0,13684.6171875,78746.828125,24050.0,13865.0107421875,28000.0,83923.078125,76000.0,14479.4111328125,29200.0,25300.0,15150.0,25090.0,1876.5999755859375
2023-02-06,14488.6318359375,84000.0,30888.333984375,50600.0,18500.2890625,48118.234375,84078.9375,15600.0,8988.5224609375,14566.115234375,9314.8134765625,96300.0,47150.0,38800.0,10546.21875,97700.0,7060.4580078125,19344.6953125,12014.087890625,25700.0,27950.0,13741.63671875,81287.046875,23975.0,13494.1357421875,28000.0,84230.765625,77400.0,14677.7587890625,29500.0,25300.0,15150.0,25090.0,1879.5
2023-02-07,14314.0703125,84000.0,30064.64453125,49200.0,18067.171875,48237.78125,84316.8984375,14800.0,8745.58984375,13601.9287109375,9140.4716796875,94100.0,45700.0,39000.0,10252.1005859375,95600.0,6857.76513671875,19405.431640625,11443.4189453125,25750.0,27400.0,13912.6943359375,77900.0859375,23400.0,13151.7900390625,27500.0,84153.84375,76100.0,14241.3935546875,28550.0,25300.0,15150.0,25090.0,1884.800048828125
2023-02-08,14343.1640625,84500.0,30545.12890625,49250.0,18500.2890625,48536.65234375,85110.09375,14750.0,8891.349609375,14359.50390625,9165.3779296875,93500.0,44500.0,37200.0,10294.1171875,98600.0,6857.76513671875,19435.80078125,11713.736328125,25000.0,27850.0,14026.732421875,79762.9140625,23300.0,13237.3759765625,27200.0,83076.921875,75800.0,14241.3935546875,28500.0,25300.0,15150.0,25090.0,1890.699951171875
2023-02-09,14255.8828125,84700.0,30201.92578125,49350.0,18190.919921875,48237.78125,85744.65625,14950.0,8842.7626953125,14187.328125,9190.2841796875,91800.0,44000.0,37900.0,10084.033203125,96900.0,6857.76513671875,19435.80078125,11623.6298828125,24450.0,27300.0,13827.166015625,78746.828125,22650.0,12552.6845703125,27100.0,78384.6171875,75000.0,14281.0625,28200.0,25300.0,15150.0,25090.0,1878.5
2023-02-10,14081.3212890625,84500.0,29481.197265625,49800.0,18005.298828125,48237.78125,84158.2578125,14650.0,8818.4697265625,14118.45703125,9115.56640625,91200.0,42100.0,38300.0,10084.033203125,94700.0,6823.98291015625,19405.431640625,11413.3837890625,23650.0,26950.0,13428.03125,80016.9375,22700.0,11982.107421875,27000.0,78461.5390625,75900.0,13884.3662109375,28200.0,25300.0,15150.0,25090.0,1874.5
2023-02-13,13906.7587890625,83800.0,30476.48828125,48500.0,18036.236328125,48237.78125,83999.6171875,14000.0,8769.8828125,13911.845703125,8966.130859375,92900.0,42500.0,37900.0,9831.9326171875,95950.0,6621.29052734375,19283.958984375,11113.03125,24500.0,26600.0,13114.4248046875,79170.1953125,22200.0,11525.646484375,26700.0,79307.6953125,75300.0,13487.669921875,28500.0,25300.0,15150.0,25090.0,1863.5
2023-02-14,13877.666015625,84500.0,29790.08203125,49100.0,17757.802734375,48297.5546875,83761.65625,14150.0,8575.5361328125,14187.328125,8891.4130859375,92900.0,42500.0,38000.0,9957.9833984375,94000.0,6648.31640625,19253.58984375,11353.3134765625,24400.0,26850.0,13399.521484375,78323.453125,21375.0,11696.8193359375,26450.0,79076.921875,74700.0,13249.65234375,28000.0,25300.0,15150.0,25090.0,1865.4000244140625
2023-02-15,14284.9765625,84900.0,30201.92578125,49400.0,17881.55078125,48775.75,84951.453125,14500.0,8648.416015625,14325.0693359375,8966.130859375,93000.0,42750.0,38750.0,10084.033203125,94500.0,6749.66259765625,19344.6953125,11473.4541015625,23350.0,27400.0,13570.5791015625,78746.828125,21250.0,11810.9345703125,26450.0,79000.0,76000.0,13646.3486328125,28350.0,25300.0,15150.0,25090.0,1845.300048828125
2023-02-16,14430.4443359375,85000.0,30888.333984375,50100.0,18376.54296875,48775.75,85586.015625,14750.0,8988.5224609375,14669.421875,9090.66015625,92900.0,43300.0,39000.0,10378.1513671875,94850.0,6823.98291015625,19405.431640625,11713.736328125,23900.0,27900.0,13684.6171875,78238.78125,21250.0,11925.0498046875,26700.0,79076.921875,76500.0,13884.3662109375,28400.0,25300.0,15150.0,25090.0,1851.800048828125
2023-02-17,14430.4443359375,84900.0,31437.458984375,50400.0,18345.60546875,48775.75,85030.7734375,14700.0,8964.2294921875,14462.8095703125,9015.9423828125,91300.0,43250.0,38600.0,10420.16796875,93550.0,6823.98291015625,19405.431640625,11683.701171875,24400.0,27800.0,13599.0888671875,78746.828125,21650.0,12267.3955078125,26750.0,78923.078125,76000.0,13725.6884765625,28400.0,25300.0,15150.0,25090.0,1850.199951171875
2023-02-20,15012.3173828125,86000.0,32398.4296875,51200.0,18840.595703125,49493.0390625,86458.53125,15450.0,9134.2822265625,15082.64453125,9414.4365234375,94500.0,44300.0,39400.0,10630.251953125,95100.0,7094.23974609375,19618.01171875,12464.6162109375,25700.0,28600.0,14026.732421875,79424.21875,22600.0,12552.6845703125,27050.0,78923.078125,77500.0,14519.080078125,29350.0,25300.0,15150.0,25090.0,1850.199951171875
2023-02-21,14837.755859375,85500.0,31746.341796875,50500.0,18469.353515625,49493.0390625,85903.296875,15350.0,9231.4560546875,14876.033203125,9265.0009765625,93800.0,44500.0,40600.0,10462.1845703125,95250.0,6992.8935546875,19587.642578125,12284.4052734375,25350.0,28400.0,14140.771484375,79762.9140625,22600.0,12438.5693359375,27150.0,78846.15625,77200.0,14122.3837890625,29600.0,25300.0,15150.0,25090.0,1842.5
2023-02-22,14459.5380859375,84500.0,30888.333984375,50000.0,17881.55078125,48895.296875,84872.1328125,14550.0,8988.5224609375,14600.55078125,9090.66015625,91000.0,43000.0,38200.0,10084.033203125,93500.0,6823.98291015625,19375.064453125,11593.5947265625,24700.0,27500.0,13428.03125,78746.828125,21300.0,11982.107421875,26500.0,77538.4609375,75500.0,13844.697265625,28100.0,25300.0,15150.0,25090.0,1841.5
2023-02-23,14779.568359375,84600.0,31265.857421875,49600.0,17943.42578125,48656.203125,83920.296875,14800.0,8769.8828125,14807.162109375,9040.8486328125,87600.0,43000.0,38350.0,10252.1005859375,93550.0,6823.98291015625,19314.326171875,11833.876953125,25000.0,27950.0,13684.6171875,79000.84375,21000.0,12267.3955078125,26500.0,75538.4609375,75700.0,13924.0361328125,26500.0,25300.0,15150.0,25090.0,1826.800048828125
2023-02-24,14314.0703125,84100.0,30613.76953125,48900.0,17479.37109375,48297.5546875,84475.5390625,14300.0,8502.65625,14325.0693359375,8816.6953125,85900.0,42100.0,37700.0,10084.033203125,94500.0,6729.39306640625,19192.853515625,11413.3837890625,24300.0,27250.0,13399.521484375,79170.1953125,20500.0,11982.107421875,26450.0,74000.0,74700.0,13606.6796875,26500.0,25300.0,15150.0,25090.0,1817.0999755859375
2023-02-27,14110.4150390625,83400.0,30373.52734375,48200.0,17046.25390625,47998.68359375,82492.546875,13950.0,8211.13671875,13842.9755859375,8592.5419921875,79900.0,40500.0,37050.0,10084.033203125,92650.0,6614.5341796875,19132.115234375,10962.85546875,23600.0,27000.0,13256.9736328125,78577.4765625,20450.0,11725.3486328125,26250.0,75769.234375,75200.0,13487.669921875,25750.0,25300.0,15150.0,25090.0,1824.9000244140625
2023-02-28,14197.6953125,83700.0,30270.56640625,48500.0,16953.443359375,48118.234375,82095.9453125,13950.0,8284.0166015625,13774.1044921875,8592.5419921875,82000.0,40000.0,37300.0,10168.0673828125,94000.0,6614.5341796875,19283.958984375,10962.85546875,23750.0,26500.0,13285.482421875,79170.1953125,20750.0,11725.3486328125,26300.0,76923.078125,75500.0,13527.33984375,26700.0,25300.0,15150.0,25090.0,1836.699951171875
2023-03-01,14634.1005859375,84300.0,31334.498046875,49450.0,17479.37109375,48118.234375,83365.0625,14400.0,8599.830078125,14393.939453125,8791.7890625,80500.0,40800.0,38650.0,10378.1513671875,96250.0,6756.4189453125,19466.169921875,11383.3486328125,25400.0,27300.0,13684.6171875,78746.828125,20600.0,12039.1650390625,26350.0,78076.921875,76900.0,13844.697265625,26800.0,25300.0,15150.0,25090.0,1845.4000244140625
2023-03-02,14575.9130859375,84000.0,31849.302734375,49000.0,17200.939453125,47819.36328125,83285.7421875,14250.0,8745.58984375,14187.328125,8667.259765625,79000.0,40300.0,38650.0,10672.2685546875,94050.0,6688.85498046875,19435.80078125,11203.13671875,25600.0,27200.0,13570.5791015625,78916.171875,20550.0,11982.107421875,26400.0,78153.84375,76500.0,13725.6884765625,26200.0,25300.0,15150.0,25090.0,1840.5
2023-03-03,14255.8828125,83500.0,31506.099609375,48450.0,17200.939453125,46922.75,82889.140625,14100.0,8648.416015625,14015.1513671875,8542.7294921875,76000.0,39400.0,38800.0,10378.1513671875,93500.0,6607.77783203125,19405.431640625,11082.99609375,25000.0,26800.0,13342.501953125,76968.671875,20475.0,11782.40625,26350.0,77846.15625,76000.0,13487.669921875,26000.0,25300.0,15150.0,25090.0,1854.5999755859375
2023-03-06,14139.5087890625,83700.0,31437.458984375,48000.0,17541.244140625,46743.42578125,82254.5859375,14200.0,8745.58984375,14049.5869140625,8617.447265625,74400.0,39400.0,38900.0,10462.1845703125,92500.0,6702.36767578125,19526.90625,11263.2080078125,24900.0,27200.0,13371.01171875,77053.34375,21050.0,11753.876953125,26300.0,74076.921875,75000.0,13567.009765625,26150.0,25300.0,15150.0,25090.0,1854.5999755859375
2023-03-07,14255.8828125,84000.0,32192.5078125,48300.0,17943.42578125,47102.0703125,82889.140625,14400.0,8988.5224609375,14531.6806640625,8667.259765625,78300.0,39700.0,39000.0,10546.21875,93450.0,6736.14990234375,19678.748046875,11653.6650390625,25000.0,27100.0,13399.521484375,77815.4140625,21150.0,11753.876953125,26350.0,74692.3046875,75800.0,13805.02734375,26600.0,25300.0,15150.0,25090.0,1820.0
2023-03-08,14546.8193359375,84500.0,32947.5546875,49000.0,18190.919921875,47520.4921875,83999.6171875,14500.0,9037.109375,14600.55078125,8766.8828125,80400.0,39400.0,38900.0,10714.2861328125,93250.0,6790.201171875,19739.484375,11893.947265625,25350.0,27300.0,13656.107421875,78069.4296875,21175.0,11810.9345703125,26500.0,75615.3828125,76500.0,14400.0712890625,27250.0,25300.0,15150.0,25090.0,1818.5999755859375
2023-03-09,14750.474609375,84000.0,32707.3125,49450.0,18190.919921875,48178.0078125,84713.5,15150.0,8988.5224609375,14600.55078125,8866.5068359375,80800.0,40000.0,39000.0,10924.3701171875,93250.0,6959.111328125,19800.22265625,11893.947265625,26500.0,27800.0,13969.7138671875,78746.828125,21200.0,12096.22265625,26500.0,78307.6953125,76500.0,14439.7412109375,27000.0,25300.0,15150.0,25090.0,1834.5999755859375
2023-03-10,14488.6318359375,83800.0,32364.109375,49200.0,18067.171875,47520.4921875,84872.1328125,15000.0,8988.5224609375,14669.421875,8841.6005859375,83900.0,39750.0,38150.0,10882.3525390625,92800.0,6823.98291015625,19678.748046875,11893.947265625,26000.0,27150.0,13684.6171875,77984.7578125,21425.0,11953.5791015625,26550.0,77384.6171875,76900.0,14519.080078125,28000.0,25300.0,15150.0,25090.0,1867.199951171875
2023-03-13,14255.8828125,83700.0,31746.341796875,49500.0,18129.046875,47161.84765625,85744.65625,14950.0,8964.2294921875,14531.6806640625,8717.0712890625,84500.0,39400.0,38050.0,11050.419921875,93500.0,6715.88037109375,19678.748046875,11803.841796875,25000.0,26750.0,13855.6748046875,77476.7109375,22375.0,11810.9345703125,26650.0,77461.5390625,76900.0,15391.8125,29100.0,25300.0,15150.0,25090.0,1916.5
2023-03-14,13994.0400390625,83100.0,30922.654296875,48700.0,17943.42578125,47042.296875,85427.375,14300.0,8769.8828125,13980.7158203125,8567.6357421875,83600.0,38600.0,37100.0,10798.3193359375,95000.0,6742.90625,19618.01171875,11443.4189453125,24400.0,26300.0,13798.65625,77053.34375,22375.0,11554.1748046875,26500.0,78230.765625,76600.0,15391.8125,28800.0,25300.0,15150.0,25090.0,1910.9000244140625
2023-03-15,14430.4443359375,83200.0,32123.8671875,49300.0,18252.794921875,48118.234375,84872.1328125,15200.0,8988.5224609375,14669.421875,8866.5068359375,84700.0,40000.0,37650.0,11344.5380859375,94750.0,6925.32958984375,19769.853515625,12224.3349609375,25350.0,27200.0,14055.2421875,77392.0390625,23000.0,12210.337890625,27000.0,80692.3046875,77100.0,15709.1689453125,28500.0,25300.0,15150.0,25090.0,1931.300048828125
2023-03-16,14197.6953125,82200.0,31746.341796875,48600.0,17912.48828125,47341.16796875,82968.4609375,14850.0,8672.7099609375,14359.50390625,8692.1650390625,83800.0,39400.0,36350.0,11134.4541015625,95500.0,6823.98291015625,19557.2734375,12104.193359375,24600.0,26750.0,14055.2421875,77053.34375,22250.0,11925.0498046875,26650.0,78461.5390625,76400.0,15431.4814453125,28950.0,25300.0,15150.0,25090.0,1923.0
2023-03-17,14168.6015625,82400.0,31780.662109375,50000.0,17943.42578125,47221.62109375,82254.5859375,14900.0,8988.5224609375,14049.5869140625,8692.1650390625,83500.0,39400.0,35400.0,11260.50390625,96000.0,6925.32958984375,19587.642578125,12194.2998046875,25050.0,26650.0,14425.8671875,75359.8671875,21675.0,11953.5791015625,26600.0,83769.234375,74500.0,15629.830078125,29500.0,25300.0,15150.0,25090.0,1973.5
2023-03-20,13964.9462890625,81600.0,31128.576171875,49000.0,17324.685546875,46384.78125,81699.34375,14350.0,8648.416015625,13774.1044921875,8617.447265625,81500.0,38100.0,35400.0,10798.3193359375,94500.0,6756.4189453125,19496.537109375,11713.736328125,24200.0,26250.0,12316.1552734375,72057.578125,21275.0,11725.3486328125,26400.0,81230.765625,74300.0,15629.830078125,29000.0,25300.0,15150.0,25090.0,1982.800048828125
2023-03-21,14081.3212890625,82000.0,31128.576171875,49000.0,17510.30859375,46683.65234375,81857.984375,14450.0,8454.0703125,14084.0224609375,8642.353515625,80100.0,38500.0,34700.0,11092.4365234375,93000.0,6857.76513671875,19526.90625,12014.087890625,24600.0,26350.0,12316.1552734375,73243.015625,22700.0,11839.4638671875,26400.0,79846.15625,74400.0,16145.53515625,29450.0,25300.0,15150.0,25090.0,1941.0999755859375
2023-03-22,14052.2275390625,81500.0,31643.380859375,49000.0,17634.0546875,46922.75,81620.0234375,14500.0,8575.5361328125,13980.7158203125,8667.259765625,80500.0,37950.0,34700.0,11050.419921875,93750.0,6891.54736328125,19526.90625,11923.982421875,24800.0,26200.0,12430.1943359375,75359.8671875,23825.0,11810.9345703125,26400.0,80615.3828125,74400.0,16661.240234375,29700.0,25300.0,15150.0,25090.0,1949.5999755859375
2023-03-23,14255.8828125,81900.0,31506.099609375,48900.0,17757.802734375,46623.87890625,81302.75,14500.0,8575.5361328125,14049.5869140625,8667.259765625,79000.0,37800.0,35850.0,11092.4365234375,94000.0,7094.23974609375,19526.90625,12224.3349609375,25000.0,26200.0,12572.7421875,76799.3203125,24000.0,11782.40625,26400.0,81307.6953125,75300.0,16700.91015625,29300.0,25300.0,15150.0,25090.0,1995.9000244140625
2023-03-24,14284.9765625,82000.0,31265.857421875,48500.0,17634.0546875,46982.5234375,81223.4296875,14800.0,8769.8828125,14049.5869140625,8841.6005859375,78000.0,37950.0,36350.0,11134.4541015625,93900.0,7094.23974609375,19253.58984375,12284.4052734375,25050.0,26450.0,12544.232421875,75359.8671875,24500.0,11953.5791015625,26650.0,81692.3046875,75000.0,16780.248046875,29250.0,25300.0,15150.0,25090.0,1983.800048828125
2023-03-27,14226.7890625,82200.0,31574.740234375,48500.0,17788.740234375,47281.39453125,80906.1484375,14900.0,8842.7626953125,14325.0693359375,8941.224609375,76700.0,38100.0,35700.0,11176.470703125,93000.0,7195.5859375,19253.58984375,12614.79296875,25500.0,26500.0,12487.2138671875,77053.34375,24200.0,12039.1650390625,26650.0,81923.078125,74600.0,16859.587890625,29300.0,25300.0,15150.0,25090.0,1953.800048828125
2023-03-28,14226.7890625,82300.0,31574.740234375,48500.0,17881.55078125,47341.16796875,82254.5859375,14800.0,8818.4697265625,14256.1982421875,8966.130859375,77600.0,39100.0,35800.0,11176.470703125,93000.0,7330.71435546875,19132.115234375,12494.6513671875,25400.0,27550.0,12458.7041015625,77730.734375,24000.0,12067.6943359375,26700.0,81846.15625,74400.0,16661.240234375,29250.0,25300.0,15150.0,25090.0,1973.5
2023-03-29,14197.6953125,82200.0,31712.021484375,48300.0,17943.42578125,47221.62109375,81540.703125,14750.0,8794.17578125,14325.0693359375,9115.56640625,78800.0,38700.0,36000.0,11218.4873046875,92700.0,7296.9326171875,19071.37890625,12644.828125,25350.0,28000.0,12487.2138671875,78154.109375,24000.0,12124.751953125,26750.0,81692.3046875,74900.0,16581.900390625,29250.0,25300.0,15150.0,25090.0,1966.9000244140625
2023-03-30,14314.0703125,82300.0,31712.021484375,48450.0,17943.42578125,47281.39453125,81223.4296875,14700.0,9085.6953125,14325.0693359375,9090.66015625,79200.0,38600.0,36900.0,11092.4365234375,92500.0,7161.80419921875,19101.748046875,12584.7578125,26000.0,27700.0,12629.76171875,78492.8046875,24775.0,12181.8095703125,26850.0,81769.234375,75000.0,16581.900390625,29900.0,25300.0,15150.0,25090.0,1980.300048828125
2023-03-31,14546.8193359375,82900.0,31712.021484375,48450.0,18067.171875,47281.39453125,80906.1484375,15500.0,9352.921875,14325.0693359375,9090.66015625,77800.0,38550.0,37450.0,11092.4365234375,92350.0,7263.150390625,19101.748046875,12915.14453125,26200.0,28350.0,12658.271484375,77392.0390625,25750.0,12210.337890625,27500.0,80846.15625,74400.0,16700.91015625,29550.0,25300.0,15150.0,25090.0,1969.0
2023-04-03,14692.287109375,83500.0,31506.099609375,49000.0,18531.2265625,48357.33203125,81302.75,15950.0,9401.5087890625,14462.8095703125,9314.8134765625,76800.0,39000.0,37500.0,11092.4365234375,90500.0,7567.18896484375,19192.853515625,13215.4970703125,26750.0,29300.0,12971.876953125,78577.4765625,26300.0,12381.5107421875,29000.0,78923.078125,74400.0,16819.91796875,29600.0,25300.0,15150.0,25090.0,2000.4000244140625
2023-04-04,14634.1005859375,82000.0,31574.740234375,49200.0,18345.60546875,48118.234375,80826.828125,15950.0,9304.3359375,14531.6806640625,9339.71875,78400.0,39800.0,37950.0,11344.5380859375,89000.0,7769.8818359375,19132.115234375,13515.849609375,26900.0,29500.0,12886.34765625,77900.0859375,25500.0,12609.7421875,28400.0,78461.5390625,74200.0,16978.59765625,29450.0,25300.0,15150.0,25090.0,2038.199951171875
2023-04-05,14721.380859375,81200.0,31231.537109375,49050.0,18562.1640625,48178.0078125,80826.828125,16200.0,9571.5615234375,14807.162109375,9364.625,78400.0,39750.0,38050.0,11302.521484375,88250.0,7803.6640625,19162.484375,13515.849609375,26250.0,29500.0,12943.3671875,77984.7578125,26100.0,12524.1552734375,27750.0,79153.84375,74500.0,16819.91796875,29450.0,25300.0,15150.0,25090.0,2035.5999755859375
2023-04-06,14488.6318359375,80500.0,31574.740234375,48500.0,18283.73046875,47998.68359375,80509.546875,15600.0,9547.2685546875,14807.162109375,9215.189453125,77000.0,39100.0,37350.0,11050.419921875,88450.0,7668.53564453125,19041.01171875,13125.3916015625,25650.0,29600.0,13171.4443359375,77222.6953125,25600.0,11982.107421875,27250.0,78615.3828125,74300.0,16581.900390625,29500.0,25300.0,15150.0,25090.0,2026.4000244140625
2023-04-07,14575.9130859375,80200.0,31334.498046875,48500.0,18252.794921875,48118.234375,80271.59375,15900.0,9450.095703125,14600.55078125,9265.0009765625,77600.0,39000.0,37700.0,10966.38671875,88500.0,7837.44580078125,19010.642578125,13515.849609375,26000.0,29550.0,13171.4443359375,76206.6015625,25350.0,11925.0498046875,27200.0,79230.765625,74700.0,16581.900390625,29200.0,25300.0,15150.0,25090.0,2026.4000244140625
2023-04-10,14546.8193359375,80000.0,30682.41015625,48900.0,18159.984375,47998.68359375,78923.15625,15900.0,9571.5615234375,14256.1982421875,9265.0009765625,77200.0,41000.0,37300.0,11218.4873046875,88300.0,8107.70263671875,19010.642578125,13455.7783203125,25950.0,30200.0,13171.4443359375,75359.8671875,24900.0,11925.0498046875,26900.0,78692.3046875,74400.0,16581.900390625,29100.0,25300.0,15150.0,25090.0,2003.800048828125
2023-04-11,14517.7255859375,80200.0,30476.48828125,49150.0,18314.66796875,47998.68359375,79240.4375,16250.0,9498.681640625,14325.0693359375,9339.71875,77900.0,40700.0,36950.0,11260.50390625,87500.0,7938.79248046875,19041.01171875,13575.919921875,25950.0,30400.0,13171.4443359375,74682.46875,25750.0,12039.1650390625,26800.0,78692.3046875,74400.0,16661.240234375,29050.0,25300.0,15150.0,25090.0,2019.0
2023-04-12,14459.5380859375,80000.0,30476.48828125,48500.0,18252.794921875,47998.68359375,79161.1171875,16350.0,9547.2685546875,14290.6337890625,9314.8134765625,79500.0,40750.0,37000.0,11470.587890625,85500.0,8242.8310546875,19041.01171875,13215.4970703125,26100.0,30700.0,13171.4443359375,74767.1484375,25800.0,12153.2802734375,26550.0,76692.3046875,74300.0,16383.552734375,28700.0,25300.0,15150.0,25090.0,2024.9000244140625
2023-04-13,14517.7255859375,79800.0,30854.01171875,48400.0,18190.919921875,47580.265625,79319.75,15950.0,9571.5615234375,14084.0224609375,9240.095703125,79200.0,41050.0,37200.0,11302.521484375,84750.0,8141.48486328125,19041.01171875,13065.3212890625,26450.0,30200.0,13228.4638671875,74682.46875,25250.0,12067.6943359375,26500.0,76384.6171875,73500.0,16343.8828125,28400.0,25300.0,15150.0,25090.0,2055.300048828125
2023-04-14,14517.7255859375,79300.0,30510.80859375,48000.0,18005.298828125,47580.265625,77812.6796875,15300.0,9474.388671875,14221.7626953125,9115.56640625,78100.0,40000.0,36500.0,11008.4033203125,83500.0,8006.3564453125,19010.642578125,12734.93359375,25700.0,28900.0,13228.4638671875,74851.8203125,25000.0,11867.9921875,26450.0,75769.234375,72800.0,16264.5439453125,28600.0,25300.0,15150.0,25090.0,2015.800048828125
2023-04-17,14546.8193359375,79400.0,30888.333984375,47200.0,18067.171875,47580.265625,77098.796875,15400.0,9377.2158203125,14359.50390625,9090.66015625,78100.0,39850.0,36100.0,11218.4873046875,82000.0,7972.57421875,19041.01171875,12825.0390625,25900.0,29450.0,13114.4248046875,74851.8203125,25150.0,11782.40625,26450.0,76615.3828125,71700.0,16224.8740234375,28300.0,25300.0,15150.0,25090.0,2007.0
2023-04-18,14401.3515625,79500.0,30613.76953125,47000.0,18005.298828125,47460.71875,76781.5234375,15500.0,9401.5087890625,14428.375,9040.8486328125,78200.0,39950.0,36800.0,11344.5380859375,82900.0,7769.8818359375,18980.2734375,13065.3212890625,25900.0,29150.0,13000.38671875,74513.125,25400.0,11782.40625,26400.0,76153.84375,73000.0,16066.1953125,28500.0,25300.0,15150.0,25090.0,2019.699951171875
2023-04-19,14197.6953125,79200.0,30476.48828125,46150.0,17757.802734375,47400.94140625,75829.6875,15050.0,9255.7490234375,14325.0693359375,9015.9423828125,78700.0,40500.0,36400.0,11092.4365234375,85200.0,7668.53564453125,18919.537109375,12795.00390625,25500.0,29000.0,12743.7998046875,74936.4921875,25200.0,11668.2900390625,26300.0,77000.0,72000.0,15629.830078125,28300.0,25300.0,15150.0,25090.0,2007.300048828125
2023-04-20,14110.4150390625,79400.0,30613.76953125,47000.0,17788.740234375,47460.71875,76146.9609375,15150.0,9328.62890625,14325.0693359375,9040.8486328125,78000.0,40400.0,36450.0,11050.419921875,85250.0,7668.53564453125,18949.90625,12674.86328125,25700.0,28850.0,12772.3095703125,74767.1484375,25350.0,11639.76171875,26300.0,76538.4609375,71900.0,15352.142578125,28300.0,25300.0,15150.0,25090.0,2019.0999755859375
2023-04-21,14110.4150390625,79100.0,30339.20703125,46850.0,17695.9296875,47400.94140625,75671.046875,15100.0,9134.2822265625,14256.1982421875,8991.0361328125,76400.0,39300.0,36750.0,10756.302734375,85250.0,7499.625,18889.16796875,13005.25,25600.0,28700.0,12857.8388671875,74089.7578125,25150.0,11497.1171875,26350.0,75000.0,70900.0,15431.4814453125,27900.0,25300.0,15150.0,25090.0,1990.5
2023-04-24,14081.3212890625,79100.0,29996.00390625,46400.0,17881.55078125,47281.39453125,73846.6875,15300.0,9109.9892578125,14221.7626953125,9090.66015625,73300.0,38400.0,36750.0,10924.3701171875,85550.0,7432.06103515625,18889.16796875,12915.14453125,25550.0,29500.0,13028.896484375,74428.453125,25250.0,11582.7041015625,26300.0,74923.078125,70500.0,15471.1513671875,28150.0,25300.0,15150.0,25090.0,1999.800048828125
2023-04-25,14052.2275390625,78700.0,29893.04296875,45600.0,17634.0546875,46862.9765625,72974.171875,15100.0,8915.642578125,14497.2451171875,9090.66015625,71300.0,37700.0,36400.0,10756.302734375,85500.0,7364.49658203125,18737.326171875,12674.86328125,25050.0,29000.0,12971.876953125,74767.1484375,25100.0,11411.53125,26250.0,73769.234375,69900.0,15312.47265625,27700.0,25300.0,15150.0,25090.0,2004.5
2023-04-26,14052.2275390625,78700.0,30270.56640625,45850.0,17572.181640625,46803.19921875,74084.6484375,15350.0,9182.869140625,15151.515625,9140.4716796875,71400.0,38400.0,36900.0,10756.302734375,85500.0,7465.8427734375,18464.009765625,12825.0390625,25400.0,30000.0,13114.4248046875,75698.5625,24000.0,11668.2900390625,25950.0,73230.765625,71000.0,15352.142578125,27500.0,25300.0,15150.0,25090.0,1996.0
2023-04-27,14052.2275390625,78500.0,30133.28515625,44850.0,17541.244140625,46803.19921875,73132.8125,15450.0,9231.4560546875,14944.9033203125,9165.3779296875,72300.0,38650.0,37450.0,10798.3193359375,87000.0,7465.8427734375,18585.484375,12704.8984375,25150.0,29900.0,13142.9345703125,76206.6015625,23750.0,11554.1748046875,25250.0,73153.84375,69500.0,15391.8125,27000.0,25300.0,15150.0,25090.0,1999.0
2023-04-28,14081.3212890625,78700.0,29858.72265625,44900.0,17850.61328125,46325.0078125,73608.734375,15550.0,9134.2822265625,14910.46875,9190.2841796875,73100.0,39200.0,37450.0,11008.4033203125,86000.0,7567.18896484375,19405.431640625,12945.1796875,25300.0,29500.0,13570.5791015625,76629.9765625,24750.0,11696.8193359375,26050.0,74615.3828125,70000.0,15788.5078125,27700.0,25300.0,15150.0,25090.0,1999.0999755859375
2023-05-01,14081.3212890625,78700.0,29858.72265625,44900.0,17850.61328125,46325.0078125,73608.734375,15550.0,9134.2822265625,14910.46875,9190.2841796875,73100.0,39200.0,37450.0,11008.4033203125,86000.0,7567.18896484375,19405.431640625,12945.1796875,25300.0,29500.0,13570.5791015625,76629.9765625,24750.0,11696.8193359375,26050.0,74615.3828125,70000.0,15788.5078125,27700.0,25300.0,15150.0,25090.0,1992.199951171875
2023-05-02,14081.3212890625,78700.0,29858.72265625,44900.0,17850.61328125,46325.0078125,73608.734375,15550.0,9134.2822265625,14910.46875,9190.2841796875,73100.0,39200.0,37450.0,11008.4033203125,86000.0,7567.18896484375,19405.431640625,12945.1796875,25300.0,29500.0,13570.5791015625,76629.9765625,24750.0,11696.8193359375,26050.0,74615.3828125,70000.0,15788.5078125,27700.0,25300.0,15150.0,25090.0,2023.300048828125
2023-05-03,14081.3212890625,78700.0,29858.72265625,44900.0,17850.61328125,46325.0078125,73608.734375,15550.0,9134.2822265625,14910.46875,9190.2841796875,73100.0,39200.0,37450.0,11008.4033203125,86000.0,7567.18896484375,19405.431640625,12945.1796875,25300.0,29500.0,13570.5791015625,76629.9765625,24750.0,11696.8193359375,26050.0,74615.3828125,70000.0,15788.5078125,27700.0,25300.0,15150.0,25090.0,2037.0
2023-05-04,14372.2578125,78100.0,30030.32421875,45250.0,17479.37109375,46922.75,72974.171875,15700.0,9134.2822265625,14669.421875,9065.75390625,70600.0,37900.0,37450.0,10924.3701171875,83300.0,7465.8427734375,19101.748046875,13065.3212890625,25150.0,29050.0,13456.5400390625,74936.4921875,24750.0,11525.646484375,25650.0,73461.5390625,68600.0,15510.8212890625,27250.0,25300.0,15150.0,25090.0,2055.699951171875
2023-05-05,14343.1640625,77900.0,29824.40234375,45900.0,17231.875,46862.9765625,72894.8515625,15500.0,9255.7490234375,14772.7275390625,9015.9423828125,73000.0,37800.0,37800.0,10966.38671875,82750.0,7398.27880859375,19101.748046875,12885.109375,24950.0,28700.0,13313.9921875,76037.2578125,24500.0,11497.1171875,25350.0,73846.15625,68800.0,15431.4814453125,27150.0,25300.0,15150.0,25090.0,2024.800048828125
2023-05-08,14517.7255859375,78100.0,30682.41015625,46000.0,17262.8125,46922.75,73846.6875,16200.0,9328.62890625,14876.033203125,9090.66015625,74100.0,37850.0,37800.0,11176.470703125,83250.0,7567.18896484375,19162.484375,13395.7080078125,25650.0,29400.0,13256.9736328125,78746.828125,24700.0,11611.232421875,25450.0,74076.921875,70400.0,15431.4814453125,27450.0,25300.0,15150.0,25090.0,2033.199951171875
2023-05-09,14488.6318359375,77700.0,30956.974609375,46000.0,17324.685546875,47161.84765625,74639.890625,16150.0,9255.7490234375,15013.7744140625,9115.56640625,73600.0,37950.0,38000.0,11218.4873046875,82550.0,7567.18896484375,19162.484375,13365.6728515625,25750.0,29300.0,13428.03125,78154.109375,24650.0,11554.1748046875,25300.0,73384.6171875,70700.0,15431.4814453125,27400.0,25300.0,15150.0,25090.0,2042.9000244140625
2023-05-10,14488.6318359375,77600.0,30888.333984375,45950.0,17479.37109375,47221.62109375,73926.0078125,16850.0,9304.3359375,14944.9033203125,9215.189453125,73600.0,39000.0,37750.0,11260.50390625,82600.0,7837.44580078125,19071.37890625,13515.849609375,26350.0,29300.0,13542.0693359375,77900.0859375,24675.0,11782.40625,25300.0,74461.5390625,70500.0,15510.8212890625,27800.0,25300.0,15150.0,25090.0,2037.0999755859375
2023-05-11,14488.6318359375,77500.0,30888.333984375,45700.0,17541.244140625,47281.39453125,73132.8125,16700.0,9328.62890625,14979.3388671875,9215.189453125,73800.0,38700.0,37750.0,11176.470703125,82250.0,7769.8818359375,18949.90625,13455.7783203125,26400.0,29100.0,13456.5400390625,77053.34375,24575.0,11725.3486328125,25250.0,74384.6171875,70000.0,15709.1689453125,28050.0,25300.0,15150.0,25090.0,2020.5
2023-05-12,14546.8193359375,77500.0,30888.333984375,46000.0,17572.181640625,48118.234375,73370.7734375,16800.0,9425.8017578125,15392.5615234375,9289.9072265625,74400.0,39000.0,37550.0,11260.50390625,81950.0,7837.44580078125,18828.431640625,13966.3779296875,26800.0,29300.0,13428.03125,78577.4765625,25600.0,11696.8193359375,25850.0,74769.234375,69600.0,15669.4990234375,28150.0,25300.0,15150.0,25090.0,2019.800048828125
2023-05-15,14546.8193359375,77400.0,30819.69140625,45500.0,17386.560546875,48417.10546875,73132.8125,16150.0,9425.8017578125,15220.3857421875,9389.53125,74100.0,38900.0,37800.0,11176.470703125,82050.0,7769.8818359375,18706.95703125,13756.130859375,27000.0,29900.0,13627.5986328125,77646.0625,25850.0,11896.521484375,27200.0,74846.15625,69000.0,15709.1689453125,28400.0,25300.0,15150.0,25090.0,2022.699951171875
2023-05-16,14546.8193359375,77400.0,30888.333984375,45300.0,17293.75,48715.9765625,73291.453125,16000.0,9474.388671875,15151.515625,9364.625,73300.0,38450.0,38050.0,11344.5380859375,81500.0,7837.44580078125,18433.642578125,13756.130859375,27400.0,29800.0,13599.0888671875,78408.125,26100.0,11925.0498046875,26450.0,75000.0,69700.0,15550.490234375,28400.0,25300.0,15150.0,25090.0,1993.0
2023-05-17,14488.6318359375,77500.0,30751.05078125,45050.0,17015.31640625,48715.9765625,72894.8515625,15850.0,9522.9755859375,15013.7744140625,9190.2841796875,73100.0,38150.0,37500.0,11176.470703125,81250.0,7905.01025390625,18251.431640625,13485.8134765625,27000.0,29250.0,13256.9736328125,78577.4765625,26700.0,11867.9921875,26600.0,75615.3828125,69000.0,15233.1337890625,27900.0,25300.0,15150.0,25090.0,1984.9000244140625
2023-05-18,14546.8193359375,78500.0,30648.08984375,44800.0,17170.001953125,49552.8125,73767.3671875,15850.0,9425.8017578125,15117.080078125,9265.0009765625,73200.0,38100.0,37450.0,11260.50390625,81150.0,7837.44580078125,18251.431640625,13696.060546875,27200.0,29550.0,13342.501953125,80440.3046875,27500.0,12238.8671875,26600.0,76461.5390625,69200.0,15272.802734375,28100.0,25300.0,15150.0,25090.0,1959.800048828125
2023-05-19,14517.7255859375,77900.0,30476.48828125,44300.0,17324.685546875,49493.0390625,75274.4453125,16250.0,9425.8017578125,15013.7744140625,9289.9072265625,72400.0,38300.0,37600.0,11344.5380859375,80350.0,7972.57421875,18190.6953125,13756.130859375,27850.0,29650.0,13371.01171875,79762.9140625,27050.0,12210.337890625,26250.0,75923.078125,68600.0,15312.47265625,28000.0,25300.0,15150.0,25090.0,1981.5999755859375
2023-05-22,14575.9130859375,77800.0,30476.48828125,43800.0,17293.75,49313.71875,75115.8046875,16500.0,9450.095703125,15082.64453125,9389.53125,72000.0,38550.0,37750.0,11428.5712890625,80350.0,8107.70263671875,18312.16796875,13756.130859375,28150.0,30500.0,13570.5791015625,78831.5,27050.0,12324.453125,26050.0,76307.6953125,68200.0,15629.830078125,27900.0,25300.0,15150.0,25090.0,1977.199951171875
2023-05-23,14750.474609375,76700.0,30098.96484375,44600.0,17262.8125,49014.84765625,73926.0078125,16400.0,9474.388671875,14944.9033203125,9339.71875,70400.0,38250.0,37500.0,11470.587890625,79500.0,8073.92041015625,18221.0625,13726.095703125,27950.0,30350.0,13513.5595703125,78577.4765625,26850.0,12153.2802734375,26300.0,75923.078125,67000.0,15510.8212890625,27700.0,25300.0,15150.0,25090.0,1974.5
2023-05-24,14750.474609375,76700.0,30098.96484375,44600.0,17262.8125,49014.84765625,73926.0078125,16400.0,9474.388671875,14944.9033203125,9339.71875,70400.0,38250.0,37500.0,11470.587890625,79500.0,8073.92041015625,18221.0625,13726.095703125,27950.0,30350.0,13513.5595703125,78577.4765625,26850.0,12153.2802734375,26300.0,75923.078125,67000.0,15510.8212890625,27700.0,25300.0,15150.0,25090.0,1964.5999755859375
2023-05-25,14605.0068359375,77400.0,30030.32421875,44100.0,17077.19140625,49732.13671875,75115.8046875,16750.0,9474.388671875,14600.55078125,9190.2841796875,72000.0,38000.0,37350.0,11302.521484375,79000.0,7938.79248046875,18160.326171875,13515.849609375,27000.0,29800.0,13342.501953125,78916.171875,27500.0,11925.0498046875,26300.0,75384.6171875,67100.0,15233.1337890625,27700.0,25300.0,15150.0,25090.0,1943.699951171875
2023-05-26,14546.8193359375,77400.0,29790.08203125,43550.0,17200.939453125,49672.36328125,74322.609375,17200.0,9474.388671875,14531.6806640625,9190.2841796875,72000.0,38200.0,37650.0,11428.5712890625,77750.0,7803.6640625,18251.431640625,13545.884765625,27200.0,29900.0,13485.0498046875,77900.0859375,27500.0,12010.63671875,26000.0,75461.5390625,67100.0,15193.4638671875,27700.0,25300.0,15150.0,25090.0,1944.300048828125
2023-05-29,14634.1005859375,77800.0,30133.28515625,43950.0,17324.685546875,49672.36328125,74401.9296875,18200.0,10504.4248046875,14772.7275390625,9339.71875,71600.0,38700.0,37900.0,11428.5712890625,77650.0,7905.01025390625,18342.537109375,14056.4833984375,27700.0,30200.0,13855.6748046875,78831.5,27750.0,12153.2802734375,26350.0,76538.4609375,67100.0,15352.142578125,27700.0,25300.0,15150.0,25090.0,1944.300048828125
2023-05-30,14663.1943359375,78000.0,30064.64453125,43800.0,17355.623046875,50210.33203125,73688.0546875,18400.0,10504.4248046875,14703.8564453125,9339.71875,72800.0,39400.0,37900.0,11470.587890625,78000.0,7938.79248046875,18342.537109375,14026.4482421875,27700.0,30200.0,13741.63671875,80016.9375,27450.0,12153.2802734375,26200.0,75769.234375,66500.0,15431.4814453125,27700.0,25300.0,15150.0,25090.0,1958.0
2023-05-31,14779.568359375,78000.0,30201.92578125,43500.0,17324.685546875,50270.10546875,73608.734375,18200.0,10280.9267578125,14600.55078125,9265.0009765625,72000.0,39200.0,37500.0,11470.587890625,79000.0,7938.79248046875,18433.642578125,13906.306640625,27700.0,29950.0,14254.8095703125,79593.5625,26750.0,12210.337890625,26000.0,75000.0,66100.0,15312.47265625,27100.0,25300.0,15150.0,25090.0,1963.9000244140625
2023-06-01,14319.888671875,77700.0,30133.28515625,43650.0,17293.75,49911.4609375,72974.171875,18800.0,10392.67578125,14738.2919921875,9364.625,71800.0,39300.0,37450.0,11470.587890625,79100.0,7938.79248046875,18555.115234375,14086.5185546875,28000.0,30300.0,14910.53125,79508.890625,26500.0,12295.9248046875,26000.0,75000.0,66100.0,15391.8125,26850.0,25300.0,15150.0,25090.0,1995.5
2023-06-02,14587.55078125,78000.0,30682.41015625,44100.0,17726.8671875,50090.78125,72974.171875,18900.0,10644.111328125,14876.033203125,9812.931640625,72300.0,40800.0,38250.0,11470.587890625,79000.0,8141.48486328125,19010.642578125,14476.9765625,28300.0,32200.0,14996.0595703125,80355.6328125,26700.0,13151.7900390625,26000.0,74461.5390625,65900.0,15748.8388671875,27100.0,25300.0,15150.0,25090.0,1969.5999755859375
2023-06-05,14554.0927734375,77800.0,30682.41015625,44500.0,17788.740234375,50808.07421875,74560.5703125,18350.0,10644.111328125,14910.46875,9862.7431640625,74100.0,41200.0,39100.0,11722.689453125,79700.0,8344.177734375,19132.115234375,14476.9765625,28050.0,31900.0,14882.021484375,82980.5234375,26850.0,13237.3759765625,26050.0,74461.5390625,66500.0,15669.4990234375,27100.0,25300.0,15150.0,25090.0,1974.300048828125
2023-06-06,14587.55078125,77900.0,30751.05078125,44950.0,17757.802734375,50987.39453125,75433.0859375,18750.0,10727.9228515625,14979.3388671875,10186.5205078125,73600.0,41800.0,38900.0,11596.638671875,80000.0,8445.5234375,19162.484375,15107.7158203125,28300.0,32700.0,14710.9638671875,83827.265625,27500.0,13465.6064453125,26600.0,75153.84375,66400.0,15748.8388671875,27350.0,25300.0,15150.0,25090.0,1981.5
2023-06-07,14621.0078125,79600.0,30442.16796875,44650.0,17881.55078125,50808.07421875,74957.1640625,18550.0,10616.173828125,15564.73828125,10136.708984375,75500.0,41800.0,38900.0,11554.6220703125,79900.0,8310.3955078125,19192.853515625,15077.6806640625,28350.0,32600.0,14967.55078125,82133.78125,27650.0,13465.6064453125,26400.0,74307.6953125,66200.0,15788.5078125,27250.0,25300.0,15150.0,25090.0,1958.4000244140625
2023-06-08,14453.7197265625,79300.0,29996.00390625,44100.0,17664.9921875,49971.234375,74243.2890625,18000.0,10448.5498046875,15702.4794921875,9962.3671875,74400.0,40650.0,38300.0,11596.638671875,79900.0,8242.8310546875,19071.37890625,14597.1171875,27600.0,31750.0,14596.92578125,84674.0078125,27700.0,13037.673828125,26200.0,74769.234375,65500.0,15471.1513671875,26900.0,25300.0,15150.0,25090.0,1978.5999755859375
2023-06-09,14420.26171875,80000.0,29824.40234375,43800.0,17541.244140625,50568.9765625,74322.609375,18050.0,10336.80078125,15771.349609375,10086.896484375,76500.0,41400.0,38000.0,11554.6220703125,79000.0,8209.048828125,19041.01171875,15167.7861328125,28100.0,32400.0,14801.5869140625,85097.375,27750.0,13351.4912109375,26150.0,73846.15625,65800.0,15471.1513671875,26700.0,25300.0,15150.0,25090.0,1977.199951171875
2023-06-12,14353.3466796875,82000.0,29961.68359375,44500.0,17572.181640625,50748.296875,74481.25,18150.0,10280.9267578125,15805.78515625,10136.708984375,78400.0,43000.0,37950.0,11680.671875,81000.0,8242.8310546875,19162.484375,15227.8564453125,28200.0,32700.0,14603.1748046875,85520.7421875,27700.0,13408.548828125,26700.0,74153.84375,67900.0,15550.490234375,26700.0,25300.0,15150.0,25090.0,1969.699951171875
2023-06-13,14453.7197265625,81400.0,30442.16796875,45000.0,17510.30859375,50449.42578125,74560.5703125,18400.0,10392.67578125,16115.7021484375,10111.802734375,78800.0,43000.0,38050.0,11638.6552734375,80900.0,8276.61328125,19132.115234375,15227.8564453125,28200.0,32800.0,14404.76171875,86790.8515625,28350.0,13351.4912109375,27050.0,74230.765625,67600.0,15471.1513671875,27100.0,25300.0,15150.0,25090.0,1958.5999755859375
2023-06-14,14487.177734375,80800.0,30201.92578125,44600.0,17757.802734375,50329.87890625,75036.484375,17900.0,10420.61328125,15909.0908203125,9837.837890625,78000.0,42050.0,38050.0,11554.6220703125,81000.0,8479.3056640625,19132.115234375,15257.8916015625,27800.0,32600.0,14404.76171875,86875.53125,28500.0,13294.43359375,26900.0,74692.3046875,67100.0,15669.4990234375,27150.0,25300.0,15150.0,25090.0,1968.9000244140625
2023-06-15,14520.634765625,80000.0,30098.96484375,44400.0,17943.42578125,50270.10546875,76622.8828125,18050.0,10420.61328125,15943.5263671875,9812.931640625,77100.0,41700.0,38300.0,11386.5546875,79500.0,8411.7412109375,19132.115234375,15438.103515625,27800.0,32650.0,14404.76171875,87637.59375,28250.0,13208.84765625,26750.0,74692.3046875,66300.0,15629.830078125,26850.0,25300.0,15150.0,25090.0,1970.699951171875
2023-06-16,14587.55078125,81200.0,29996.00390625,44050.0,17634.0546875,50509.203125,75750.3671875,17800.0,10392.67578125,16150.1376953125,9812.931640625,76600.0,41350.0,37200.0,11344.5380859375,77500.0,8513.087890625,19101.748046875,15678.384765625,29000.0,32550.0,14444.4443359375,88907.703125,28000.0,13180.318359375,26750.0,73461.5390625,66100.0,15510.8212890625,26500.0,25300.0,15150.0,25090.0,1971.199951171875
2023-06-19,14487.177734375,81000.0,29721.44140625,43700.0,17695.9296875,50628.75,75512.40625,17900.0,10252.9892578125,16081.267578125,9738.2138671875,74500.0,41500.0,37200.0,11386.5546875,78400.0,8648.2158203125,19101.748046875,15858.5966796875,28750.0,32100.0,14523.8095703125,86113.4609375,27500.0,13180.318359375,26050.0,73538.4609375,65800.0,15431.4814453125,26550.0,25300.0,15150.0,25090.0,1971.199951171875
2023-06-20,14487.177734375,82000.0,29858.72265625,44000.0,18067.171875,51106.9453125,76543.5625,18800.0,10448.5498046875,16287.87890625,9788.025390625,75200.0,42500.0,37200.0,11428.5712890625,77650.0,8580.65234375,19132.115234375,15438.103515625,29250.0,32150.0,14484.126953125,84589.328125,27550.0,13294.43359375,26000.0,73153.84375,65500.0,15471.1513671875,26650.0,25300.0,15150.0,25090.0,1947.699951171875
2023-06-21,14520.634765625,82100.0,29790.08203125,44150.0,18036.236328125,51286.265625,75988.3203125,19500.0,10420.61328125,16942.1484375,9887.6494140625,76100.0,42700.0,37500.0,11470.587890625,77500.0,8580.65234375,19283.958984375,15618.314453125,29400.0,32500.0,14603.1748046875,84674.0078125,27300.0,13294.43359375,26200.0,72307.6953125,66300.0,15590.16015625,26800.0,25300.0,15150.0,25090.0,1944.9000244140625
2023-06-22,14520.634765625,82100.0,29790.08203125,44150.0,18036.236328125,51286.265625,75988.3203125,19500.0,10420.61328125,16942.1484375,9887.6494140625,76100.0,42700.0,37500.0,11470.587890625,77500.0,8580.65234375,19283.958984375,15618.314453125,29400.0,32500.0,14603.1748046875,84674.0078125,27300.0,13294.43359375,26200.0,72307.6953125,66300.0,15590.16015625,26800.0,25300.0,15150.0,25090.0,1923.699951171875
2023-06-23,14654.4658203125,80600.0,30407.84765625,45100.0,18098.109375,50867.84765625,75512.40625,19000.0,10420.61328125,17493.11328125,10061.9912109375,77300.0,42900.0,37500.0,11512.60546875,78250.0,8648.2158203125,19831.228515625,15618.314453125,30300.0,32900.0,14682.5400390625,84589.328125,28000.0,13659.6025390625,26000.0,72846.15625,69100.0,16026.5263671875,26850.0,25300.0,15150.0,25090.0,1929.5999755859375
2023-06-26,14888.669921875,81300.0,30407.84765625,45250.0,18098.109375,51286.265625,76146.9609375,19600.0,10504.4248046875,17355.37109375,10061.9912109375,77700.0,44350.0,37550.0,11470.587890625,78000.0,8614.4345703125,19831.228515625,15498.173828125,29600.0,33300.0,14642.857421875,84674.0078125,27750.0,13659.6025390625,26100.0,72923.078125,70600.0,16066.1953125,26700.0,25300.0,15150.0,25090.0,1933.800048828125
2023-06-27,14855.2119140625,81000.0,30407.84765625,45300.0,18159.984375,52182.87890625,76384.921875,19600.0,10448.5498046875,17768.595703125,10012.1787109375,77700.0,44200.0,38150.0,11428.5712890625,77200.0,8580.65234375,19867.75,15978.7373046875,29600.0,32950.0,14603.1748046875,84674.0078125,27950.0,13556.8984375,26200.0,73230.765625,70500.0,15947.1865234375,27450.0,25300.0,15150.0,25090.0,1923.800048828125
2023-06-28,14922.126953125,80000.0,31128.576171875,45150.0,18562.1640625,52003.5546875,75671.046875,19300.0,10476.4873046875,18319.55859375,10311.0498046875,77000.0,43900.0,38100.0,11596.638671875,77350.0,8681.998046875,19940.79296875,15948.7021484375,29900.0,33300.0,14642.857421875,85605.421875,27700.0,13591.1337890625,26100.0,73000.0,70600.0,16066.1953125,27300.0,25300.0,15150.0,25090.0,1922.199951171875
2023-06-29,14654.4658203125,79200.0,30545.12890625,44300.0,18500.2890625,51704.6875,75036.484375,19050.0,10252.9892578125,17768.595703125,10111.802734375,75400.0,42700.0,37500.0,11386.5546875,77000.0,8513.087890625,19831.228515625,15287.9267578125,29550.0,32650.0,14365.0791015625,86282.8125,27500.0,13522.6640625,25900.0,72384.6171875,71900.0,15788.5078125,27000.0,25300.0,15150.0,25090.0,1917.9000244140625
2023-06-30,14754.8388671875,79200.0,29755.76171875,44100.0,18252.794921875,51405.81640625,73767.3671875,19400.0,10392.67578125,18009.642578125,10061.9912109375,75200.0,43300.0,37350.0,11260.50390625,76800.0,8445.5234375,19758.185546875,15498.173828125,29800.0,32350.0,14285.7138671875,84674.0078125,27500.0,13454.1953125,25500.0,72538.4609375,71000.0,15748.8388671875,26800.0,25300.0,15150.0,25090.0,1929.4000244140625
2023-07-03,14754.8388671875,80900.0,30545.12890625,44500.0,18098.109375,51644.91015625,74560.5703125,20150.0,10308.86328125,18044.076171875,10061.9912109375,75400.0,43000.0,37650.0,11176.470703125,76850.0,8749.5625,19758.185546875,15438.103515625,29700.0,32000.0,14404.76171875,84674.0078125,27950.0,13454.1953125,25550.0,72615.3828125,70700.0,15748.8388671875,27000.0,25300.0,15150.0,25090.0,1929.5
2023-07-04,14721.380859375,80800.0,30201.92578125,45050.0,18221.857421875,52003.5546875,75433.0859375,20300.0,10364.73828125,18078.51171875,10136.708984375,75600.0,43250.0,39850.0,11260.50390625,76800.0,8952.2548828125,19794.70703125,15918.6669921875,29850.0,32000.0,14404.76171875,84674.0078125,28250.0,13454.1953125,25650.0,72384.6171875,70600.0,15748.8388671875,27200.0,25300.0,15150.0,25090.0,1929.5
2023-07-05,14687.923828125,80100.0,30442.16796875,44800.0,18283.73046875,51417.76953125,74798.53125,20100.0,10308.86328125,18560.60546875,10161.6142578125,75800.0,43350.0,40300.0,11344.5380859375,76900.0,8884.6904296875,19940.79296875,15738.455078125,29900.0,31950.0,14365.0791015625,86367.484375,28050.0,13625.3681640625,25500.0,72538.4609375,69800.0,15828.177734375,27500.0,25300.0,15150.0,25090.0,1927.0999755859375
2023-07-06,14520.634765625,79800.0,30167.60546875,45000.0,18159.984375,51280.2890625,75512.40625,20700.0,10169.1767578125,18595.041015625,10061.9912109375,76000.0,43200.0,40300.0,11134.4541015625,76700.0,8817.126953125,20890.35546875,15798.5263671875,29100.0,31550.0,14444.4443359375,85266.7265625,27250.0,13419.9609375,25200.0,72538.4609375,70500.0,15510.8212890625,26950.0,25300.0,15150.0,25090.0,1915.4000244140625
2023-07-07,14520.634765625,80100.0,30407.84765625,45250.0,18314.66796875,51761.47265625,76146.9609375,21250.0,10252.9892578125,18904.958984375,10186.5205078125,75200.0,45500.0,40300.0,11008.4033203125,75500.0,9121.166015625,20926.876953125,15888.6318359375,29600.0,31550.0,14325.396484375,88907.703125,27000.0,13556.8984375,25050.0,72153.84375,70900.0,15748.8388671875,27000.0,25300.0,15150.0,25090.0,1932.5
2023-07-10,14687.923828125,80500.0,32226.828125,45600.0,18376.54296875,51761.47265625,77336.7578125,21250.0,10252.9892578125,19077.134765625,10335.9560546875,77900.0,47750.0,41800.0,11092.4365234375,75150.0,9121.166015625,20999.919921875,16519.37109375,29850.0,32000.0,14444.4443359375,86960.203125,26900.0,13899.2451171875,25450.0,72461.5390625,72100.0,15907.517578125,26950.0,25300.0,15150.0,25090.0,1931.0
2023-07-11,14721.380859375,81000.0,31952.263671875,45500.0,18747.78515625,51555.25,77098.796875,21500.0,10392.67578125,18801.65234375,10560.109375,79200.0,48800.0,41250.0,11134.4541015625,75000.0,9188.7294921875,21109.484375,16849.7578125,30000.0,31950.0,14523.8095703125,87214.2265625,26950.0,13899.2451171875,25400.0,72461.5390625,72800.0,15788.5078125,27300.0,25300.0,15150.0,25090.0,1937.0999755859375
2023-07-12,14621.0078125,80700.0,32055.2265625,46850.0,18562.1640625,51761.47265625,76543.5625,21600.0,10364.73828125,18595.041015625,10460.4853515625,79500.0,49150.0,41500.0,11134.4541015625,75500.0,9290.076171875,20963.3984375,16789.6875,29800.0,31650.0,14404.76171875,88060.96875,27550.0,13762.306640625,25700.0,72230.765625,73500.0,15590.16015625,28100.0,25300.0,15150.0,25090.0,1961.699951171875
2023-07-13,14721.380859375,81000.0,32192.5078125,47000.0,18562.1640625,52105.171875,78764.515625,21650.0,10392.67578125,18629.4765625,10510.296875,81800.0,49350.0,41400.0,11218.4873046875,76750.0,9323.8583984375,21146.005859375,17060.005859375,30000.0,31950.0,14484.126953125,88823.03125,28150.0,13830.775390625,25750.0,73000.0,73100.0,15828.177734375,28150.0,25300.0,15150.0,25090.0,1963.800048828125
2023-07-14,14721.380859375,80900.0,32089.546875,46800.0,18500.2890625,53823.6796875,78526.5546875,21600.0,10560.298828125,18939.39453125,10683.3935546875,81800.0,49450.0,40900.0,11176.470703125,76900.0,9256.2939453125,21182.52734375,17120.076171875,29000.0,31950.0,14404.76171875,88907.703125,28200.0,13865.0107421875,25700.0,75307.6953125,73300.0,15788.5078125,28000.0,25300.0,15150.0,25090.0,1964.4000244140625
2023-07-17,14721.380859375,80000.0,31712.021484375,47300.0,18376.54296875,54304.86328125,78526.5546875,22000.0,10560.298828125,18801.65234375,10654.751953125,80700.0,48650.0,40950.0,11218.4873046875,76750.0,9256.2939453125,21255.572265625,17300.287109375,28000.0,31900.0,14484.126953125,88738.359375,29500.0,13967.7138671875,26450.0,74846.15625,72300.0,16224.8740234375,28650.0,25300.0,15150.0,25090.0,1956.4000244140625
2023-07-18,14721.380859375,79800.0,32055.2265625,47050.0,18469.353515625,54098.640625,79161.1171875,21850.0,10560.298828125,18732.783203125,10654.751953125,80500.0,48050.0,40550.0,11344.5380859375,76550.0,9560.3330078125,21401.658203125,17150.111328125,28450.0,32300.0,15039.6826171875,88314.984375,29400.0,14070.41796875,26350.0,74076.921875,72400.0,16621.5703125,28300.0,25300.0,15150.0,25090.0,1980.800048828125
2023-07-19,14721.380859375,80100.0,31746.341796875,46900.0,18500.2890625,53961.16015625,78447.234375,21700.0,10827.1005859375,18870.5234375,10540.1845703125,80800.0,48500.0,40100.0,11176.470703125,76400.0,9526.55078125,21401.658203125,17120.076171875,28250.0,32300.0,14841.26953125,90177.8125,29250.0,14070.41796875,26050.0,74384.6171875,72600.0,16383.552734375,27950.0,25300.0,15150.0,25100.0,1980.800048828125
2023-07-20,14721.380859375,80300.0,31746.341796875,46800.0,18345.60546875,55198.48828125,78288.59375,21500.0,10923.484375,19421.48828125,10568.826171875,79500.0,49100.0,39700.0,11176.470703125,76600.0,9695.4609375,21401.658203125,16819.72265625,27850.0,31900.0,14920.634765625,88907.703125,28850.0,14036.18359375,26000.0,75230.765625,72600.0,16661.240234375,28050.0,25300.0,15140.0,25220.0,1970.9000244140625
2023-07-21,14788.296875,79600.0,32089.546875,47500.0,18376.54296875,55679.671875,78843.8359375,22000.0,11051.99609375,19559.228515625,10683.3935546875,83000.0,52500.0,40500.0,11134.4541015625,76550.0,9729.2431640625,21401.658203125,17270.251953125,28750.0,32300.0,14880.9521484375,88907.703125,29500.0,14070.41796875,26050.0,75384.6171875,73500.0,16978.59765625,28400.0,25300.0,15240.0,25510.0,1966.5999755859375
2023-07-24,14754.8388671875,79200.0,32123.8671875,47250.0,18469.353515625,55679.671875,78129.9609375,22200.0,11084.1240234375,19455.923828125,10740.6767578125,84000.0,54500.0,40300.0,11176.470703125,77500.0,10045.443359375,21474.701171875,17240.216796875,28700.0,32450.0,14801.5869140625,88569.0078125,29550.0,14378.529296875,26000.0,74461.5390625,73600.0,17335.623046875,28400.0,25300.0,15510.0,25900.0,1962.199951171875
2023-07-25,14922.126953125,78000.0,32364.109375,46900.0,18500.2890625,55885.890625,78367.9140625,21800.0,11051.99609375,19455.923828125,10769.3193359375,83400.0,53600.0,40300.0,11134.4541015625,79000.0,10045.443359375,21547.744140625,17300.287109375,28500.0,33500.0,15079.365234375,91700.0,29300.0,14344.294921875,25750.0,74692.3046875,74500.0,17335.623046875,29000.0,25300.0,15510.0,25900.0,1963.699951171875
2023-07-26,14922.126953125,78400.0,32501.390625,46650.0,18438.416015625,56848.25390625,77892.0,21600.0,11051.99609375,19559.228515625,10740.6767578125,84600.0,52600.0,40500.0,11386.5546875,80800.0,10045.443359375,21620.787109375,17420.427734375,28300.0,33450.0,14920.634765625,93400.0,29500.0,14241.5908203125,25500.0,74230.765625,75000.0,17335.623046875,28900.0,25300.0,15600.0,26100.0,1970.0999755859375
2023-07-27,14821.75390625,78500.0,32055.2265625,46550.0,18159.984375,57535.66015625,77892.0,21700.0,11051.99609375,19559.228515625,10654.751953125,84200.0,54100.0,39900.0,11176.470703125,80100.0,9965.7177734375,21657.30859375,17690.744140625,28100.0,33100.0,14722.22265625,92700.0,28750.0,14138.88671875,25550.0,74538.4609375,75700.0,17256.283203125,28500.0,25300.0,15600.0,26100.0,1945.699951171875
2023-07-28,14855.2119140625,78000.0,32055.2265625,46650.0,18252.794921875,58016.83984375,78923.15625,22000.0,11084.1240234375,19490.357421875,10712.03515625,86100.0,54500.0,40050.0,11386.5546875,78500.0,10045.443359375,21693.830078125,17870.95703125,28650.0,33800.0,14841.26953125,93000.0,29450.0,14207.3564453125,25750.0,75230.765625,77400.0,17533.970703125,28800.0,25300.0,15730.0,26500.0,1960.4000244140625
2023-07-31,15357.0771484375,81000.0,32398.4296875,48150.0,18562.1640625,58841.7265625,80588.8671875,22350.0,11148.3798828125,19421.48828125,10797.9609375,87300.0,53700.0,41500.0,11512.60546875,78400.0,10045.443359375,21292.09375,17810.884765625,28950.0,34300.0,14880.9521484375,91600.0,31500.0,14241.5908203125,27550.0,78461.5390625,78000.0,17573.640625,29650.0,25300.0,15730.0,26500.0,1970.5
2023-08-01,15290.162109375,79000.0,33084.8359375,47250.0,18809.66015625,58085.58203125,79874.9921875,22000.0,11276.890625,18939.39453125,10797.9609375,86700.0,51700.0,41000.0,11302.521484375,79200.0,10005.5810546875,21876.439453125,17300.287109375,28950.0,34000.0,14920.634765625,91200.0,31400.0,14138.88671875,29450.0,77846.15625,76000.0,17414.962890625,29100.0,25300.0,15730.0,26500.0,1978.800048828125
2023-08-02,15457.4501953125,77900.0,33702.6015625,47850.0,19211.83984375,57398.1796875,79637.03125,21900.0,11180.5078125,18939.39453125,10826.6025390625,85200.0,51700.0,40950.0,11512.60546875,79450.0,10085.306640625,22095.568359375,17420.427734375,29100.0,33900.0,15000.0,91500.0,30950.0,14173.1220703125,29150.0,77538.4609375,76100.0,17454.6328125,28900.0,25300.0,15730.0,26500.0,1975.0
2023-08-03,15691.654296875,77400.0,33325.078125,47300.0,19119.029296875,57535.66015625,79002.4765625,21800.0,11051.99609375,18491.736328125,10797.9609375,86100.0,52700.0,40100.0,11344.5380859375,80750.0,10085.306640625,22095.568359375,17120.076171875,28600.0,33500.0,14642.857421875,90600.0,30050.0,14138.88671875,29100.0,77692.3046875,72600.0,17216.615234375,28400.0,25300.0,15800.0,26000.0,1968.800048828125
2023-08-04,16327.349609375,77200.0,33222.1171875,47100.0,19180.90234375,57260.69921875,79557.7109375,21900.0,11019.8681640625,18836.087890625,10883.8857421875,86300.0,53000.0,40300.0,11428.5712890625,80250.0,10603.5234375,21182.52734375,17540.568359375,28950.0,33600.0,15039.6826171875,90100.0,31500.0,14378.529296875,31100.0,77692.3046875,73000.0,17613.310546875,28700.0,25300.0,16130.0,26400.0,1976.0999755859375
2023-08-07,15892.400390625,76700.0,33531.0,48000.0,20170.884765625,58085.58203125,80033.6328125,22700.0,11148.3798828125,18973.830078125,11084.37890625,88200.0,53800.0,40500.0,11512.60546875,80500.0,10723.1123046875,22095.568359375,17840.919921875,30050.0,34350.0,15317.4599609375,90800.0,31450.0,14652.40625,31950.0,78384.6171875,74900.0,17970.337890625,29600.0,25300.0,16260.0,26750.0,1970.0
2023-08-08,15658.1962890625,76700.0,33393.71875,47550.0,20170.884765625,57879.359375,80271.59375,22600.0,11148.3798828125,18732.783203125,10998.453125,89200.0,53600.0,40900.0,11848.7392578125,80800.0,10563.6611328125,22132.08984375,17480.498046875,29800.0,34000.0,15079.365234375,90700.0,31400.0,14515.4677734375,33500.0,79230.765625,74500.0,17613.310546875,31000.0,25300.0,16250.0,26500.0,1959.9000244140625
2023-08-09,15524.365234375,76100.0,33084.8359375,47400.0,20109.01171875,57123.21875,80112.953125,22150.0,11116.251953125,19146.005859375,10969.8115234375,88000.0,52600.0,40700.0,11680.671875,80500.0,10483.935546875,21912.9609375,17180.146484375,31200.0,34000.0,14960.3173828125,90200.0,30300.0,14344.294921875,32900.0,78153.84375,73100.0,17494.302734375,30900.0,25300.0,16130.0,26230.0,1950.5999755859375
2023-08-10,15323.619140625,74000.0,31917.943359375,47000.0,19583.08203125,56504.5546875,80906.1484375,21450.0,11051.99609375,18836.087890625,10826.6025390625,83000.0,52000.0,40800.0,11596.638671875,80300.0,10324.4833984375,21912.9609375,16879.79296875,30550.0,33500.0,14682.5400390625,88500.0,30300.0,14138.88671875,33950.0,77461.5390625,73100.0,17414.962890625,30050.0,25300.0,16000.0,25920.0,1948.9000244140625
2023-08-11,15323.619140625,74100.0,32055.2265625,46700.0,19861.515625,56367.07421875,80509.546875,21100.0,10955.6123046875,19077.134765625,10826.6025390625,84500.0,53300.0,40650.0,11470.587890625,79750.0,10324.4833984375,22205.1328125,16909.828125,31850.0,33650.0,14801.5869140625,90400.0,30450.0,14070.41796875,36300.0,77769.234375,73500.0,17454.6328125,30750.0,25300.0,16050.0,26000.0,1946.5999755859375
2023-08-14,15423.9921875,73500.0,32672.9921875,46900.0,19985.263671875,56779.515625,79795.671875,21550.0,11019.8681640625,19387.052734375,10855.244140625,82200.0,54200.0,40550.0,11554.6220703125,79000.0,10324.4833984375,21730.3515625,17510.533203125,31900.0,33800.0,14801.5869140625,89000.0,30600.0,14173.1220703125,36650.0,77076.921875,73400.0,17414.962890625,30300.0,25300.0,16220.0,26140.0,1944.0
2023-08-15,15290.162109375,73200.0,32261.1484375,47200.0,20047.13671875,57741.87890625,79637.03125,21450.0,10955.6123046875,19249.310546875,10855.244140625,82400.0,54000.0,40350.0,11680.671875,78650.0,10324.4833984375,21547.744140625,17240.216796875,31500.0,34050.0,15079.365234375,88900.0,30850.0,14104.65234375,35350.0,78384.6171875,72800.0,17454.6328125,31300.0,25300.0,16240.0,26250.0,1935.199951171875
2023-08-16,15323.619140625,72900.0,32604.3515625,46900.0,20016.19921875,58498.0234375,79478.390625,21350.0,11019.8681640625,19249.310546875,10883.8857421875,81800.0,53800.0,40250.0,11680.671875,78650.0,10284.62109375,21547.744140625,17330.322265625,32900.0,35300.0,15158.73046875,89200.0,31450.0,14138.88671875,37800.0,77538.4609375,73100.0,17771.98828125,31500.0,25300.0,16420.0,26360.0,1928.300048828125
2023-08-17,15189.7890625,72000.0,32329.7890625,46500.0,20170.884765625,59116.6875,79319.75,21300.0,11019.8681640625,19352.6171875,10797.9609375,82100.0,53900.0,39750.0,11764.7060546875,77850.0,10244.7578125,21474.701171875,17991.09765625,32350.0,34700.0,14960.3173828125,89400.0,30500.0,14173.1220703125,35950.0,76923.078125,73600.0,17573.640625,30600.0,25300.0,16350.0,26430.0,1915.199951171875
2023-08-18,14654.4658203125,68000.0,30339.20703125,44200.0,18995.28125,58772.984375,77416.078125,19850.0,10409.4375,18250.689453125,10368.333984375,79000.0,50200.0,37350.0,10966.38671875,76800.0,9567.0888671875,20050.359375,16999.935546875,31300.0,32500.0,14365.0791015625,89500.0,28400.0,13385.7255859375,33450.0,75307.6953125,73300.0,16343.8828125,29100.0,25300.0,15700.0,25000.0,1916.5
2023-08-21,14721.380859375,69400.0,31300.177734375,44600.0,19799.640625,59047.9453125,78605.875,19300.0,10409.4375,18044.076171875,10396.9755859375,78400.0,49000.0,37500.0,10924.3701171875,76350.0,9686.677734375,19429.4921875,17330.322265625,31800.0,32750.0,14682.5400390625,89800.0,28000.0,13591.1337890625,32900.0,73846.15625,72900.0,16502.560546875,29500.0,25300.0,15560.0,25300.0,1923.0
2023-08-22,14754.8388671875,68500.0,31437.458984375,45400.0,19521.208984375,59460.38671875,79557.7109375,19050.0,10537.94921875,18009.642578125,10425.6171875,77700.0,50000.0,37700.0,10756.302734375,75000.0,9646.8154296875,20598.181640625,18441.625,32150.0,33100.0,14722.22265625,88400.0,27750.0,13591.1337890625,32250.0,74846.15625,72700.0,16343.8828125,29300.0,25300.0,15690.0,25300.0,1926.0
2023-08-23,14621.0078125,67700.0,31368.818359375,45500.0,19366.5234375,59460.38671875,80826.828125,19200.0,10345.181640625,17665.2890625,10311.0498046875,77500.0,49700.0,37400.0,10378.1513671875,75050.0,9567.0888671875,20598.181640625,18261.4140625,30900.0,33200.0,14682.5400390625,86300.0,27250.0,13522.6640625,32500.0,74230.765625,73500.0,16066.1953125,28750.0,25300.0,15570.0,25300.0,1948.0999755859375
2023-08-24,14754.8388671875,67000.0,31437.458984375,45400.0,19644.95703125,61866.30078125,81223.4296875,19800.0,10409.4375,18112.947265625,10454.2587890625,80000.0,50300.0,37800.0,10588.2353515625,76750.0,9646.8154296875,20780.791015625,19222.541015625,31550.0,33800.0,14920.634765625,87000.0,27700.0,13522.6640625,32100.0,75000.0,74700.0,16264.5439453125,29050.0,25300.0,15700.0,25700.0,1947.0999755859375
2023-08-25,14687.923828125,66500.0,31025.615234375,44900.0,19273.712890625,62278.7421875,80430.2265625,19650.0,10441.5654296875,17871.900390625,10368.333984375,79700.0,50500.0,37550.0,10504.2021484375,78100.0,9527.2265625,20598.181640625,19342.681640625,31100.0,33650.0,14960.3173828125,86200.0,27050.0,13419.9609375,31750.0,74615.3828125,74900.0,16026.5263671875,28700.0,25300.0,15700.0,25600.0,1939.9000244140625
2023-08-28,14754.8388671875,69400.0,31162.896484375,44900.0,19273.712890625,64615.9140625,81857.984375,20200.0,10473.693359375,18491.736328125,10425.6171875,80700.0,51700.0,38150.0,10672.2685546875,78150.0,9646.8154296875,20671.2265625,19492.857421875,31650.0,34000.0,15079.365234375,87000.0,27350.0,13556.8984375,32350.0,75384.6171875,77900.0,16105.865234375,29750.0,25300.0,15900.0,26120.0,1946.800048828125
2023-08-29,14754.8388671875,71300.0,31437.458984375,44800.0,19335.587890625,64340.953125,79240.4375,20650.0,10409.4375,18595.041015625,10454.2587890625,80000.0,52900.0,38050.0,10588.2353515625,79050.0,9766.4033203125,20707.748046875,19432.787109375,31750.0,33900.0,15079.365234375,88400.0,27300.0,13556.8984375,31700.0,75000.0,77400.0,16542.23046875,29250.0,25300.0,16030.0,26400.0,1965.0999755859375
2023-08-30,15022.5,71800.0,31712.021484375,45050.0,19861.515625,66403.1640625,78764.515625,20700.0,10505.8212890625,18732.783203125,10540.1845703125,79600.0,53800.0,38400.0,10672.2685546875,79900.0,9766.4033203125,20525.138671875,20123.59765625,32500.0,34000.0,15515.873046875,89100.0,27300.0,13693.8369140625,31000.0,74538.4609375,77800.0,16502.560546875,29700.0,25300.0,16210.0,26700.0,1973.0
2023-08-31,15122.873046875,72200.0,32226.828125,45200.0,20078.07421875,66471.90625,78209.2734375,21850.0,10827.1005859375,19008.263671875,10597.4677734375,81500.0,53800.0,38550.0,10756.302734375,79000.0,9925.85546875,20525.138671875,20063.52734375,32650.0,34500.0,15555.5556640625,89100.0,27350.0,13933.4794921875,31050.0,75384.6171875,77800.0,16621.5703125,30300.0,25300.0,16280.0,27080.0,1965.9000244140625
2023-09-01,15122.873046875,72200.0,32226.828125,45200.0,20078.07421875,66471.90625,78209.2734375,21850.0,10827.1005859375,19008.263671875,10597.4677734375,81500.0,53800.0,38550.0,10756.302734375,79000.0,9925.85546875,20525.138671875,20063.52734375,32650.0,34500.0,15555.5556640625,89100.0,27350.0,13933.4794921875,31050.0,75384.6171875,77800.0,16621.5703125,30300.0,25300.0,16280.0,27080.0,1967.0999755859375
2023-09-04,15122.873046875,72200.0,32226.828125,45200.0,20078.07421875,66471.90625,78209.2734375,21850.0,10827.1005859375,19008.263671875,10597.4677734375,81500.0,53800.0,38550.0,10756.302734375,79000.0,9925.85546875,20525.138671875,20063.52734375,32650.0,34500.0,15555.5556640625,89100.0,27350.0,13933.4794921875,31050.0,75384.6171875,77800.0,16621.5703125,30300.0,25300.0,16280.0,27080.0,1967.0999755859375
2023-09-05,15223.24609375,71300.0,32604.3515625,45450.0,20201.822265625,66540.640625,79002.4765625,22000.0,10987.740234375,19146.005859375,10969.8115234375,81500.0,54300.0,39150.0,10924.3701171875,79400.0,10085.306640625,20086.880859375,20033.4921875,32700.0,35000.0,15595.23828125,90100.0,27650.0,14104.65234375,31150.0,77307.6953125,80100.0,16661.240234375,30150.0,25300.0,16400.0,27400.0,1952.5999755859375
2023-09-06,15357.0771484375,71200.0,32467.0703125,45650.0,20201.822265625,68052.9296875,80509.546875,22000.0,11051.99609375,19972.451171875,11027.0947265625,82700.0,55000.0,39300.0,10924.3701171875,79500.0,10085.306640625,20306.009765625,20423.94921875,33050.0,35200.0,15674.603515625,90200.0,27950.0,14138.88671875,30800.0,78230.765625,80000.0,17295.953125,30300.0,25300.0,16550.0,27550.0,1944.199951171875
2023-09-07,15323.619140625,71000.0,32501.390625,45750.0,20201.822265625,67296.7890625,81620.0234375,22400.0,11116.251953125,19731.404296875,11055.7373046875,82000.0,55000.0,39350.0,10840.3359375,80250.0,10165.0322265625,20050.359375,20213.703125,33000.0,35750.0,15595.23828125,89500.0,27550.0,14173.1220703125,30400.0,77692.3046875,79500.0,17256.283203125,30300.0,25300.0,16540.0,27600.0,1942.5
2023-09-08,15223.24609375,72600.0,32261.1484375,45650.0,19985.263671875,67090.5625,81064.7890625,22700.0,11148.3798828125,19800.275390625,10941.169921875,81800.0,55500.0,39400.0,10798.3193359375,80300.0,10125.1689453125,20086.880859375,20273.7734375,32500.0,35350.0,15396.8251953125,89500.0,27000.0,14104.65234375,29550.0,78000.0,80000.0,17295.953125,29600.0,25300.0,16610.0,27610.0,1942.699951171875
2023-09-11,14955.5849609375,71000.0,31917.943359375,45500.0,19737.767578125,66953.0859375,80430.2265625,21750.0,10987.740234375,19283.74609375,10740.6767578125,79600.0,54500.0,39850.0,10672.2685546875,83750.0,9806.2666015625,19721.6640625,20123.59765625,31600.0,34550.0,15039.6826171875,88500.0,26250.0,13830.775390625,29550.0,76153.84375,79500.0,17375.29296875,28700.0,25300.0,16610.0,27100.0,1947.199951171875
2023-09-12,15223.24609375,71800.0,32261.1484375,45800.0,19985.263671875,67984.1875,81461.390625,22700.0,11180.5078125,19800.275390625,11027.0947265625,81000.0,55800.0,40000.0,10840.3359375,84450.0,10005.5810546875,19977.314453125,21505.216796875,32350.0,35300.0,15238.095703125,89900.0,26750.0,13967.7138671875,30150.0,78384.6171875,80300.0,17692.650390625,29500.0,25300.0,16610.0,27700.0,1935.0999755859375
2023-09-13,15089.416015625,71000.0,32261.1484375,45550.0,20139.947265625,67365.5234375,83761.65625,22300.0,11212.6357421875,19559.228515625,10912.5283203125,80100.0,57500.0,40300.0,10882.3525390625,83400.0,9846.12890625,19831.228515625,21505.216796875,31950.0,35000.0,15277.77734375,89100.0,26050.0,14378.529296875,29600.0,76153.84375,79100.0,17811.658203125,29000.0,25300.0,16550.0,27830.0,1932.5
2023-09-14,15022.5,70300.0,32089.546875,45200.0,20542.12890625,65921.9765625,84078.9375,22000.0,11244.7626953125,19146.005859375,10969.8115234375,78600.0,57300.0,40000.0,10714.2861328125,85200.0,9806.2666015625,19210.361328125,21415.111328125,31800.0,34900.0,15079.365234375,89100.0,24500.0,14857.8134765625,27750.0,76153.84375,79400.0,17771.98828125,28900.0,25300.0,16450.0,27700.0,1932.800048828125
2023-09-15,15156.3310546875,69000.0,32123.8671875,44900.0,20263.6953125,67021.828125,86934.453125,22600.0,11566.0419921875,19008.263671875,11113.0205078125,79700.0,55900.0,40150.0,10714.2861328125,83100.0,9726.541015625,19721.6640625,21325.005859375,32500.0,34900.0,15238.095703125,89800.0,25250.0,14755.109375,26800.0,76692.3046875,79500.0,17890.998046875,28400.0,25300.0,16490.0,27590.0,1946.199951171875
2023-09-18,15022.5,68000.0,31403.138671875,44800.0,19830.578125,66609.3828125,86458.53125,22150.0,11309.0185546875,19008.263671875,10969.8115234375,78500.0,55000.0,39600.0,10630.251953125,80800.0,9646.8154296875,19575.578125,21445.146484375,32600.0,34100.0,15039.6826171875,88800.0,24475.0,14344.294921875,26500.0,76000.0,78900.0,17573.640625,27700.0,25300.0,16490.0,27130.0,1953.4000244140625
2023-09-19,15022.5,68000.0,31025.615234375,44050.0,19861.515625,67640.484375,87251.7265625,22300.0,11373.2744140625,19387.052734375,10883.8857421875,79000.0,55500.0,39900.0,10714.2861328125,79000.0,9646.8154296875,19575.578125,21745.5,33300.0,33900.0,15119.0478515625,88100.0,24675.0,14344.294921875,25850.0,76461.5390625,78900.0,17375.29296875,27600.0,25300.0,16370.0,26000.0,1953.699951171875
2023-09-20,15022.5,70000.0,31368.818359375,44600.0,19830.578125,67709.2265625,86458.53125,23100.0,11469.658203125,19559.228515625,10998.453125,79700.0,55800.0,40400.0,10756.302734375,80500.0,9726.541015625,19356.447265625,21895.67578125,33250.0,34350.0,15476.1904296875,88000.0,25350.0,14378.529296875,26750.0,76461.5390625,78300.0,17375.29296875,28100.0,25300.0,16500.0,27660.0,1967.0999755859375
2023-09-21,14989.04296875,70600.0,31025.615234375,44350.0,19614.01953125,66540.640625,84475.5390625,23200.0,11276.890625,19559.228515625,10855.244140625,78800.0,54200.0,39800.0,10672.2685546875,80000.0,9606.9521484375,19356.447265625,20874.478515625,32350.0,34300.0,15119.0478515625,87000.0,25100.0,14138.88671875,26100.0,76384.6171875,78000.0,17176.9453125,28150.0,25300.0,16330.0,27430.0,1939.5999755859375
2023-09-22,14922.126953125,69500.0,31609.060546875,43600.0,19583.08203125,66471.90625,86521.984375,21850.0,11276.890625,18801.65234375,10712.03515625,75400.0,52100.0,39150.0,10336.134765625,78600.0,9407.6376953125,18626.015625,19582.962890625,32900.0,34000.0,14722.22265625,89300.0,24000.0,13899.2451171875,25000.0,75076.921875,77500.0,16859.587890625,27400.0,25300.0,16000.0,27000.0,1945.5999755859375
2023-09-25,14721.380859375,68000.0,30956.974609375,42200.0,18438.416015625,64822.1328125,85189.4140625,20350.0,11180.5078125,17906.3359375,10368.333984375,70300.0,51000.0,37500.0,9915.966796875,76000.0,8769.83203125,18991.232421875,18231.37890625,31650.0,32800.0,14285.7138671875,89300.0,23500.0,13043.3798828125,23250.0,75384.6171875,77600.0,16185.2041015625,26600.0,25300.0,15680.0,26200.0,1936.5999755859375
2023-09-26,14654.4658203125,65900.0,30442.16796875,42000.0,18747.78515625,64272.2109375,84523.1328125,18950.0,11180.5078125,18044.076171875,10454.2587890625,73000.0,51500.0,37100.0,9789.916015625,75300.0,8610.3798828125,19137.318359375,18561.765625,31350.0,32400.0,14047.619140625,87000.0,22500.0,13180.318359375,22500.0,75384.6171875,76100.0,16224.8740234375,25800.0,25300.0,15300.0,26070.0,1919.800048828125
2023-09-27,14721.380859375,66200.0,30476.48828125,42400.0,19180.90234375,64822.1328125,84618.3125,19850.0,11180.5078125,18250.689453125,10597.4677734375,76000.0,52000.0,36550.0,9873.94921875,74100.0,8849.5576171875,19173.83984375,19823.24609375,31800.0,32600.0,14126.984375,87800.0,22550.0,13385.7255859375,22600.0,76692.3046875,76600.0,16661.240234375,26100.0,25300.0,15500.0,26500.0,1890.9000244140625
2023-09-28,14554.0927734375,67200.0,30442.16796875,42400.0,19088.091796875,64615.9140625,87093.0859375,19600.0,11116.251953125,18319.55859375,10597.4677734375,76500.0,53000.0,37750.0,9663.865234375,72400.0,8729.96875,18260.80078125,19402.751953125,30750.0,33650.0,14325.396484375,88000.0,22250.0,13248.787109375,22500.0,76384.6171875,74800.0,16819.91796875,25450.0,25300.0,15480.0,26400.0,1878.5999755859375
2023-09-29,14621.0078125,69500.0,30442.16796875,42150.0,18593.1015625,63791.03125,86331.6171875,19500.0,11148.3798828125,18112.947265625,10597.4677734375,76300.0,52600.0,37500.0,9747.8994140625,72500.0,8849.5576171875,18260.80078125,19102.400390625,30650.0,33650.0,14166.6669921875,87500.0,22750.0,13248.787109375,23425.0,76384.6171875,74200.0,17216.615234375,26100.0,25300.0,15500.0,26590.0,1866.0999755859375
2023-10-02,14654.4658203125,69400.0,30167.60546875,42250.0,18531.2265625,64065.9921875,84999.046875,20400.0,10987.740234375,18044.076171875,10654.751953125,77400.0,51900.0,37500.0,9873.94921875,73000.0,8809.6943359375,18260.80078125,19282.611328125,30850.0,33150.0,13888.888671875,86500.0,22875.0,13317.2568359375,23450.0,75769.234375,75600.0,17295.953125,26850.0,25300.0,15520.0,26390.0,1847.199951171875
2023-10-03,14453.7197265625,68500.0,28520.2265625,41850.0,18005.298828125,63378.5859375,82143.5390625,19000.0,10987.740234375,17079.890625,10339.69140625,74000.0,49000.0,36000.0,9411.7646484375,70300.0,8411.06640625,18187.7578125,18141.2734375,29200.0,32500.0,13253.9677734375,86300.0,22025.0,12872.20703125,22250.0,75307.6953125,74000.0,16661.240234375,26300.0,25300.0,14950.0,25740.0,1841.5
2023-10-04,14453.7197265625,69000.0,29172.314453125,42050.0,17881.55078125,63584.80859375,81667.6171875,19500.0,10987.740234375,17389.806640625,10396.9755859375,73500.0,49200.0,36250.0,9453.78125,70000.0,8490.7919921875,17859.0625,19072.365234375,30200.0,32250.0,13174.603515625,86300.0,22300.0,12940.67578125,23050.0,74461.5390625,74400.0,16661.240234375,27000.0,25300.0,15000.0,25900.0,1834.800048828125
2023-10-05,14453.7197265625,68900.0,28554.548828125,41900.0,17386.560546875,62966.14453125,80144.6796875,19800.0,10891.3564453125,17148.759765625,10339.69140625,72800.0,47000.0,34400.0,9159.6640625,69500.0,8371.203125,17895.583984375,19012.294921875,29900.0,31800.0,13134.9208984375,84500.0,22275.0,12666.7998046875,22800.0,73461.5390625,72700.0,16502.560546875,26800.0,25300.0,15040.0,25550.0,1831.800048828125
2023-10-06,14587.55078125,69500.0,28966.392578125,41900.0,17757.802734375,63722.2890625,80144.6796875,20200.0,10987.740234375,17183.1953125,10396.9755859375,72700.0,48300.0,35000.0,9411.7646484375,69600.0,8530.654296875,17895.583984375,19793.2109375,30950.0,32050.0,13333.3330078125,85400.0,23025.0,12803.73828125,22975.0,74615.3828125,74200.0,16621.5703125,27450.0,25300.0,15100.0,25800.0,1845.199951171875
2023-10-09,15055.9580078125,68900.0,28794.791015625,42200.0,18036.236328125,65715.7578125,82429.0859375,20400.0,10955.6123046875,17561.984375,10482.900390625,73500.0,47950.0,35700.0,9411.7646484375,68800.0,8570.517578125,17932.10546875,19943.38671875,31200.0,32100.0,13373.015625,84600.0,23500.0,12974.9111328125,22600.0,74692.3046875,73700.0,16978.59765625,27050.0,25300.0,15150.0,26070.0,1864.300048828125
2023-10-10,15256.7041015625,68900.0,28863.431640625,42550.0,18129.046875,66196.9375,82238.71875,20050.0,11180.5078125,17906.3359375,10568.826171875,73200.0,48850.0,36000.0,9621.8486328125,68800.0,8650.2431640625,17968.626953125,19643.033203125,31250.0,32500.0,13293.650390625,86100.0,24000.0,13283.0224609375,22450.0,74846.15625,74400.0,17137.275390625,27000.0,25300.0,15370.0,26350.0,1875.300048828125
2023-10-11,15189.7890625,68300.0,28829.111328125,42600.0,18252.794921875,66678.125,81857.984375,20700.0,11309.0185546875,18044.076171875,10597.4677734375,73800.0,49300.0,36900.0,9663.865234375,68000.0,8690.1064453125,18078.19140625,20423.94921875,31750.0,32600.0,13293.650390625,86500.0,23700.0,13419.9609375,22725.0,75076.921875,74400.0,17295.953125,27000.0,25300.0,15290.0,26350.0,1887.300048828125
2023-10-12,15189.7890625,67600.0,28932.072265625,42650.0,18314.66796875,66265.6796875,81857.984375,20850.0,11244.7626953125,17768.595703125,10511.54296875,73100.0,48400.0,36700.0,9621.8486328125,68900.0,8650.2431640625,18078.19140625,20183.66796875,31600.0,32500.0,13650.7939453125,86000.0,23775.0,13454.1953125,23250.0,75153.84375,75500.0,17335.623046875,27200.0,25300.0,15480.0,26400.0,1883.0
2023-10-13,15156.3310546875,66700.0,29172.314453125,42300.0,18129.046875,66059.4609375,81667.6171875,21400.0,11309.0185546875,17734.16015625,10568.826171875,72700.0,49500.0,36700.0,9579.83203125,70100.0,8610.3798828125,18114.712890625,20153.6328125,31500.0,32200.0,13690.4765625,86600.0,23450.0,13248.787109375,23050.0,79846.15625,75800.0,17414.962890625,27350.0,25300.0,15480.0,26470.0,1941.5
2023-10-16,15122.873046875,65700.0,28588.869140625,41650.0,17819.677734375,66540.640625,82714.640625,21450.0,11180.5078125,17217.630859375,10425.6171875,71600.0,48600.0,36800.0,9537.8154296875,70900.0,8450.9287109375,18114.712890625,19282.611328125,30200.0,31800.0,13333.3330078125,86100.0,22775.0,12906.44140625,22500.0,78846.15625,75200.0,17851.328125,26700.0,25300.0,15450.0,26040.0,1934.300048828125
2023-10-17,15022.5,64200.0,28348.625,41550.0,17695.9296875,63997.25,81096.515625,20200.0,11276.890625,17079.890625,10368.333984375,71000.0,46300.0,36000.0,9453.78125,69900.0,8450.9287109375,18078.19140625,18892.154296875,30000.0,31750.0,13095.23828125,85900.0,22250.0,12769.5029296875,22000.0,79153.84375,74800.0,18010.0078125,27000.0,25300.0,15250.0,26010.0,1935.699951171875
2023-10-18,14754.8388671875,62800.0,27456.296875,40850.0,17541.244140625,63928.51171875,79002.4765625,20000.0,11276.890625,16528.92578125,10167.8408203125,68300.0,44700.0,35000.0,9453.78125,68300.0,8291.4775390625,18041.669921875,18952.224609375,29700.0,31250.0,12896.8251953125,85900.0,21650.0,12632.564453125,21900.0,80692.3046875,73900.0,17851.328125,26500.0,25300.0,15150.0,25590.0,1968.300048828125
2023-10-19,14587.55078125,63000.0,27593.578125,40200.0,17695.9296875,63241.10546875,77955.453125,20000.0,11244.7626953125,16322.314453125,10110.5576171875,66400.0,43000.0,35000.0,9285.7138671875,68300.0,8211.751953125,17968.626953125,18081.203125,29000.0,30650.0,12817.4599609375,84500.0,21250.0,12495.626953125,21600.0,80846.15625,71400.0,17018.265625,26400.0,25300.0,14990.0,25350.0,1980.5
2023-10-20,14654.4658203125,64600.0,27799.5,41000.0,18190.919921875,63859.76953125,79192.84375,20500.0,11405.40234375,16769.97265625,10282.408203125,69000.0,44700.0,35400.0,9411.7646484375,70000.0,8331.33984375,17859.0625,18802.048828125,30100.0,31100.0,13095.23828125,84800.0,22250.0,12564.095703125,21675.0,80923.078125,72300.0,17137.275390625,26600.0,25300.0,15000.0,25400.0,1994.4000244140625
2023-10-23,14587.55078125,63600.0,27662.21875,40500.0,18129.046875,62553.703125,76718.0625,19750.0,11244.7626953125,16528.92578125,10196.482421875,66000.0,43000.0,35350.0,9285.7138671875,67800.0,8211.751953125,18114.712890625,18381.5546875,29700.0,30900.0,13055.5556640625,84500.0,22250.0,12358.6884765625,21700.0,79615.3828125,70200.0,16700.91015625,26000.0,25300.0,14680.0,24950.0,1987.800048828125
2023-10-24,14654.4658203125,63400.0,28348.625,40750.0,18252.794921875,63241.10546875,77289.171875,20450.0,11276.890625,16528.92578125,10253.7666015625,66900.0,43000.0,35500.0,9411.7646484375,69100.0,8450.9287109375,18845.146484375,18651.87109375,30000.0,31350.0,13333.3330078125,86000.0,22300.0,12666.7998046875,21725.0,79692.3046875,70300.0,16700.91015625,26600.0,25300.0,14860.0,25030.0,1986.0999755859375
2023-10-25,14654.4658203125,62600.0,27971.1015625,40850.0,17943.42578125,62484.96484375,76527.6953125,20500.0,11244.7626953125,16563.361328125,10196.482421875,66000.0,43500.0,35350.0,9411.7646484375,69200.0,8411.06640625,18918.189453125,18501.6953125,29550.0,31200.0,13293.650390625,85800.0,22450.0,12529.861328125,22350.0,79076.921875,69000.0,16661.240234375,26450.0,25300.0,14750.0,25000.0,1994.9000244140625
2023-10-26,14119.142578125,59600.0,27833.8203125,39050.0,17541.244140625,59666.609375,71863.6953125,19100.0,10923.484375,15702.4794921875,9852.78125,61400.0,42000.0,32900.0,9075.6298828125,66200.0,8012.43701171875,18626.015625,17240.216796875,28100.0,29800.0,12698.4130859375,84500.0,20900.0,11879.404296875,20800.0,76769.234375,67000.0,16026.5263671875,24600.0,25300.0,14130.0,23900.0,1997.4000244140625
2023-10-27,14420.26171875,59000.0,28829.111328125,39500.0,17448.43359375,59804.08984375,73862.5546875,19300.0,11084.1240234375,16081.267578125,9995.990234375,57800.0,42000.0,33000.0,9243.697265625,63100.0,8211.751953125,18662.537109375,17690.744140625,28700.0,29550.0,12857.142578125,85000.0,19600.0,12392.9228515625,20800.0,76769.234375,68000.0,16026.5263671875,22900.0,25300.0,14190.0,24100.0,1998.5
2023-10-30,14252.9736328125,59500.0,28142.703125,39150.0,17108.126953125,58429.28515625,72910.71875,18000.0,11051.99609375,15840.220703125,9738.2138671875,58000.0,40500.0,32850.0,9117.6474609375,60800.0,8092.1630859375,18516.451171875,16519.37109375,27000.0,28100.0,12698.4130859375,85900.0,19600.0,12050.5771484375,20750.0,75384.6171875,67600.0,15788.5078125,23100.0,25300.0,14000.0,23660.0,2005.5999755859375
2023-10-31,14319.888671875,58600.0,27593.578125,38900.0,17139.064453125,57054.4765625,72910.71875,16900.0,11051.99609375,15840.220703125,9795.4970703125,58200.0,37700.0,31900.0,8907.5634765625,56700.0,8052.30029296875,18845.146484375,15468.138671875,27000.0,27700.0,12539.6826171875,86800.0,19500.0,12255.984375,20250.0,76153.84375,68000.0,15867.84765625,22200.0,25300.0,13980.0,23600.0,1994.300048828125
2023-11-01,14453.7197265625,58000.0,27456.296875,39000.0,16953.443359375,58704.24609375,73196.265625,17300.0,11084.1240234375,16494.490234375,9852.78125,59500.0,35100.0,32300.0,8991.5966796875,57400.0,8251.6142578125,18918.189453125,16309.125,27650.0,28200.0,12539.6826171875,87800.0,19225.0,12324.453125,20200.0,80307.6953125,70400.0,15709.1689453125,22700.0,25300.0,14010.0,23170.0,1987.5
2023-11-02,14922.126953125,58800.0,28588.869140625,40600.0,17479.37109375,61178.8984375,75385.4921875,18500.0,11309.0185546875,17389.806640625,10139.19921875,62700.0,37000.0,33400.0,9327.7314453125,61400.0,8690.1064453125,18954.7109375,17360.357421875,29000.0,29350.0,13015.873046875,89000.0,19975.0,12701.0341796875,20725.0,80692.3046875,70900.0,16105.865234375,23250.0,25300.0,14500.0,24080.0,1993.5
2023-11-03,14754.8388671875,58500.0,28485.90625,40400.0,17324.685546875,59804.08984375,75290.3125,18500.0,11790.9375,17286.501953125,9967.3486328125,63900.0,38950.0,33100.0,9327.7314453125,63900.0,8530.654296875,17749.498046875,17360.357421875,28500.0,31000.0,12738.095703125,88900.0,20250.0,12735.2685546875,20800.0,81923.078125,70000.0,15709.1689453125,24400.0,25300.0,14500.0,24190.0,1999.199951171875
2023-11-06,14855.2119140625,59400.0,28691.830078125,40700.0,17664.9921875,60835.1953125,75195.125,18500.0,11726.681640625,17734.16015625,10282.408203125,64000.0,38050.0,33250.0,9453.78125,66200.0,8769.83203125,18479.9296875,17420.427734375,29450.0,31000.0,13174.603515625,89500.0,20500.0,12940.67578125,21050.0,82538.4609375,71000.0,16502.560546875,24000.0,25300.0,14490.0,24380.0,1988.5999755859375
2023-11-07,14788.296875,58200.0,28691.830078125,40400.0,17664.9921875,60697.71484375,75004.7578125,18450.0,11566.0419921875,17768.595703125,10196.482421875,62000.0,38200.0,33150.0,9369.748046875,65100.0,8650.2431640625,17822.541015625,17029.970703125,29000.0,30600.0,13134.9208984375,88300.0,20000.0,12803.73828125,21025.0,81538.4609375,70800.0,16423.22265625,23150.0,25300.0,14580.0,24440.0,1973.5
2023-11-08,15256.7041015625,59600.0,29446.876953125,41000.0,18098.109375,63653.546875,76146.9609375,19700.0,12080.0888671875,18560.60546875,10511.54296875,63800.0,39600.0,34200.0,9663.865234375,65100.0,9048.8720703125,18224.279296875,18201.34375,30000.0,31800.0,13690.4765625,89500.0,20500.0,13283.0224609375,21500.0,86923.078125,71400.0,16938.927734375,23700.0,25300.0,15040.0,25160.0,1957.800048828125
2023-11-09,15089.416015625,61000.0,29412.556640625,41000.0,18252.794921875,63584.80859375,76146.9609375,19700.0,12047.9609375,18388.4296875,10511.54296875,62800.0,40300.0,33950.0,9705.8828125,63900.0,8969.146484375,17895.583984375,18531.73046875,29650.0,31500.0,13571.4287109375,87900.0,21450.0,13214.552734375,22700.0,83384.6171875,70700.0,15867.84765625,24300.0,25300.0,15090.0,25230.0,1969.800048828125
2023-11-10,14989.04296875,60400.0,28966.392578125,40600.0,18190.919921875,62897.40625,74909.578125,19350.0,12112.216796875,18250.689453125,10311.0498046875,61700.0,39400.0,33350.0,9831.9326171875,62400.0,8889.419921875,17384.28125,18501.6953125,29500.0,31050.0,13492.0634765625,86000.0,21150.0,13009.1455078125,22475.0,83846.15625,69600.0,15510.8212890625,23950.0,25300.0,14990.0,24930.0,1937.699951171875
2023-11-13,15022.5,59800.0,28897.751953125,40550.0,18190.919921875,62828.6640625,75195.125,19450.0,12080.0888671875,18732.783203125,10368.333984375,62000.0,40000.0,33350.0,10000.0,61300.0,8809.6943359375,16799.935546875,18892.154296875,29250.0,30900.0,13690.4765625,85500.0,20675.0,13146.083984375,22400.0,83076.921875,68700.0,15233.1337890625,23500.0,25300.0,14940.0,24870.0,1950.199951171875
2023-11-14,15189.7890625,60000.0,29515.517578125,40800.0,18438.416015625,63653.546875,75290.3125,19700.0,12047.9609375,18595.041015625,10568.826171875,62600.0,41500.0,33500.0,9957.9833984375,62000.0,9128.59765625,16909.5,19072.365234375,30000.0,31500.0,13809.5234375,86000.0,20500.0,13419.9609375,22475.0,82923.078125,68900.0,15550.490234375,24000.0,25300.0,14980.0,25250.0,1966.5
2023-11-15,15557.8232421875,62000.0,30304.88671875,40900.0,18685.912109375,63516.06640625,76242.1484375,19850.0,12144.34375,18595.041015625,10626.1103515625,65800.0,41900.0,34000.0,9873.94921875,63200.0,9208.3232421875,17165.15234375,19192.505859375,30000.0,31550.0,14047.619140625,87700.0,20725.0,13454.1953125,22700.0,83615.3828125,70700.0,15828.177734375,24100.0,25300.0,15190.0,25660.0,1964.300048828125
2023-11-16,15591.28125,62400.0,30030.32421875,41300.0,18716.84765625,63928.51171875,76146.9609375,19700.0,12176.4716796875,18732.783203125,10597.4677734375,66000.0,41500.0,34450.0,9957.9833984375,64200.0,9248.1865234375,17128.630859375,19402.751953125,30200.0,31700.0,13888.888671875,88000.0,20575.0,13419.9609375,22550.0,83461.5390625,70300.0,15788.5078125,23850.0,25300.0,15120.0,25510.0,1987.300048828125
2023-11-17,15189.7890625,61400.0,29446.876953125,40850.0,18376.54296875,62553.703125,74909.578125,19450.0,11887.3212890625,18250.689453125,10425.6171875,64100.0,41400.0,33500.0,9789.916015625,63700.0,8929.283203125,16909.5,18922.189453125,29350.0,31150.0,13492.0634765625,85600.0,19475.0,13111.849609375,21100.0,81153.84375,70000.0,15312.47265625,22800.0,25300.0,14980.0,25290.0,1984.699951171875
2023-11-20,15055.9580078125,61400.0,29618.478515625,40800.0,18283.73046875,62347.48046875,74528.84375,20000.0,12015.8330078125,18353.994140625,10311.0498046875,63600.0,40550.0,33500.0,9789.916015625,63000.0,8929.283203125,16909.5,19462.822265625,29200.0,31000.0,13650.7939453125,86100.0,19475.0,13009.1455078125,21350.0,81307.6953125,69300.0,15471.1513671875,22550.0,25300.0,14880.0,25350.0,1980.300048828125
2023-11-21,15122.873046875,60200.0,30167.60546875,40800.0,18190.919921875,63172.3671875,75195.125,20050.0,12015.8330078125,18629.4765625,10368.333984375,64600.0,40900.0,33800.0,9831.9326171875,63100.0,8969.146484375,16909.5,19552.927734375,29300.0,30800.0,13531.74609375,86600.0,19550.0,13043.3798828125,21300.0,82000.0,69500.0,15590.16015625,22600.0,25300.0,15010.0,25300.0,2001.5999755859375
2023-11-22,15189.7890625,59900.0,29927.36328125,40850.0,18314.66796875,63928.51171875,75195.125,20150.0,11951.5771484375,18732.783203125,10339.69140625,64900.0,39800.0,34050.0,9789.916015625,63500.0,9009.0087890625,16872.978515625,19763.17578125,29100.0,30950.0,13571.4287109375,86700.0,19500.0,13146.083984375,21000.0,83230.765625,69400.0,15590.16015625,22800.0,25300.0,15000.0,25300.0,1992.800048828125
2023-11-23,14855.2119140625,58900.0,29515.517578125,40500.0,18067.171875,62416.22265625,73291.453125,19300.0,11598.169921875,17803.03125,10253.7666015625,63300.0,37300.0,33700.0,9621.8486328125,60400.0,8729.96875,16799.935546875,18561.765625,28200.0,30400.0,13492.0634765625,85500.0,19500.0,12872.20703125,20650.0,80769.234375,68700.0,15193.4638671875,22600.0,25300.0,14820.0,24950.0,1993.300048828125
2023-11-24,14754.8388671875,58800.0,29961.68359375,40250.0,18314.66796875,62691.18359375,73767.3671875,19550.0,11758.8095703125,18181.818359375,10225.125,61800.0,38550.0,33400.0,9579.83203125,63000.0,8729.96875,16872.978515625,19222.541015625,28300.0,30050.0,13492.0634765625,86000.0,19550.0,12872.20703125,20675.0,81769.234375,68300.0,15233.1337890625,22600.0,25300.0,15000.0,24710.0,2003.0
2023-11-27,14621.0078125,59300.0,29515.517578125,38850.0,18190.919921875,62347.48046875,73101.0859375,19300.0,11630.2978515625,18112.947265625,10081.916015625,60900.0,38000.0,33600.0,9495.7978515625,64300.0,8570.517578125,16836.45703125,18621.8359375,27400.0,29300.0,13214.2861328125,85800.0,19900.0,12632.564453125,20925.0,81538.4609375,68100.0,15233.1337890625,22600.0,25300.0,14690.0,24400.0,2012.4000244140625
2023-11-28,14654.4658203125,58500.0,30050.9609375,39600.0,18129.046875,62622.4453125,73291.453125,19600.0,11598.169921875,18388.4296875,10225.125,61300.0,38000.0,33700.0,9495.7978515625,64900.0,8650.2431640625,16836.45703125,18862.119140625,28150.0,29950.0,13293.650390625,85800.0,20375.0,12803.73828125,21200.0,81923.078125,68500.0,15352.142578125,22800.0,25300.0,14670.0,24690.0,2040.0
2023-11-29,14754.8388671875,58200.0,30399.041015625,39700.0,18190.919921875,63034.88671875,74052.921875,19850.0,11598.169921875,18595.041015625,10225.125,62900.0,38800.0,35800.0,9495.7978515625,66200.0,8650.2431640625,16836.45703125,18982.259765625,27800.0,29900.0,13373.015625,85100.0,20600.0,12872.20703125,21275.0,82153.84375,68400.0,15272.802734375,23200.0,25300.0,14840.0,24870.0,2047.0999755859375
2023-11-30,14687.923828125,58200.0,30050.9609375,39000.0,18183.50390625,63172.3671875,72815.53125,20000.0,11566.0419921875,18285.123046875,10196.482421875,60500.0,38500.0,35100.0,9453.78125,65000.0,8610.3798828125,16507.763671875,18802.048828125,27500.0,29500.0,13492.0634765625,84700.0,20650.0,12803.73828125,20875.0,78461.5390625,67400.0,15153.7939453125,22100.0,25300.0,14800.0,24830.0,2038.0999755859375
2023-12-01,14687.923828125,58200.0,30476.392578125,39700.0,18183.50390625,63516.06640625,73957.7421875,20150.0,11694.5537109375,18526.169921875,10196.482421875,61500.0,38750.0,35200.0,9495.7978515625,65000.0,8650.2431640625,16580.806640625,19222.541015625,27500.0,29750.0,13571.4287109375,85000.0,20450.0,12974.9111328125,21050.0,81076.921875,68400.0,15312.47265625,22800.0,25300.0,14750.0,24840.0,2089.699951171875
2023-12-04,14922.126953125,59200.0,30785.796875,40000.0,18356.3515625,64340.953125,75195.125,20600.0,11887.3212890625,18939.39453125,10339.69140625,62200.0,39950.0,35500.0,9705.8828125,64700.0,8849.5576171875,16617.328125,20183.66796875,28200.0,30200.0,13650.7939453125,86000.0,20650.0,13111.849609375,21475.0,81384.6171875,68800.0,15471.1513671875,23000.0,25300.0,15030.0,25290.0,2042.199951171875
2023-12-05,14821.75390625,63300.0,30669.771484375,39800.0,18321.783203125,65165.8359375,75195.125,20600.0,11855.193359375,18767.216796875,10339.69140625,61400.0,40000.0,35550.0,9621.8486328125,64000.0,8729.96875,16580.806640625,20003.45703125,27800.0,30050.0,13531.74609375,85400.0,20250.0,13111.849609375,21400.0,80846.15625,68100.0,15193.4638671875,22850.0,25300.0,14970.0,25200.0,2036.300048828125
2023-12-06,14922.126953125,66000.0,30940.5,40050.0,18425.490234375,65303.31640625,75956.59375,20800.0,11951.5771484375,19008.263671875,10368.333984375,62100.0,40950.0,35900.0,9705.8828125,65200.0,8769.83203125,16580.806640625,20183.66796875,28100.0,30400.0,13849.2060546875,85900.0,20225.0,13146.083984375,21400.0,81384.6171875,68500.0,15391.8125,22900.0,25300.0,15050.0,25360.0,2047.9000244140625
2023-12-07,14989.04296875,64800.0,31404.607421875,39600.0,18598.337890625,64822.1328125,74148.109375,20200.0,12015.8330078125,19008.263671875,10454.2587890625,63500.0,40850.0,35150.0,9663.865234375,65600.0,8809.6943359375,16580.806640625,19733.140625,28550.0,30850.0,13928.5712890625,85200.0,19850.0,13214.552734375,21400.0,81307.6953125,68400.0,15590.16015625,22800.0,25300.0,15090.0,25290.0,2046.4000244140625
2023-12-08,14989.04296875,65000.0,32410.173828125,39550.0,18598.337890625,64753.39453125,73862.5546875,20050.0,12047.9609375,19077.134765625,10425.6171875,66200.0,42600.0,35650.0,9789.916015625,65600.0,8769.83203125,16580.806640625,19582.962890625,28200.0,30950.0,13849.2060546875,85000.0,19825.0,13248.787109375,21475.0,80153.84375,69000.0,15550.490234375,23350.0,25300.0,15110.0,25470.0,2014.5
2023-12-11,14989.04296875,65100.0,32023.41796875,40050.0,18563.767578125,65303.31640625,74528.84375,20350.0,12047.9609375,18939.39453125,10396.9755859375,67500.0,42500.0,35650.0,9747.8994140625,65500.0,8889.419921875,16544.28515625,19643.033203125,27850.0,30850.0,13769.8408203125,84200.0,20500.0,13146.083984375,22025.0,80153.84375,70000.0,15391.8125,23650.0,25300.0,15120.0,25500.0,1993.699951171875
2023-12-12,15055.9580078125,64400.0,32410.173828125,40100.0,18667.4765625,66540.640625,74433.65625,20350.0,12080.0888671875,19249.310546875,10454.2587890625,66200.0,42500.0,35450.0,9747.8994140625,65000.0,8849.5576171875,16544.28515625,19582.962890625,28000.0,31050.0,13769.8408203125,84200.0,20525.0,13146.083984375,22125.0,80384.6171875,69400.0,15431.4814453125,23650.0,25300.0,15150.0,25570.0,1993.199951171875
2023-12-13,14922.126953125,63900.0,32178.119140625,40500.0,18494.62890625,65440.796875,73196.265625,19950.0,12112.216796875,18836.087890625,10339.69140625,65800.0,41700.0,34700.0,9579.83203125,64000.0,8690.1064453125,16507.763671875,19222.541015625,27450.0,30500.0,13492.0634765625,83700.0,20375.0,13043.3798828125,21950.0,80769.234375,68200.0,15233.1337890625,23000.0,25300.0,15040.0,25370.0,1997.300048828125
2023-12-14,15055.9580078125,63700.0,32178.119140625,40150.0,18494.62890625,66128.203125,73196.265625,19850.0,12144.34375,18629.4765625,10339.69140625,65000.0,41600.0,34350.0,9495.7978515625,63000.0,8610.3798828125,16507.763671875,19222.541015625,27100.0,30550.0,13412.6982421875,84400.0,20150.0,12940.67578125,21900.0,81000.0,68400.0,15074.455078125,22850.0,25300.0,15040.0,25370.0,2044.9000244140625
2023-12-15,15223.24609375,62000.0,32100.76953125,39500.0,18460.060546875,66128.203125,72339.6171875,19900.0,12208.599609375,18457.30078125,10339.69140625,63000.0,40750.0,34300.0,9411.7646484375,62800.0,8610.3798828125,16507.763671875,19102.400390625,27100.0,30600.0,13452.380859375,82200.0,19950.0,12872.20703125,21850.0,79230.765625,68100.0,14836.4375,22550.0,25300.0,14900.0,25320.0,2035.699951171875
2023-12-18,15256.7041015625,60700.0,31714.01171875,39050.0,18010.658203125,64615.9140625,71863.6953125,19450.0,11823.0654296875,18319.55859375,10311.0498046875,62900.0,39600.0,33900.0,9327.7314453125,61500.0,8530.654296875,16507.763671875,19042.330078125,26300.0,30050.0,13412.6982421875,81500.0,19950.0,12701.0341796875,21600.0,80769.234375,67000.0,14598.419921875,22600.0,25300.0,14760.0,24960.0,2040.5
2023-12-19,15423.9921875,61000.0,31868.71484375,39200.0,18321.783203125,65028.35546875,71387.78125,19600.0,12176.4716796875,18732.783203125,10396.9755859375,62200.0,40650.0,33950.0,9411.7646484375,62200.0,8530.654296875,16507.763671875,19312.646484375,26600.0,30600.0,13492.0634765625,81200.0,19750.0,12769.5029296875,21600.0,80230.765625,67000.0,14519.080078125,22700.0,25300.0,14750.0,24790.0,2052.10009765625
2023-12-20,15524.365234375,61300.0,31946.06640625,39350.0,18356.3515625,65097.09765625,71578.1484375,19750.0,12080.0888671875,18732.783203125,10396.9755859375,63900.0,42400.0,34400.0,9495.7978515625,62000.0,8530.654296875,16507.763671875,19402.751953125,26950.0,30350.0,13412.6982421875,81100.0,19975.0,12803.73828125,21625.0,80230.765625,68100.0,14479.4111328125,23000.0,25300.0,14810.0,25200.0,2047.699951171875
2023-12-21,15557.8232421875,61800.0,32332.822265625,39350.0,18356.3515625,65372.05859375,71102.2265625,19900.0,12047.9609375,18732.783203125,10396.9755859375,63700.0,42650.0,34000.0,9495.7978515625,62000.0,8490.7919921875,16507.763671875,19342.681640625,26600.0,30650.0,13412.6982421875,80900.0,20100.0,12837.97265625,21600.0,81000.0,67800.0,14439.7412109375,22950.0,25300.0,14950.0,25290.0,2051.300048828125
2023-12-22,15524.365234375,61800.0,32835.60546875,38900.0,18287.212890625,65028.35546875,71102.2265625,20250.0,12176.4716796875,18629.4765625,10482.900390625,63000.0,42350.0,33800.0,9453.78125,61500.0,8530.654296875,16507.763671875,19432.787109375,27200.0,30600.0,13412.6982421875,80900.0,20150.0,12837.97265625,21575.0,81692.3046875,67600.0,14400.0712890625,22950.0,25300.0,14900.0,25300.0,2069.10009765625
2023-12-25,15624.73828125,61900.0,33415.73828125,39300.0,18598.337890625,65990.71875,72815.53125,20200.0,12304.9833984375,18904.958984375,10540.1845703125,66400.0,42650.0,34650.0,9495.7978515625,62000.0,8570.517578125,16544.28515625,19552.927734375,27500.0,30950.0,13531.74609375,81800.0,20600.0,13043.3798828125,21700.0,82923.078125,67900.0,14677.7587890625,23400.0,25300.0,15070.0,25740.0,2069.10009765625
2023-12-26,15557.8232421875,62300.0,33261.0390625,39500.0,18529.19921875,66815.6015625,72720.3515625,20300.0,12337.111328125,19146.005859375,10568.826171875,66200.0,42700.0,34450.0,9453.78125,62700.0,8530.654296875,16580.806640625,19673.068359375,27500.0,30800.0,13492.0634765625,82800.0,20950.0,13111.849609375,21775.0,83076.921875,68000.0,14677.7587890625,23300.0,25300.0,15100.0,25740.0,2069.800048828125
2023-12-27,15591.28125,62600.0,33261.0390625,39550.0,18563.767578125,66609.3828125,72625.1640625,20250.0,12401.3671875,19111.5703125,10540.1845703125,67000.0,42850.0,34450.0,9369.748046875,62100.0,8570.517578125,16544.28515625,19703.10546875,27400.0,30850.0,13769.8408203125,82700.0,20950.0,13146.083984375,21800.0,83000.0,67500.0,14677.7587890625,23250.0,25300.0,15140.0,25750.0,2093.10009765625
2023-12-28,15892.400390625,62700.0,33028.984375,39600.0,18736.615234375,66403.1640625,72339.6171875,20300.0,12433.4951171875,19249.310546875,10626.1103515625,67000.0,43050.0,34500.0,9453.78125,62200.0,8610.3798828125,17274.716796875,19823.24609375,27600.0,31500.0,13730.1591796875,82800.0,21850.0,13454.1953125,22225.0,83076.921875,68500.0,14915.7763671875,23500.0,25300.0,15290.0,25880.0,2083.5
2023-12-29,15992.7734375,62900.0,33570.44140625,39500.0,18736.615234375,66059.4609375,71863.6953125,21200.0,13043.9248046875,19249.310546875,10683.3935546875,67000.0,42800.0,34500.0,9453.78125,63000.0,8610.3798828125,17457.32421875,19703.10546875,27950.0,31800.0,13809.5234375,80300.0,21600.0,13419.9609375,22300.0,83076.921875,67600.0,15233.1337890625,23300.0,25300.0,15330.0,26440.0,2071.800048828125
2024-01-01,15992.7734375,62900.0,33570.44140625,39500.0,18736.615234375,66059.4609375,71863.6953125,21200.0,13043.9248046875,19249.310546875,10683.3935546875,67000.0,42800.0,34500.0,9453.78125,63000.0,8610.3798828125,17457.32421875,19703.10546875,27950.0,31800.0,13809.5234375,80300.0,21600.0,13419.9609375,22300.0,83076.921875,67600.0,15233.1337890625,23300.0,25300.0,15330.0,26440.0,2071.800048828125
2024-01-02,16360.8076171875,61900.0,33261.0390625,39600.0,18805.75390625,65921.9765625,71958.8828125,20950.0,12786.90234375,18904.958984375,10797.9609375,68400.0,42450.0,34550.0,9453.78125,63500.0,8729.96875,17493.845703125,19522.892578125,27750.0,32100.0,13730.1591796875,83500.0,21500.0,13556.8984375,22000.0,82307.6953125,68300.0,14955.4462890625,23100.0,25300.0,15270.0,26030.0,2073.39990234375
2024-01-03,16728.841796875,61500.0,33879.84765625,39800.0,19082.30859375,66196.9375,72339.6171875,21600.0,12851.158203125,19146.005859375,10969.8115234375,68900.0,43200.0,34900.0,9579.83203125,63500.0,8969.146484375,17019.06640625,19793.2109375,28500.0,32600.0,13849.2060546875,84500.0,21700.0,13762.306640625,22075.0,82846.15625,69000.0,15153.7939453125,23250.0,25300.0,15350.0,26190.0,2042.800048828125
2024-01-04,16929.587890625,60800.0,33763.8203125,40100.0,19773.697265625,66815.6015625,73005.8984375,21400.0,13108.1806640625,19111.5703125,11514.005859375,68100.0,43200.0,35100.0,9621.8486328125,62400.0,9128.59765625,17201.673828125,20183.66796875,28600.0,33100.0,14206.349609375,85900.0,21725.0,13967.7138671875,22075.0,82923.078125,69000.0,15352.142578125,23400.0,25300.0,15560.0,26500.0,2050.0
2024-01-05,17029.9609375,60500.0,34421.3046875,40000.0,20050.251953125,66953.0859375,73481.8203125,21800.0,13172.4365234375,19146.005859375,11743.140625,67900.0,43850.0,35200.0,9495.7978515625,61900.0,9208.3232421875,17238.1953125,20514.0546875,29300.0,33200.0,14285.7138671875,86200.0,21550.0,14173.1220703125,22050.0,82769.234375,68800.0,15233.1337890625,23350.0,25300.0,15600.0,26600.0,2049.800048828125
2024-01-08,16963.046875,60300.0,35890.98046875,40000.0,20430.515625,66884.34375,73101.0859375,21500.0,13204.564453125,19180.44140625,11857.70703125,66600.0,43200.0,35300.0,9579.83203125,62100.0,9327.912109375,17019.06640625,20484.01953125,29200.0,34100.0,14246.0322265625,86800.0,21675.0,14310.0595703125,22175.0,82000.0,68200.0,15272.802734375,23700.0,25300.0,15650.0,26620.0,2033.5
2024-01-09,16728.841796875,59600.0,35620.25,40000.0,20741.640625,66403.1640625,72244.4296875,21400.0,13204.564453125,19077.134765625,11943.6328125,66100.0,42700.0,34650.0,9621.8486328125,61600.0,9327.912109375,17128.630859375,20423.94921875,29200.0,34500.0,14087.3017578125,87800.0,21500.0,14344.294921875,21950.0,81923.078125,68100.0,15193.4638671875,23350.0,25300.0,15600.0,26610.0,2033.0
2024-01-10,16896.130859375,59200.0,36664.4921875,40500.0,21433.02734375,65097.09765625,71863.6953125,21600.0,13300.9482421875,18836.087890625,11972.2744140625,66200.0,42250.0,34850.0,9579.83203125,60800.0,9567.0888671875,17092.109375,20243.73828125,29450.0,34400.0,14682.5400390625,89500.0,21350.0,14412.763671875,21800.0,81307.6953125,67500.0,15550.490234375,23300.0,25300.0,15670.0,26620.0,2027.800048828125
2024-01-11,16896.130859375,60400.0,35968.33203125,42000.0,21433.02734375,65303.31640625,72339.6171875,21200.0,13365.2041015625,18939.39453125,11829.0654296875,66100.0,42450.0,35450.0,9789.916015625,61400.0,9646.8154296875,17238.1953125,20363.87890625,29500.0,34150.0,14682.5400390625,89300.0,21000.0,14481.2333984375,21825.0,81384.6171875,67900.0,15590.16015625,23450.0,25300.0,15780.0,26620.0,2019.199951171875
2024-01-12,17264.166015625,59900.0,35581.57421875,41800.0,21778.72265625,65097.09765625,71482.9609375,20400.0,13429.4599609375,18698.34765625,12230.05078125,64800.0,41900.0,34950.0,9621.8486328125,61100.0,9806.2666015625,17128.630859375,20333.84375,29900.0,34650.0,14722.22265625,88700.0,20650.0,14412.763671875,21500.0,81000.0,67200.0,15590.16015625,23100.0,25300.0,15610.0,26680.0,2051.60009765625
2024-01-15,16929.587890625,59500.0,36045.68359375,41000.0,21709.583984375,65578.28125,72054.0625,20550.0,13493.7158203125,18663.912109375,12287.3349609375,65600.0,42900.0,34650.0,9579.83203125,60400.0,9686.677734375,17019.06640625,19823.24609375,29800.0,34300.0,14523.8095703125,90000.0,20800.0,14515.4677734375,21525.0,80923.078125,67000.0,15352.142578125,22950.0,25300.0,15550.0,26620.0,2051.60009765625
2024-01-16,16996.50390625,59400.0,36277.734375,41000.0,21709.583984375,65784.5,71958.8828125,20950.0,13493.7158203125,19146.005859375,12315.9765625,67100.0,44300.0,34750.0,9663.865234375,60400.0,9726.541015625,16763.4140625,20123.59765625,29900.0,34150.0,14761.904296875,90000.0,21325.0,14720.875,21575.0,81076.921875,67400.0,15431.4814453125,23100.0,25300.0,15600.0,26800.0,2030.199951171875
2024-01-17,16996.50390625,59900.0,36239.0625,41150.0,21536.736328125,65784.5,71578.1484375,21200.0,13397.33203125,19042.69921875,12315.9765625,66300.0,44900.0,34550.0,9579.83203125,60400.0,9567.0888671875,16836.45703125,20213.703125,29700.0,34050.0,14563.4921875,90900.0,20950.0,14652.40625,21600.0,80461.5390625,67100.0,15312.47265625,23300.0,25300.0,15630.0,26710.0,2006.5
2024-01-18,17130.333984375,60300.0,36741.84375,41150.0,21778.72265625,65715.7578125,71673.328125,21100.0,13365.2041015625,19042.69921875,12430.5439453125,66400.0,45850.0,34500.0,9579.83203125,60500.0,9606.9521484375,16836.45703125,20303.80859375,29800.0,34400.0,14642.857421875,91100.0,21600.0,14652.40625,21675.0,80230.765625,67400.0,15471.1513671875,23550.0,25300.0,15630.0,26710.0,2021.5999755859375
2024-01-19,17364.5390625,61200.0,38559.59765625,41250.0,22539.25,66196.9375,73005.8984375,21300.0,13461.587890625,19146.005859375,12631.0361328125,67800.0,46050.0,34850.0,9705.8828125,61400.0,9686.677734375,16872.978515625,20243.73828125,30300.0,34950.0,14761.904296875,92600.0,21525.0,14446.998046875,21650.0,80769.234375,68000.0,15629.830078125,23850.0,25300.0,15820.0,27250.0,2029.300048828125
2024-01-22,17598.7421875,61200.0,38520.921875,41200.0,22573.818359375,66265.6796875,72625.1640625,21050.0,13622.2275390625,19490.357421875,12659.677734375,67700.0,46150.0,34750.0,9705.8828125,60900.0,9686.677734375,16982.544921875,20393.9140625,30250.0,34950.0,14801.5869140625,92000.0,21500.0,14446.998046875,21650.0,81230.765625,68300.0,15709.1689453125,23900.0,25300.0,15910.0,27320.0,2022.199951171875
2024-01-23,17431.453125,62000.0,38211.515625,40800.0,22262.693359375,65715.7578125,72434.796875,20900.0,13493.7158203125,19524.79296875,12573.7529296875,67500.0,45400.0,34850.0,9621.8486328125,60300.0,9646.8154296875,16872.978515625,20303.80859375,30500.0,35450.0,14761.904296875,91500.0,21175.0,14344.294921875,21550.0,80769.234375,67700.0,15629.830078125,23750.0,25300.0,15860.0,27350.0,2025.800048828125
2024-01-24,17264.166015625,62000.0,37824.76171875,40700.0,22124.416015625,65303.31640625,72149.25,20900.0,13590.099609375,19455.923828125,12545.111328125,66200.0,44400.0,34650.0,9579.83203125,60300.0,9726.541015625,16872.978515625,20423.94921875,30750.0,35250.0,14523.8095703125,91100.0,21250.0,14275.8251953125,21575.0,80538.4609375,67300.0,15590.16015625,23950.0,25300.0,15820.0,27120.0,2016.0
2024-01-25,17264.166015625,62000.0,37824.76171875,40700.0,22124.416015625,65303.31640625,72149.25,20900.0,13590.099609375,19455.923828125,12545.111328125,66200.0,44400.0,34650.0,9579.83203125,60300.0,9726.541015625,16872.978515625,20423.94921875,30750.0,35250.0,14523.8095703125,91100.0,21250.0,14275.8251953125,21575.0,80538.4609375,67300.0,15590.16015625,23950.0,25300.0,15800.0,27100.0,2017.800048828125
2024-01-26,17598.7421875,61800.0,37863.4375,40850.0,22193.5546875,65921.9765625,71578.1484375,21450.0,13686.4833984375,19524.79296875,12602.39453125,65800.0,44900.0,34500.0,9579.83203125,57300.0,9846.12890625,16872.978515625,20484.01953125,30300.0,35400.0,14523.8095703125,92000.0,21000.0,14241.5908203125,21400.0,81307.6953125,67000.0,15669.4990234375,23750.0,25300.0,15870.0,27290.0,2017.300048828125
2024-01-29,17364.5390625,62100.0,37670.05859375,41200.0,22331.83203125,65921.9765625,72910.71875,22500.0,13750.7392578125,19283.74609375,12688.3203125,65600.0,44600.0,34700.0,9579.83203125,57900.0,9806.2666015625,16799.935546875,20393.9140625,30350.0,35250.0,14404.76171875,91200.0,20900.0,14241.5908203125,21325.0,81384.6171875,67000.0,15669.4990234375,23300.0,25300.0,15890.0,27270.0,2025.4000244140625
2024-01-30,17364.5390625,65300.0,37476.6796875,41000.0,22262.693359375,65715.7578125,72720.3515625,22950.0,14039.8896484375,19283.74609375,12659.677734375,66100.0,45400.0,34750.0,9663.865234375,57200.0,9806.2666015625,16799.935546875,20514.0546875,30700.0,35200.0,14523.8095703125,91000.0,21000.0,14310.0595703125,21350.0,81230.765625,66900.0,15629.830078125,23400.0,25300.0,15880.0,27360.0,2031.5
2024-01-31,17230.70703125,65300.0,36896.546875,40500.0,21847.861328125,65784.5,71768.515625,22400.0,14007.76171875,19111.5703125,12459.185546875,64400.0,45000.0,34600.0,9537.8154296875,56300.0,9248.1865234375,16726.892578125,20664.232421875,29900.0,34550.0,14166.6669921875,88500.0,20750.0,14207.3564453125,21250.0,80461.5390625,67000.0,15391.8125,22450.0,25300.0,15900.0,27140.0,2048.39990234375
2024-02-01,17397.99609375,66000.0,36548.46484375,41250.0,22158.986328125,68671.59375,71863.6953125,23950.0,14007.76171875,19180.44140625,12545.111328125,65100.0,46200.0,34600.0,9537.8154296875,57500.0,9248.1865234375,16617.328125,20814.408203125,29800.0,34150.0,14166.6669921875,89800.0,20600.0,14138.88671875,21175.0,81153.84375,67500.0,15193.4638671875,22650.0,25300.0,15790.0,27300.0,2071.10009765625
2024-02-02,17397.99609375,66000.0,36548.46484375,41250.0,22158.986328125,68671.59375,71863.6953125,23950.0,14007.76171875,19180.44140625,12545.111328125,65100.0,46200.0,34600.0,9537.8154296875,57500.0,9248.1865234375,16617.328125,20814.408203125,29800.0,34150.0,14166.6669921875,89800.0,20600.0,14138.88671875,21175.0,81153.84375,67500.0,15193.4638671875,22650.0,25300.0,15850.0,27360.0,2053.699951171875
2024-02-05,18602.47265625,63500.0,37631.3828125,41050.0,23438.052734375,71146.2421875,71578.1484375,25050.0,14553.9365234375,19283.74609375,13146.5888671875,64900.0,47400.0,34550.0,9453.78125,57000.0,9367.7744140625,16799.935546875,20994.619140625,30600.0,35500.0,14404.76171875,90000.0,20625.0,14515.4677734375,21100.0,81000.0,68000.0,15233.1337890625,21800.0,25300.0,16060.0,27930.0,2042.9000244140625
2024-02-06,18635.9296875,63800.0,37747.41015625,41100.0,23783.748046875,71558.6875,72054.0625,25200.0,14778.83203125,19318.181640625,13203.8720703125,64800.0,47000.0,34700.0,9537.8154296875,57300.0,9208.3232421875,16799.935546875,21024.654296875,30800.0,35650.0,14365.0791015625,89500.0,20500.0,14652.40625,21150.0,80384.6171875,67600.0,15312.47265625,21700.0,25300.0,16050.0,27980.0,2051.39990234375
2024-02-07,18736.302734375,64000.0,37863.4375,41200.0,24544.2734375,72108.609375,72054.0625,25350.0,15132.23828125,19387.052734375,13461.6484375,64900.0,46600.0,34750.0,9537.8154296875,57800.0,9288.048828125,16946.0234375,21084.724609375,31100.0,37300.0,14682.5400390625,90000.0,20900.0,14857.8134765625,21200.0,81000.0,67600.0,15550.490234375,21900.0,25300.0,16200.0,28290.0,2051.699951171875
2024-02-08,18736.302734375,64000.0,37863.4375,41200.0,24544.2734375,72108.609375,72054.0625,25350.0,15132.23828125,19387.052734375,13461.6484375,64900.0,46600.0,34750.0,9537.8154296875,57800.0,9288.048828125,16946.0234375,21084.724609375,31100.0,37300.0,14682.5400390625,90000.0,20900.0,14857.8134765625,21200.0,81000.0,67600.0,15550.490234375,21900.0,25300.0,16200.0,28290.0,2047.9000244140625
2024-02-09,18736.302734375,64000.0,37863.4375,41200.0,24544.2734375,72108.609375,72054.0625,25350.0,15132.23828125,19387.052734375,13461.6484375,64900.0,46600.0,34750.0,9537.8154296875,57800.0,9288.048828125,16946.0234375,21084.724609375,31100.0,37300.0,14682.5400390625,90000.0,20900.0,14857.8134765625,21200.0,81000.0,67600.0,15550.490234375,21900.0,25300.0,16200.0,28290.0,2038.699951171875
2024-02-12,18736.302734375,64000.0,37863.4375,41200.0,24544.2734375,72108.609375,72054.0625,25350.0,15132.23828125,19387.052734375,13461.6484375,64900.0,46600.0,34750.0,9537.8154296875,57800.0,9288.048828125,16946.0234375,21084.724609375,31100.0,37300.0,14682.5400390625,90000.0,20900.0,14857.8134765625,21200.0,81000.0,67600.0,15550.490234375,21900.0,25300.0,16200.0,28290.0,2033.0
2024-02-13,18736.302734375,64000.0,37863.4375,41200.0,24544.2734375,72108.609375,72054.0625,25350.0,15132.23828125,19387.052734375,13461.6484375,64900.0,46600.0,34750.0,9537.8154296875,57800.0,9288.048828125,16946.0234375,21084.724609375,31100.0,37300.0,14682.5400390625,90000.0,20900.0,14857.8134765625,21200.0,81000.0,67600.0,15550.490234375,21900.0,25300.0,16200.0,28290.0,2007.199951171875
2024-02-14,18736.302734375,64000.0,37863.4375,41200.0,24544.2734375,72108.609375,72054.0625,25350.0,15132.23828125,19387.052734375,13461.6484375,64900.0,46600.0,34750.0,9537.8154296875,57800.0,9288.048828125,16946.0234375,21084.724609375,31100.0,37300.0,14682.5400390625,90000.0,20900.0,14857.8134765625,21200.0,81000.0,67600.0,15550.490234375,21900.0,25300.0,16200.0,28290.0,2004.300048828125
2024-02-15,18200.98046875,63700.0,37863.4375,41300.0,24198.580078125,71489.9453125,72054.0625,24950.0,15196.494140625,19765.83984375,13833.9921875,64900.0,45850.0,35300.0,9579.83203125,58400.0,9487.36328125,16982.544921875,21084.724609375,31250.0,38400.0,14960.3173828125,89900.0,20975.0,15131.6904296875,21275.0,80384.6171875,67600.0,15709.1689453125,22000.0,25300.0,16350.0,28500.0,2014.9000244140625
2024-02-16,18468.642578125,63600.0,37554.03125,42500.0,24371.427734375,72246.09375,72910.71875,26650.0,14971.5986328125,19696.96875,13748.06640625,66200.0,46300.0,35300.0,9663.865234375,58000.0,9487.36328125,16982.544921875,21024.654296875,30800.0,38500.0,15000.0,89600.0,21350.0,15131.6904296875,21975.0,81000.0,70000.0,15748.8388671875,22500.0,25300.0,16360.0,28410.0,2024.0999755859375
2024-02-19,18535.556640625,64300.0,38134.16796875,43200.0,24475.134765625,72177.3515625,75480.6796875,26800.0,15003.7265625,20110.193359375,13719.4248046875,68900.0,46800.0,36250.0,10084.033203125,57900.0,9567.0888671875,16836.45703125,21144.794921875,30700.0,38900.0,14920.634765625,90200.0,22775.0,15063.220703125,23500.0,80923.078125,71900.0,15709.1689453125,24050.0,25300.0,16550.0,28520.0,2024.0999755859375
2024-02-20,18435.18359375,63800.0,38211.515625,42750.0,24336.857421875,71696.1640625,74814.390625,28200.0,15164.3662109375,20110.193359375,13662.1416015625,68800.0,46800.0,36100.0,10000.0,58600.0,9447.5009765625,16799.935546875,21204.865234375,30700.0,38900.0,14880.9521484375,91300.0,23075.0,15200.1591796875,24250.0,80230.765625,71500.0,15550.490234375,25500.0,25300.0,16570.0,28560.0,2039.800048828125
2024-02-21,18535.556640625,65800.0,38482.24609375,42450.0,24578.84375,72796.015625,73957.7421875,28150.0,15100.1103515625,19834.7109375,13748.06640625,68000.0,46100.0,35750.0,9915.966796875,58100.0,9487.36328125,16763.4140625,20994.619140625,31500.0,39000.0,15476.1904296875,91200.0,22500.0,15268.62890625,23625.0,79384.6171875,71300.0,15669.4990234375,26000.0,25300.0,16580.0,28690.0,2034.300048828125
2024-02-22,18502.099609375,65100.0,38482.24609375,42150.0,24682.552734375,71902.390625,74148.109375,27950.0,14714.576171875,19662.53515625,13719.4248046875,68100.0,45300.0,35850.0,9873.94921875,58000.0,9646.8154296875,16799.935546875,20814.408203125,31050.0,40300.0,15515.873046875,89500.0,22400.0,15405.5673828125,23800.0,79692.3046875,71600.0,15629.830078125,26400.0,25300.0,16530.0,28600.0,2030.699951171875
2024-02-23,18267.896484375,63300.0,40222.6484375,41950.0,24336.857421875,71421.203125,72720.3515625,27550.0,14457.552734375,19559.228515625,13690.783203125,66700.0,44000.0,35100.0,9663.865234375,57000.0,9447.5009765625,16799.935546875,20514.0546875,30650.0,40100.0,15158.73046875,88900.0,21650.0,15063.220703125,22600.0,79846.15625,71000.0,15471.1513671875,25450.0,25300.0,16330.0,28000.0,2049.39990234375
2024-02-26,18401.7265625,63300.0,41460.26953125,42050.0,24647.982421875,74239.5625,72529.984375,28800.0,14586.064453125,19834.7109375,13748.06640625,66700.0,44350.0,35200.0,9705.8828125,56600.0,9367.7744140625,16726.892578125,21084.724609375,30500.0,41200.0,15198.4130859375,89500.0,21675.0,15028.986328125,22300.0,80384.6171875,71000.0,15272.802734375,26000.0,25300.0,16400.0,28500.0,2038.9000244140625
2024-02-27,18468.642578125,63300.0,40996.1640625,42450.0,24993.67578125,74170.8203125,73862.5546875,28900.0,14586.064453125,20902.203125,13891.275390625,67600.0,44750.0,35650.0,9873.94921875,56300.0,9487.36328125,16726.892578125,21565.2890625,30750.0,41950.0,15198.4130859375,91100.0,22100.0,15028.986328125,22575.0,79615.3828125,72000.0,15352.142578125,26400.0,25300.0,16610.0,28770.0,2044.0999755859375
2024-02-28,18736.302734375,63400.0,41692.32421875,42450.0,24855.3984375,74583.265625,74243.2890625,28900.0,14907.3427734375,21074.380859375,13977.201171875,68300.0,45300.0,36200.0,9915.966796875,57700.0,9487.36328125,16763.4140625,21685.4296875,31400.0,42200.0,15873.015625,97400.0,22200.0,15131.6904296875,22800.0,79538.4609375,72200.0,15788.5078125,27800.0,25300.0,16770.0,29100.0,2042.699951171875
2024-02-29,18736.302734375,63300.0,40996.1640625,42900.0,24578.84375,74926.9609375,73672.1875,28600.0,14971.5986328125,21349.861328125,13833.9921875,70400.0,46200.0,35850.0,9789.916015625,58500.0,9407.6376953125,16726.892578125,22226.0625,31550.0,42200.0,15753.9677734375,97300.0,21700.0,14994.751953125,22500.0,79307.6953125,72000.0,15788.5078125,26500.0,25300.0,16850.0,29220.0,2054.699951171875
2024-03-01,18602.47265625,63600.0,41382.91796875,42800.0,24613.4140625,76164.2890625,73862.5546875,29150.0,14971.5986328125,21246.556640625,13748.06640625,70500.0,46600.0,35900.0,9873.94921875,58600.0,9487.36328125,16763.4140625,22436.310546875,31950.0,41850.0,15753.9677734375,97300.0,21975.0,14994.751953125,22625.0,79461.5390625,71500.0,15590.16015625,26650.0,25300.0,16890.0,29000.0,2095.699951171875
2024-03-04,18602.47265625,65400.0,41382.91796875,43200.0,24889.96875,76576.734375,74052.921875,29800.0,14971.5986328125,21212.12109375,13862.6337890625,70800.0,47400.0,35950.0,9957.9833984375,58300.0,9447.5009765625,16690.37109375,22316.16796875,31750.0,41850.0,15555.5556640625,96000.0,21975.0,15063.220703125,22625.0,79692.3046875,72000.0,15550.490234375,27000.0,25300.0,16950.0,29050.0,2126.300048828125
2024-03-05,18702.845703125,65500.0,42079.078125,43300.0,25201.09375,76095.546875,75195.125,29700.0,15100.1103515625,21453.16796875,14091.7685546875,75700.0,50000.0,35950.0,9957.9833984375,58900.0,9447.5009765625,16690.37109375,22466.345703125,31900.0,42200.0,15396.8251953125,95500.0,21825.0,15131.6904296875,22650.0,80307.6953125,73000.0,15669.4990234375,26700.0,25300.0,17100.0,30000.0,2141.89990234375
2024-03-06,18468.642578125,66200.0,42079.078125,43300.0,24959.107421875,74995.703125,76242.1484375,28900.0,15067.982421875,21212.12109375,14091.7685546875,76900.0,48700.0,36250.0,10000.0,61300.0,9407.6376953125,16617.328125,22286.1328125,31550.0,42750.0,15238.095703125,95600.0,21550.0,14994.751953125,22650.0,79923.078125,71800.0,15391.8125,25850.0,25300.0,17020.0,29860.0,2158.199951171875
2024-03-07,18401.7265625,69000.0,41228.21484375,44900.0,24751.69140625,76507.9921875,76527.6953125,29100.0,14875.21484375,21349.861328125,13977.201171875,80800.0,49000.0,37500.0,9957.9833984375,60600.0,9487.36328125,16617.328125,22646.556640625,31300.0,42600.0,15277.77734375,95800.0,21600.0,14960.517578125,22800.0,79923.078125,72000.0,15431.4814453125,26000.0,25300.0,17110.0,29780.0,2165.199951171875
2024-03-08,18100.607421875,69300.0,39526.48828125,44450.0,23852.88671875,75614.3671875,75671.046875,29000.0,14778.83203125,20867.76953125,13518.9326171875,78500.0,47750.0,36800.0,9831.9326171875,60000.0,9327.912109375,16580.806640625,22105.921875,30650.0,41000.0,14761.904296875,95100.0,21275.0,14755.109375,22400.0,79769.234375,70000.0,15074.455078125,25400.0,25300.0,16920.0,29530.0,2185.5
2024-03-11,17899.861328125,67100.0,39062.3828125,43350.0,23610.900390625,75614.3671875,74052.921875,29550.0,14843.0869140625,20592.287109375,13146.5888671875,77500.0,46400.0,35950.0,9747.8994140625,59300.0,9088.734375,16471.2421875,21835.60546875,30200.0,40400.0,14682.5400390625,94100.0,21275.0,14583.9365234375,22175.0,79230.765625,70300.0,14717.4287109375,24500.0,25300.0,16830.0,29180.0,2188.60009765625
2024-03-12,17899.861328125,67900.0,40222.6484375,43400.0,23852.88671875,76920.4296875,74148.109375,31600.0,14746.7041015625,20798.8984375,13232.5146484375,78700.0,46750.0,36350.0,9663.865234375,59100.0,9009.0087890625,16471.2421875,21805.5703125,30250.0,41200.0,14682.5400390625,94400.0,21350.0,14583.9365234375,22075.0,78846.15625,70000.0,14717.4287109375,25200.0,25300.0,16800.0,29400.0,2166.10009765625
2024-03-13,18502.099609375,69200.0,40686.7578125,44000.0,24302.2890625,80426.1875,75195.125,32300.0,14843.0869140625,21212.12109375,13662.1416015625,80900.0,48550.0,37100.0,9747.8994140625,59600.0,9208.3232421875,16507.763671875,22796.732421875,30850.0,42000.0,15079.365234375,96000.0,21475.0,15097.4560546875,22500.0,78615.3828125,70800.0,15114.125,25900.0,25300.0,17090.0,30220.0,2180.800048828125
2024-03-14,18234.4375,67900.0,39990.59765625,43650.0,23818.31640625,80426.1875,77098.796875,32800.0,14746.7041015625,20902.203125,13433.0068359375,78900.0,47250.0,37350.0,9747.8994140625,58700.0,9128.59765625,16507.763671875,22736.662109375,30450.0,41400.0,14880.9521484375,95000.0,21450.0,14857.8134765625,22975.0,78461.5390625,70500.0,14915.7763671875,25900.0,25300.0,16950.0,30080.0,2167.5
2024-03-15,18301.353515625,67500.0,40377.3515625,43100.0,24025.732421875,79738.7890625,78336.1875,34600.0,14778.83203125,20730.02734375,13633.4990234375,78500.0,47350.0,37650.0,9621.8486328125,58000.0,9088.734375,16507.763671875,22706.626953125,30500.0,41400.0,14920.634765625,94000.0,21200.0,15405.5673828125,22200.0,79000.0,68800.0,14796.767578125,25750.0,25300.0,17000.0,30050.0,2161.5
2024-03-18,18000.234375,64600.0,40222.6484375,42000.0,23023.220703125,77676.578125,76337.328125,32550.0,14329.041015625,20385.67578125,13289.7978515625,77900.0,45900.0,36500.0,9495.7978515625,56700.0,8889.419921875,16398.19921875,22015.81640625,30250.0,40100.0,14523.8095703125,93000.0,21050.0,15234.3935546875,23050.0,78307.6953125,67900.0,14439.7412109375,27550.0,25300.0,16700.0,29000.0,2164.300048828125
2024-03-19,17966.77734375,64400.0,39913.24609375,42000.0,23023.220703125,76989.171875,75861.4140625,32550.0,14361.1689453125,20523.416015625,13289.7978515625,77400.0,45500.0,37450.0,9453.78125,56900.0,8929.283203125,16398.19921875,21715.46484375,30400.0,40300.0,14444.4443359375,92500.0,21450.0,15131.6904296875,23500.0,77692.3046875,67800.0,14400.0712890625,26750.0,25300.0,16700.0,28900.0,2159.699951171875
2024-03-20,18401.7265625,65000.0,40996.1640625,42250.0,23749.177734375,78707.6796875,77098.796875,32800.0,14521.80859375,20661.15625,13833.9921875,77300.0,48000.0,37450.0,9579.83203125,56900.0,9048.8720703125,16471.2421875,22346.203125,31150.0,42300.0,14761.904296875,93200.0,21250.0,16158.7275390625,23250.0,77846.15625,68000.0,14796.767578125,26350.0,25300.0,16940.0,29880.0,2161.0
2024-03-21,18736.302734375,65700.0,40996.1640625,42800.0,24129.44140625,79876.265625,77098.796875,33250.0,15357.1337890625,20833.333984375,14177.693359375,78000.0,48500.0,38450.0,9579.83203125,57200.0,9128.59765625,16471.2421875,22616.521484375,31500.0,45100.0,14880.9521484375,95200.0,21450.0,16638.01171875,23250.0,78923.078125,68400.0,14876.107421875,26950.0,25300.0,17120.0,30250.0,2184.699951171875
2024-03-22,18836.67578125,65700.0,41924.37890625,42500.0,24682.552734375,78982.640625,76622.8828125,33250.0,15292.8779296875,21039.9453125,14349.544921875,78500.0,49100.0,38000.0,9663.865234375,57300.0,9208.3232421875,16325.1552734375,22706.626953125,31650.0,44900.0,14880.9521484375,96400.0,21400.0,16569.54296875,23300.0,78615.3828125,67800.0,14915.7763671875,26700.0,25300.0,17250.0,30260.0,2160.0
2024-03-25,18401.7265625,65100.0,40996.1640625,42800.0,23991.1640625,78363.9765625,76527.6953125,31900.0,15132.23828125,20798.8984375,14149.0517578125,75500.0,48300.0,37400.0,9579.83203125,57000.0,9128.59765625,16142.546875,22526.416015625,30850.0,44800.0,15079.365234375,95700.0,21275.0,16398.37109375,23425.0,77461.5390625,67300.0,14995.1162109375,26050.0,25300.0,17120.0,30170.0,2176.39990234375
2024-03-26,18702.845703125,65100.0,40996.1640625,42900.0,24336.857421875,79051.3828125,76813.25,33900.0,15549.9013671875,21039.9453125,14464.1123046875,74000.0,48650.0,38000.0,9621.8486328125,56900.0,9168.4609375,16288.6337890625,22826.767578125,31000.0,45950.0,15198.4130859375,96300.0,21375.0,16672.24609375,23525.0,78384.6171875,67700.0,15550.490234375,26400.0,25300.0,17300.0,30450.0,2177.199951171875
2024-03-27,18736.302734375,65200.0,40609.40625,43300.0,24544.2734375,79188.8671875,76432.515625,33400.0,15517.7734375,21074.380859375,14492.75390625,75400.0,50700.0,38000.0,9621.8486328125,57500.0,9168.4609375,16215.5908203125,23127.119140625,30900.0,45550.0,15238.095703125,95800.0,21250.0,16569.54296875,23525.0,79230.765625,67700.0,15550.490234375,25950.0,25300.0,17300.0,30840.0,2190.60009765625
2024-03-28,18970.5078125,65300.0,40686.7578125,43300.0,24717.12109375,80494.9296875,76432.515625,33050.0,15582.029296875,21039.9453125,14607.3212890625,76000.0,51000.0,37550.0,9621.8486328125,57200.0,9248.1865234375,16215.5908203125,23517.578125,32000.0,48000.0,15158.73046875,95700.0,21650.0,16603.77734375,23800.0,79384.6171875,67700.0,15590.16015625,25650.0,25300.0,17500.0,30850.0,2217.39990234375
2024-03-29,19070.880859375,64900.0,40300.0,42750.0,24578.84375,80082.4921875,76337.328125,33150.0,15485.6455078125,20833.333984375,14550.037109375,74200.0,51100.0,37300.0,9579.83203125,56700.0,9088.734375,16142.546875,23127.119140625,31600.0,47550.0,15158.73046875,94900.0,21425.0,16843.419921875,23825.0,79230.765625,67600.0,15669.4990234375,25850.0,25300.0,17450.0,31380.0,2217.39990234375
2024-04-01,19070.880859375,64300.0,40300.0,42400.0,24198.580078125,80288.7109375,76718.0625,32950.0,15421.3896484375,20730.02734375,14263.619140625,73400.0,51400.0,37450.0,9537.8154296875,56800.0,9088.734375,16142.546875,23307.330078125,31400.0,47450.0,14880.9521484375,95200.0,21450.0,16843.419921875,23925.0,79000.0,67000.0,15590.16015625,25700.0,25300.0,17430.0,31150.0,2257.10009765625
2024-04-02,19003.96484375,65400.0,40145.296875,42400.0,24198.580078125,80426.1875,78526.5546875,35250.0,15357.1337890625,20936.638671875,14206.3359375,74500.0,51600.0,37900.0,9705.8828125,56400.0,9088.734375,16106.025390625,23367.40234375,30200.0,47650.0,14960.3173828125,94500.0,21575.0,16501.07421875,23900.0,79230.765625,67300.0,15510.8212890625,25550.0,25300.0,17430.0,30900.0,2281.800048828125
2024-04-03,18736.302734375,64400.0,39449.13671875,42300.0,23541.76171875,79120.125,77860.2734375,34250.0,15035.8544921875,20626.72265625,13862.6337890625,73400.0,50200.0,37600.0,9579.83203125,56000.0,8969.146484375,16069.50390625,22856.802734375,30100.0,46800.0,14682.5400390625,93800.0,21550.0,16124.4931640625,23875.0,78615.3828125,66700.0,15352.142578125,25500.0,25300.0,17190.0,30540.0,2315.0
2024-04-04,18435.18359375,63500.0,39449.13671875,42100.0,23196.068359375,78363.9765625,77574.71875,33100.0,15003.7265625,20385.67578125,13633.4990234375,73400.0,50700.0,37150.0,9495.7978515625,56500.0,8929.283203125,16069.50390625,22616.521484375,29700.0,46000.0,14603.1748046875,96000.0,21500.0,15884.8515625,23925.0,78615.3828125,68200.0,15312.47265625,25300.0,25300.0,17100.0,30310.0,2308.5
2024-04-05,18167.5234375,62600.0,38830.328125,41700.0,22954.08203125,78157.7578125,77003.6171875,31500.0,15003.7265625,20282.369140625,13375.7236328125,71900.0,51000.0,37150.0,9453.78125,56100.0,8889.419921875,16032.982421875,22105.921875,29600.0,45200.0,14444.4443359375,94900.0,21475.0,15542.5048828125,23900.0,78384.6171875,67900.0,15431.4814453125,24700.0,25300.0,16920.0,30140.0,2345.39990234375
2024-04-08,18167.5234375,62000.0,39294.43359375,41550.0,23161.498046875,77401.6171875,75956.59375,31700.0,15357.1337890625,20385.67578125,13461.6484375,71900.0,50000.0,37050.0,9411.7646484375,55300.0,8849.5576171875,15996.4609375,22045.8515625,29000.0,45500.0,14484.126953125,94900.0,21500.0,15542.5048828125,23850.0,77769.234375,67000.0,15391.8125,23600.0,25300.0,17050.0,29860.0,2351.0
2024-04-09,18267.896484375,61800.0,40764.109375,41550.0,23680.0390625,77676.578125,76051.78125,32300.0,15389.26171875,20592.287109375,13748.06640625,73500.0,52800.0,37150.0,9495.7978515625,55000.0,8929.283203125,15996.4609375,22526.416015625,29150.0,45800.0,14761.904296875,94300.0,21600.0,15782.1474609375,23850.0,78615.3828125,67000.0,15352.142578125,24200.0,25300.0,16980.0,30300.0,2362.39990234375
2024-04-10,18134.064453125,61300.0,40222.6484375,41550.0,23265.20703125,78226.5,75385.4921875,31650.0,15389.26171875,20420.109375,13633.4990234375,72500.0,52000.0,36600.0,9495.7978515625,55300.0,8929.283203125,16069.50390625,22196.02734375,29100.0,45650.0,14563.4921875,94500.0,22100.0,15679.443359375,24250.0,78461.5390625,66800.0,15352.142578125,24250.0,25300.0,16950.0,30320.0,2348.39990234375
2024-04-11,18167.5234375,60300.0,40996.1640625,41450.0,23299.775390625,78982.640625,75004.7578125,31900.0,15421.3896484375,20592.287109375,13604.857421875,71800.0,52300.0,36300.0,9411.7646484375,55400.0,8849.5576171875,16106.025390625,22316.16796875,28850.0,45100.0,14563.4921875,94000.0,22075.0,15679.443359375,24150.0,77692.3046875,66600.0,15352.142578125,23900.0,25300.0,17090.0,30310.0,2372.699951171875
2024-04-12,18736.302734375,61000.0,41305.56640625,41900.0,24820.830078125,79395.0859375,75861.4140625,32000.0,15614.1572265625,20626.72265625,14120.41015625,71900.0,52000.0,36850.0,9453.78125,56000.0,9009.0087890625,16507.763671875,22556.451171875,29100.0,47400.0,14841.26953125,94600.0,22250.0,16158.7275390625,24225.0,82307.6953125,66700.0,15629.830078125,24150.0,25300.0,17220.0,30940.0,2374.10009765625
2024-04-15,17966.77734375,56800.0,38443.5703125,39700.0,23126.9296875,76714.2109375,72339.6171875,29800.0,15100.1103515625,19628.099609375,13404.365234375,66900.0,49900.0,36000.0,9369.748046875,55000.0,9048.8720703125,16325.1552734375,20994.619140625,27500.0,44400.0,13888.888671875,92000.0,21200.0,15405.5673828125,23500.0,81461.5390625,64900.0,14757.0986328125,22500.0,25300.0,16500.0,30000.0,2383.0
2024-04-16,18167.5234375,55600.0,38907.6796875,39350.0,23541.76171875,77676.578125,72339.6171875,30350.0,15100.1103515625,19524.79296875,13690.783203125,66100.0,49900.0,35950.0,9159.6640625,54800.0,9168.4609375,16179.0693359375,21144.794921875,27300.0,45500.0,13968.25390625,91000.0,21350.0,15439.8017578125,23200.0,81538.4609375,64000.0,14876.107421875,22200.0,25300.0,16420.0,29570.0,2407.800048828125
2024-04-17,17899.861328125,54300.0,37205.953125,38600.0,22608.388671875,76851.6953125,71482.9609375,28650.0,14778.83203125,19283.74609375,13232.5146484375,66800.0,49400.0,35300.0,9201.6806640625,54000.0,8849.5576171875,16215.5908203125,20664.232421875,26800.0,44850.0,13492.0634765625,90500.0,20900.0,14720.875,22500.0,79538.4609375,64200.0,14400.0712890625,22000.0,25300.0,16260.0,29180.0,2388.39990234375
2024-04-18,17899.861328125,54300.0,37205.953125,38600.0,22608.388671875,76851.6953125,71482.9609375,28650.0,14778.83203125,19283.74609375,13232.5146484375,66800.0,49400.0,35300.0,9201.6806640625,54000.0,8849.5576171875,16215.5908203125,20664.232421875,26800.0,44850.0,13492.0634765625,90500.0,20900.0,14720.875,22500.0,79538.4609375,64200.0,14400.0712890625,22000.0,25300.0,16260.0,29180.0,2398.0
2024-04-19,17799.48828125,51600.0,37399.328125,38500.0,21847.861328125,74926.9609375,71387.78125,28100.0,14296.9130859375,19146.005859375,13003.3798828125,66500.0,48200.0,34650.0,8907.5634765625,52500.0,8889.419921875,16142.546875,19943.38671875,26800.0,44500.0,13174.603515625,90500.0,20750.0,14446.998046875,21300.0,79461.5390625,64200.0,14360.40234375,21300.0,25300.0,15950.0,28800.0,2413.800048828125
2024-04-22,17933.318359375,52700.0,38752.9765625,39600.0,22331.83203125,75820.5859375,71387.78125,28700.0,14393.296875,19283.74609375,12946.095703125,66900.0,48600.0,34650.0,8949.580078125,53200.0,8969.146484375,16179.0693359375,21084.724609375,27650.0,45250.0,13888.888671875,90600.0,20725.0,14515.4677734375,21000.0,79461.5390625,64000.0,14519.080078125,22400.0,25300.0,16100.0,29010.0,2346.39990234375
2024-04-23,17832.9453125,50500.0,38211.515625,39250.0,21778.72265625,77195.390625,70626.3125,27600.0,14264.78515625,19008.263671875,12602.39453125,64700.0,49800.0,35000.0,8781.5126953125,53000.0,8729.96875,16069.50390625,20724.302734375,27800.0,46200.0,13690.4765625,90100.0,20100.0,14378.529296875,20500.0,79076.921875,63500.0,14598.419921875,21900.0,25300.0,16150.0,29050.0,2342.10009765625
2024-04-24,18100.607421875,52300.0,38675.625,39600.0,22781.234375,82557.140625,71007.046875,29500.0,14393.296875,19834.7109375,12917.4541015625,66900.0,52300.0,35250.0,8949.580078125,53600.0,8929.283203125,16142.546875,21415.111328125,28600.0,47000.0,14285.7138671875,90600.0,20300.0,14652.40625,20800.0,79615.3828125,64000.0,14757.0986328125,22550.0,25300.0,16350.0,29980.0,2338.39990234375
2024-04-25,17933.318359375,52500.0,38366.21875,39300.0,22815.8046875,84688.09375,70435.9375,29400.0,14457.552734375,19662.53515625,12745.603515625,68100.0,53800.0,35100.0,8865.5458984375,54400.0,8849.5576171875,16069.50390625,21234.900390625,28450.0,46150.0,14246.0322265625,91000.0,20350.0,14481.2333984375,21000.0,79615.3828125,64700.0,14757.0986328125,22550.0,25300.0,16410.0,30000.0,2342.5
2024-04-26,17966.77734375,52400.0,38056.81640625,39450.0,22677.52734375,84688.09375,69960.0234375,30000.0,15164.3662109375,19559.228515625,12745.603515625,67200.0,54900.0,35700.0,8823.529296875,54400.0,9128.59765625,16069.50390625,21144.794921875,28200.0,46600.0,14206.349609375,91200.0,20400.0,14446.998046875,22225.0,80000.0,65000.0,14717.4287109375,22450.0,25300.0,16520.0,30750.0,2347.199951171875
2024-04-29,17966.77734375,52400.0,38056.81640625,39450.0,22677.52734375,84688.09375,69960.0234375,30000.0,15164.3662109375,19559.228515625,12745.603515625,67200.0,54900.0,35700.0,8823.529296875,54400.0,9128.59765625,16069.50390625,21144.794921875,28200.0,46600.0,14206.349609375,91200.0,20400.0,14446.998046875,22225.0,80000.0,65000.0,14717.4287109375,22450.0,25300.0,16520.0,30750.0,2357.699951171875
2024-04-30,17966.77734375,52400.0,38056.81640625,39450.0,22677.52734375,84688.09375,69960.0234375,30000.0,15164.3662109375,19559.228515625,12745.603515625,67200.0,54900.0,35700.0,8823.529296875,54400.0,9128.59765625,16069.50390625,21144.794921875,28200.0,46600.0,14206.349609375,91200.0,20400.0,14446.998046875,22225.0,80000.0,65000.0,14717.4287109375,22450.0,25300.0,16520.0,30750.0,2302.89990234375
2024-05-01,17966.77734375,52400.0,38056.81640625,39450.0,22677.52734375,84688.09375,69960.0234375,30000.0,15164.3662109375,19559.228515625,12745.603515625,67200.0,54900.0,35700.0,8823.529296875,54400.0,9128.59765625,16069.50390625,21144.794921875,28200.0,46600.0,14206.349609375,91200.0,20400.0,14446.998046875,22225.0,80000.0,65000.0,14717.4287109375,22450.0,25300.0,16520.0,30750.0,2311.0
2024-05-02,18067.150390625,54000.0,38056.81640625,40100.0,22366.40234375,87506.4453125,70340.7578125,30000.0,15196.494140625,19524.79296875,12831.529296875,68000.0,55600.0,35800.0,9327.7314453125,56600.0,9327.912109375,16032.982421875,20844.443359375,27600.0,46850.0,14007.9365234375,91900.0,20575.0,14652.40625,22200.0,79923.078125,65400.0,14519.080078125,22750.0,25300.0,16540.0,30900.0,2309.60009765625
2024-05-03,18401.7265625,53800.0,38056.81640625,40000.0,22400.970703125,86544.078125,70626.3125,29400.0,15710.5400390625,19731.404296875,12831.529296875,69800.0,55700.0,36000.0,9201.6806640625,56700.0,9248.1865234375,15996.4609375,20814.408203125,27550.0,48200.0,13888.888671875,92500.0,20550.0,14515.4677734375,22225.0,81538.4609375,65600.0,14598.419921875,23400.0,25300.0,16650.0,31000.0,2308.60009765625
2024-05-06,18468.642578125,55100.0,39062.3828125,40550.0,22954.08203125,87712.6640625,71197.4140625,31200.0,15614.1572265625,20179.0625,13117.947265625,71100.0,58300.0,36700.0,9327.7314453125,57000.0,9367.7744140625,16069.50390625,21415.111328125,28100.0,48350.0,14126.984375,93000.0,20575.0,14857.8134765625,22375.0,87230.765625,65800.0,14876.107421875,23350.0,25300.0,16920.0,31240.0,2331.199951171875
2024-05-07,18502.099609375,54800.0,38675.625,41400.0,22677.52734375,90256.0546875,72625.1640625,31450.0,15614.1572265625,20764.462890625,13032.021484375,71200.0,59300.0,38700.0,9327.7314453125,57700.0,9288.048828125,16106.025390625,21355.041015625,28300.0,47900.0,14087.3017578125,92900.0,20525.0,14857.8134765625,22500.0,91230.765625,68000.0,14915.7763671875,23350.0,25300.0,17000.0,31350.0,2324.199951171875
2024-05-08,18435.18359375,54500.0,38520.921875,41100.0,22539.25,90049.8359375,73672.1875,31700.0,15485.6455078125,21143.25,12917.4541015625,72300.0,59100.0,40000.0,9369.748046875,58900.0,9487.36328125,15996.4609375,21415.111328125,27950.0,48200.0,14087.3017578125,93000.0,20450.0,14755.109375,22700.0,90307.6953125,67900.0,14717.4287109375,23200.0,25300.0,17000.0,31300.0,2322.300048828125
2024-05-09,18468.642578125,58000.0,38288.8671875,40950.0,22746.666015625,89568.65625,72434.796875,31750.0,15228.6220703125,20971.07421875,12974.73828125,71400.0,58900.0,40200.0,9327.7314453125,57600.0,9367.7744140625,16032.982421875,21144.794921875,27800.0,48450.0,14404.76171875,92500.0,20475.0,14789.3447265625,22700.0,90692.3046875,66600.0,14876.107421875,22850.0,25300.0,17000.0,31390.0,2340.300048828125
2024-05-10,18535.556640625,57000.0,37940.7890625,40700.0,22712.095703125,90049.8359375,71863.6953125,31650.0,15228.6220703125,20971.07421875,12946.095703125,70800.0,58900.0,40100.0,9201.6806640625,57600.0,9248.1865234375,15886.896484375,21294.970703125,27600.0,48500.0,14365.0791015625,92000.0,20175.0,14755.109375,22500.0,89923.078125,66500.0,14677.7587890625,22500.0,25300.0,17000.0,31380.0,2375.0
2024-05-13,18535.556640625,56200.0,37592.70703125,40450.0,22331.83203125,89156.2109375,71578.1484375,32000.0,14939.470703125,20798.8984375,12974.73828125,70800.0,58300.0,39850.0,9243.697265625,56900.0,9288.048828125,15886.896484375,21385.076171875,27250.0,48400.0,14285.7138671875,91000.0,20050.0,14618.1708984375,22500.0,91384.6171875,65800.0,14915.7763671875,22250.0,25300.0,16930.0,31200.0,2343.0
2024-05-14,18569.015625,58400.0,37205.953125,40400.0,22331.83203125,89706.1328125,71578.1484375,32500.0,14971.5986328125,20798.8984375,13089.3046875,70600.0,60100.0,37500.0,9201.6806640625,57100.0,9248.1865234375,15850.3740234375,21325.005859375,27250.0,47900.0,14285.7138671875,90600.0,20075.0,14892.0478515625,23025.0,90000.0,66500.0,15153.7939453125,22250.0,25300.0,16990.0,31300.0,2359.89990234375
2024-05-15,18535.556640625,58600.0,37592.70703125,40550.0,22366.40234375,92180.7890625,71863.6953125,32750.0,15100.1103515625,21487.603515625,13117.947265625,72200.0,60800.0,38200.0,9243.697265625,57600.0,9248.1865234375,15886.896484375,21595.32421875,27800.0,48100.0,14246.0322265625,91000.0,20125.0,14960.517578125,23175.0,90230.765625,67000.0,15114.125,22350.0,25300.0,17170.0,31470.0,2394.89990234375
2024-05-16,18903.591796875,58100.0,38366.21875,40800.0,22954.08203125,93074.4140625,72244.4296875,32550.0,15549.9013671875,21763.0859375,13404.365234375,72400.0,59900.0,38200.0,9369.748046875,57500.0,9447.5009765625,16142.546875,21685.4296875,28400.0,49900.0,14563.4921875,92600.0,20125.0,15268.62890625,23375.0,90384.6171875,67200.0,15391.8125,22650.0,25300.0,17420.0,32050.0,2385.5
2024-05-17,18903.591796875,58800.0,38172.84375,40850.0,22884.943359375,92455.75,72054.0625,33350.0,15614.1572265625,21763.0859375,13318.439453125,75500.0,59600.0,37950.0,9453.78125,58100.0,9567.0888671875,16069.50390625,21865.640625,28500.0,49750.0,14603.1748046875,91800.0,20425.0,15268.62890625,23425.0,90307.6953125,67000.0,15391.8125,23100.0,25300.0,17500.0,32200.0,2417.39990234375
2024-05-20,18903.591796875,62900.0,38366.21875,42350.0,23057.791015625,91424.640625,72339.6171875,33600.0,15967.5634765625,22038.568359375,13433.0068359375,76400.0,60000.0,38000.0,9537.8154296875,57800.0,9447.5009765625,16069.50390625,22015.81640625,28300.0,49700.0,14642.857421875,91900.0,20225.0,15405.5673828125,23350.0,88153.84375,66400.0,15709.1689453125,22850.0,25300.0,17580.0,32060.0,2438.5
2024-05-21,18870.134765625,64300.0,38675.625,42150.0,23265.20703125,93486.8515625,73005.8984375,33350.0,15871.1796875,21935.26171875,13518.9326171875,75800.0,60500.0,37500.0,9495.7978515625,58000.0,9447.5009765625,16032.982421875,22105.921875,28300.0,47200.0,14563.4921875,91100.0,20100.0,15474.0361328125,23225.0,86538.4609375,66200.0,15709.1689453125,23150.0,25300.0,17500.0,32150.0,2425.89990234375
2024-05-22,18702.845703125,63100.0,38520.921875,41700.0,22815.8046875,94861.65625,72910.71875,32800.0,15646.28515625,21556.474609375,13289.7978515625,73900.0,61000.0,37700.0,9537.8154296875,57500.0,9288.048828125,15996.4609375,21895.67578125,28000.0,46400.0,14404.76171875,90700.0,20175.0,15200.1591796875,22750.0,83923.078125,65800.0,14519.080078125,23150.0,25300.0,17450.0,32060.0,2392.89990234375
2024-05-23,19037.421875,64200.0,38288.8671875,44600.0,22988.650390625,94517.9609375,76051.78125,33400.0,15871.1796875,22348.484375,13060.6630859375,75800.0,62000.0,40300.0,9705.8828125,59500.0,9367.7744140625,16032.982421875,22045.8515625,28550.0,46500.0,14523.8095703125,91000.0,20275.0,15234.3935546875,22775.0,85692.3046875,67000.0,14677.7587890625,23000.0,25300.0,17500.0,32200.0,2337.199951171875
2024-05-24,19572.74609375,61500.0,38056.81640625,44600.0,22470.109375,90668.5,75195.125,34250.0,15549.9013671875,21893.939453125,12860.1708984375,73500.0,60500.0,41000.0,9537.8154296875,58000.0,9208.3232421875,15959.939453125,21174.830078125,28700.0,46400.0,14087.3017578125,90200.0,19900.0,15063.220703125,22475.0,83076.921875,66000.0,14281.0625,22300.0,25300.0,17490.0,31780.0,2334.5
2024-05-27,19706.576171875,62100.0,37824.76171875,46400.0,22400.970703125,91287.1640625,77098.796875,35250.0,15292.8779296875,21893.939453125,12860.1708984375,73500.0,60000.0,41300.0,10168.0673828125,58500.0,9248.1865234375,15813.8525390625,21084.724609375,28700.0,46500.0,14047.619140625,90200.0,19900.0,15063.220703125,22525.0,83846.15625,66100.0,14281.0625,22300.0,25300.0,17490.0,31650.0,2334.5
2024-05-28,19840.40625,62700.0,37979.46484375,47000.0,22262.693359375,94174.2578125,77955.453125,35600.0,15517.7734375,22083.333984375,12946.095703125,75500.0,61500.0,41550.0,10462.1845703125,61000.0,9327.912109375,15813.8525390625,21385.076171875,28850.0,46900.0,14166.6669921875,90700.0,19975.0,15268.62890625,22525.0,84307.6953125,66800.0,14320.732421875,22450.0,25300.0,17550.0,32000.0,2356.5
2024-05-29,19572.74609375,61900.0,37592.70703125,45600.0,21882.4296875,93280.6328125,78241.0078125,34900.0,15067.982421875,21666.666015625,12774.2451171875,75000.0,60500.0,41500.0,10546.21875,60500.0,9208.3232421875,15777.3310546875,21144.794921875,28250.0,46500.0,14047.619140625,89800.0,19725.0,14994.751953125,22200.0,83000.0,66300.0,14320.732421875,22150.0,25300.0,17500.0,31970.0,2341.199951171875
2024-05-30,19673.119140625,61000.0,36896.546875,45000.0,21986.138671875,92799.453125,77193.984375,36000.0,14843.0869140625,21401.515625,12516.46875,77200.0,62800.0,41350.0,10756.302734375,59300.0,9088.734375,15704.2880859375,20934.548828125,27850.0,46800.0,14047.619140625,88600.0,19500.0,15063.220703125,21575.0,82307.6953125,65700.0,14241.3935546875,21600.0,25300.0,17490.0,31600.0,2342.89990234375
2024-05-31,18968.833984375,60800.0,36432.4375,44850.0,22055.27734375,92524.4921875,76242.1484375,35150.0,14939.470703125,21666.666015625,12459.185546875,76600.0,63600.0,41000.0,10588.2353515625,58300.0,9088.734375,15704.2880859375,20844.443359375,27850.0,47000.0,14007.9365234375,87200.0,19425.0,14892.0478515625,21775.0,82384.6171875,65400.0,14281.0625,21750.0,25300.0,17440.0,31700.0,2322.89990234375
2024-06-03,18968.833984375,60800.0,36432.4375,44850.0,22055.27734375,92524.4921875,76242.1484375,35150.0,14939.470703125,21666.666015625,12459.185546875,76600.0,63600.0,41000.0,10588.2353515625,58300.0,9088.734375,15704.2880859375,20844.443359375,27850.0,47000.0,14007.9365234375,87200.0,19425.0,14892.0478515625,21775.0,82384.6171875,65400.0,14281.0625,21750.0,25300.0,17600.0,32140.0,2369.300048828125
2024-06-04,18853.404296875,62300.0,36819.1953125,45850.0,22677.52734375,95617.8046875,76908.4296875,35100.0,15389.26171875,22196.96875,12888.8125,77500.0,63800.0,41700.0,11764.7060546875,61400.0,9208.3232421875,15777.3310546875,21264.935546875,29950.0,47600.0,14325.396484375,88700.0,19700.0,15337.09765625,22050.0,83384.6171875,66000.0,14439.7412109375,22100.0,25300.0,17610.0,32270.0,2347.39990234375
2024-06-05,18737.9765625,63600.0,36857.87109375,47250.0,22400.970703125,96305.2109375,76718.0625,35150.0,15228.6220703125,22159.091796875,12716.9619140625,78100.0,62000.0,41850.0,11554.6220703125,65600.0,9208.3232421875,15850.3740234375,21264.935546875,29600.0,47500.0,14285.7138671875,88800.0,19650.0,15337.09765625,22100.0,83076.921875,68500.0,14360.40234375,22500.0,25300.0,17660.0,32220.0,2375.5
2024-06-06,18737.9765625,64600.0,37051.25,46500.0,22539.25,95961.5078125,76432.515625,34800.0,15228.6220703125,22196.96875,12802.88671875,78100.0,61900.0,41900.0,11386.5546875,65500.0,9447.5009765625,15850.3740234375,21264.935546875,30700.0,48000.0,14484.126953125,89000.0,19525.0,15337.09765625,21850.0,83538.4609375,67200.0,14360.40234375,22500.0,25300.0,17650.0,32130.0,2390.89990234375
2024-06-07,18930.357421875,64600.0,36935.22265625,46400.0,22677.52734375,97611.2734375,76432.515625,35000.0,15228.6220703125,22196.96875,12860.1708984375,77600.0,62100.0,41500.0,11722.689453125,67900.0,9407.6376953125,15813.8525390625,21294.970703125,30750.0,49100.0,14365.0791015625,88500.0,19500.0,15337.09765625,21750.0,83846.15625,67800.0,14281.0625,22200.0,25300.0,17700.0,32300.0,2325.0
2024-06-10,18776.453125,63300.0,36857.87109375,46300.0,23161.498046875,98986.078125,76432.515625,36200.0,15357.1337890625,22196.96875,12974.73828125,77100.0,63000.0,41950.0,11470.587890625,67700.0,9367.7744140625,15813.8525390625,21234.900390625,31100.0,48900.0,14563.4921875,88000.0,19450.0,15439.8017578125,21725.0,83846.15625,67200.0,14320.732421875,22100.0,25300.0,17740.0,32560.0,2327.0
2024-06-11,18584.0703125,62900.0,36625.81640625,45650.0,22954.08203125,100704.5859375,76432.515625,35600.0,15132.23828125,22045.455078125,12917.4541015625,75800.0,62300.0,43200.0,11890.755859375,67600.0,9288.048828125,15740.8095703125,21505.216796875,31200.0,24675.0,14444.4443359375,87200.0,19075.0,15679.443359375,21600.0,81384.6171875,66500.0,14519.080078125,21700.0,25300.0,17740.0,32590.0,2326.60009765625
2024-06-12,18891.880859375,64200.0,37051.25,46200.0,23161.498046875,104347.828125,76527.6953125,35750.0,15421.3896484375,22424.2421875,13232.5146484375,77800.0,63400.0,43100.0,11764.7060546875,67000.0,9407.6376953125,15777.3310546875,21985.78125,31350.0,24700.0,14642.857421875,88700.0,19250.0,15713.6787109375,21650.0,81769.234375,67000.0,15391.8125,21850.0,25300.0,18000.0,33230.0,2354.800048828125
2024-06-13,19084.263671875,64400.0,37399.328125,45750.0,23438.052734375,102766.796875,76337.328125,35350.0,15485.6455078125,22348.484375,13490.2900390625,78600.0,64000.0,42200.0,11890.755859375,65600.0,9567.0888671875,15850.3740234375,21925.7109375,31650.0,24700.0,15079.365234375,88400.0,19125.0,15679.443359375,21600.0,81538.4609375,66900.0,15431.4814453125,21700.0,25300.0,18090.0,33400.0,2318.0
2024-06-14,18930.357421875,62800.0,36741.84375,44500.0,22677.52734375,103557.3125,75195.125,33000.0,15389.26171875,22045.455078125,13232.5146484375,78000.0,63000.0,40500.0,11554.6220703125,63400.0,9327.912109375,16069.50390625,21685.4296875,30550.0,24550.0,14801.5869140625,87500.0,19100.0,15405.5673828125,21000.0,80615.3828125,66200.0,14836.4375,21450.0,25300.0,17990.0,33390.0,2349.10009765625
2024-06-17,18891.880859375,61900.0,35968.33203125,44300.0,22642.95703125,101818.1796875,73862.5546875,33350.0,15132.23828125,22310.60546875,13318.439453125,76200.0,62000.0,39900.0,11722.689453125,63600.0,9288.048828125,16361.6767578125,21565.2890625,30500.0,24300.0,14722.22265625,87100.0,19150.0,15097.4560546875,21000.0,80615.3828125,66000.0,14876.107421875,21150.0,25300.0,17710.0,32660.0,2329.0
2024-06-18,18891.880859375,62600.0,35968.33203125,45400.0,22366.40234375,101185.7734375,74243.2890625,33950.0,15228.6220703125,22272.7265625,13318.439453125,76200.0,62200.0,41000.0,12521.0087890625,63600.0,9248.1865234375,16580.806640625,21685.4296875,30550.0,24400.0,14761.904296875,87100.0,19150.0,15097.4560546875,21050.0,80461.5390625,65900.0,14757.0986328125,21100.0,25300.0,17840.0,32700.0,2346.89990234375
2024-06-19,18968.833984375,62700.0,35658.92578125,45800.0,22470.109375,103952.5703125,74433.65625,33600.0,15228.6220703125,22234.84765625,13347.0810546875,75600.0,63300.0,41500.0,12563.025390625,62000.0,9248.1865234375,16726.892578125,21745.5,30900.0,24150.0,14722.22265625,86600.0,19000.0,15063.220703125,20750.0,79461.5390625,65300.0,15074.455078125,20650.0,25300.0,17830.0,32920.0,2346.89990234375
2024-06-20,19084.263671875,64000.0,35194.8203125,45250.0,22262.693359375,105375.4921875,74243.2890625,34000.0,15164.3662109375,22234.84765625,13318.439453125,75800.0,63500.0,41300.0,12689.0751953125,62100.0,9248.1865234375,16982.544921875,21565.2890625,30750.0,24800.0,14484.126953125,86000.0,19000.0,15063.220703125,20725.0,79846.15625,66000.0,15629.830078125,20250.0,25300.0,17950.0,33330.0,2369.0
2024-06-21,18891.880859375,64000.0,35272.171875,45150.0,22262.693359375,107588.9296875,74148.109375,34550.0,14875.21484375,22007.576171875,13289.7978515625,76200.0,63500.0,42300.0,12352.94140625,61500.0,9208.3232421875,17347.759765625,21325.005859375,30650.0,24500.0,14365.0791015625,86000.0,18875.0,14926.2822265625,20825.0,78846.15625,66000.0,15550.490234375,20000.0,25300.0,17890.0,33090.0,2331.199951171875
2024-06-24,18545.59375,61900.0,34808.0625,44500.0,21882.4296875,104426.875,72815.53125,33000.0,14361.1689453125,21742.423828125,12974.73828125,73700.0,62000.0,40750.0,12605.0419921875,61500.0,9009.0087890625,16507.763671875,20784.373046875,29500.0,23950.0,13809.5234375,85500.0,18725.0,14583.9365234375,20550.0,78153.84375,65500.0,14955.4462890625,19950.0,25300.0,17410.0,32340.0,2344.39990234375
2024-06-25,18507.1171875,63000.0,34189.25390625,44800.0,21847.861328125,102766.796875,72625.1640625,33600.0,14521.80859375,21742.423828125,12946.095703125,73900.0,62000.0,41000.0,12605.0419921875,60600.0,9088.734375,15448.63671875,20754.337890625,29600.0,24000.0,13928.5712890625,85500.0,18900.0,14583.9365234375,20600.0,78153.84375,65500.0,15074.455078125,21300.0,25300.0,17430.0,32400.0,2330.800048828125
2024-06-26,18545.59375,66000.0,34421.3046875,44750.0,21640.4453125,104189.7265625,72815.53125,35950.0,14586.064453125,21893.939453125,12888.8125,74000.0,62600.0,42400.0,12857.142578125,60000.0,9048.8720703125,15448.63671875,20664.232421875,29500.0,24000.0,13928.5712890625,85200.0,18750.0,14549.7021484375,20600.0,78153.84375,65200.0,15074.455078125,20800.0,25300.0,17450.0,32190.0,2313.199951171875
2024-06-27,18430.166015625,65200.0,34111.90234375,46000.0,21640.4453125,104980.234375,72815.53125,36000.0,14746.7041015625,21856.060546875,12888.8125,74500.0,63400.0,41300.0,12394.9580078125,60600.0,9009.0087890625,15192.9853515625,20604.162109375,29200.0,23450.0,13849.2060546875,85200.0,18800.0,14481.2333984375,20500.0,78461.5390625,65300.0,15074.455078125,20400.0,25300.0,17700.0,32540.0,2336.60009765625
2024-06-28,18314.736328125,63800.0,33454.4140625,46000.0,21433.02734375,103162.0546875,72910.71875,34200.0,14778.83203125,21439.39453125,12716.9619140625,74700.0,62400.0,40900.0,12521.0087890625,60000.0,9088.734375,15192.9853515625,20393.9140625,28800.0,23350.0,13650.7939453125,85200.0,18825.0,14378.529296875,20600.0,78076.921875,65500.0,14796.767578125,20450.0,25300.0,17420.0,32200.0,2339.60009765625
2024-07-01,18314.736328125,63100.0,33957.19921875,46400.0,22124.416015625,101660.078125,73957.7421875,34300.0,14843.0869140625,21477.2734375,12860.1708984375,76000.0,65800.0,40800.0,12226.890625,60900.0,9248.1865234375,15229.5068359375,20363.87890625,29300.0,22650.0,13769.8408203125,86100.0,18850.0,14515.4677734375,20675.0,77461.5390625,66000.0,15074.455078125,21850.0,25300.0,17500.0,32240.0,2338.89990234375
2024-07-02,18507.1171875,63800.0,35388.1953125,47600.0,22331.83203125,101185.7734375,74433.65625,34600.0,15485.6455078125,21742.423828125,13003.3798828125,76300.0,66000.0,41350.0,12184.8740234375,61200.0,9367.7744140625,15266.029296875,20634.197265625,29600.0,22900.0,13849.2060546875,88200.0,19075.0,14652.40625,20800.0,77692.3046875,66200.0,15034.78515625,21700.0,25300.0,17530.0,32610.0,2333.39990234375
2024-07-03,18661.0234375,63900.0,36509.7890625,47000.0,22366.40234375,103557.3125,74433.65625,34600.0,15742.66796875,21780.302734375,13117.947265625,76500.0,65500.0,41850.0,12689.0751953125,61500.0,9367.7744140625,15302.55078125,20694.267578125,29900.0,23500.0,13928.5712890625,88500.0,19050.0,14618.1708984375,20675.0,77846.15625,66200.0,15074.455078125,21300.0,25300.0,17750.0,32700.0,2369.39990234375
2024-07-04,18584.0703125,63800.0,36587.140625,46850.0,22331.83203125,107351.78125,74433.65625,35000.0,15774.7958984375,21742.423828125,13060.6630859375,76800.0,65100.0,43900.0,12394.9580078125,61000.0,9327.912109375,15266.029296875,20664.232421875,29900.0,23500.0,14007.9365234375,88000.0,19225.0,14549.7021484375,20700.0,77846.15625,66400.0,15114.125,21250.0,25300.0,17780.0,33000.0,2369.39990234375
2024-07-05,18699.5,64000.0,36587.140625,46400.0,22608.388671875,109644.265625,74814.390625,35100.0,15678.4130859375,21704.544921875,13060.6630859375,76700.0,65600.0,43950.0,12268.9072265625,58000.0,9367.7744140625,15266.029296875,20814.408203125,30100.0,23500.0,14047.619140625,88000.0,19225.0,14515.4677734375,20700.0,78153.84375,67200.0,15193.4638671875,20800.0,25300.0,17760.0,33040.0,2397.699951171875
2024-07-08,18661.0234375,64600.0,36355.0859375,46300.0,22539.25,110355.734375,74909.578125,36500.0,15678.4130859375,21818.181640625,13003.3798828125,76200.0,67000.0,46500.0,12647.05859375,56400.0,9327.912109375,15229.5068359375,20754.337890625,30150.0,23450.0,14087.3017578125,87200.0,19000.0,14583.9365234375,20200.0,77923.078125,67600.0,15114.125,20300.0,25300.0,17840.0,33160.0,2363.5
2024-07-09,18699.5,66700.0,36741.84375,47500.0,22608.388671875,108695.6484375,75195.125,38000.0,16224.5869140625,21969.697265625,13261.15625,76500.0,66800.0,46000.0,12857.142578125,57300.0,9407.6376953125,15266.029296875,20814.408203125,30350.0,23350.0,14206.349609375,88100.0,19150.0,14652.40625,20400.0,78000.0,67500.0,15391.8125,20500.0,25300.0,18010.0,33500.0,2367.89990234375
2024-07-10,18661.0234375,65300.0,36277.734375,46600.0,22400.970703125,105928.8515625,74719.2109375,37000.0,16031.8193359375,21931.818359375,13347.0810546875,76800.0,65200.0,46550.0,12647.05859375,56400.0,9447.5009765625,15266.029296875,20634.197265625,29850.0,23150.0,14166.6669921875,88600.0,19125.0,14618.1708984375,20300.0,77692.3046875,66800.0,15233.1337890625,20550.0,25300.0,17840.0,33270.0,2379.699951171875
2024-07-11,18584.0703125,64700.0,36200.38671875,46100.0,22262.693359375,105138.34375,74433.65625,36950.0,16256.71484375,21856.060546875,13232.5146484375,75800.0,64800.0,46800.0,12689.0751953125,56300.0,9447.5009765625,15266.029296875,20904.513671875,29850.0,22800.0,14206.349609375,88100.0,19225.0,14583.9365234375,20550.0,77692.3046875,66300.0,15114.125,20700.0,25300.0,17820.0,33130.0,2421.89990234375
2024-07-12,18468.642578125,65000.0,36045.68359375,45500.0,22124.416015625,105770.75,74243.2890625,37900.0,15517.7734375,21590.908203125,13175.23046875,74800.0,64800.0,46300.0,12773.109375,56000.0,9447.5009765625,15192.9853515625,20694.267578125,29750.0,22800.0,14246.0322265625,87600.0,19250.0,14583.9365234375,20875.0,78461.5390625,66300.0,15074.455078125,20750.0,25300.0,17800.0,33020.0,2420.699951171875
2024-07-15,18430.166015625,67200.0,36007.0078125,46050.0,22193.5546875,104901.1875,74528.84375,38500.0,15678.4130859375,21553.03125,13203.8720703125,74500.0,64300.0,48000.0,12773.109375,55800.0,9527.2265625,15192.9853515625,20604.162109375,29750.0,22650.0,14007.9365234375,87500.0,19000.0,14583.9365234375,20675.0,80153.84375,66200.0,14915.7763671875,20350.0,25300.0,17770.0,32990.0,2428.89990234375
2024-07-16,18545.59375,68500.0,36471.11328125,46500.0,22470.109375,105928.8515625,74528.84375,38200.0,15903.3076171875,21553.03125,13490.2900390625,74000.0,64100.0,47100.0,12521.0087890625,55800.0,9487.36328125,15192.9853515625,20664.232421875,29900.0,22700.0,14166.6669921875,87900.0,18950.0,14583.9365234375,20525.0,81153.84375,66100.0,15074.455078125,20200.0,25300.0,17780.0,33190.0,2467.800048828125
2024-07-17,18853.404296875,67400.0,37128.6015625,46400.0,22815.8046875,104268.7734375,74243.2890625,35550.0,16192.458984375,21363.63671875,14034.484375,71800.0,63500.0,45000.0,11680.671875,54000.0,9447.5009765625,15192.9853515625,20514.0546875,30400.0,23700.0,14166.6669921875,88000.0,18650.0,14789.3447265625,20300.0,81153.84375,65700.0,15074.455078125,19750.0,25300.0,17850.0,33050.0,2459.89990234375
2024-07-18,19084.263671875,68000.0,37515.35546875,47000.0,23126.9296875,101106.71875,74338.4765625,36050.0,16128.203125,21515.15234375,14263.619140625,71200.0,65000.0,47500.0,11932.7734375,54300.0,9128.59765625,15339.072265625,20634.197265625,30600.0,23700.0,14285.7138671875,88000.0,18725.0,14755.109375,20275.0,81307.6953125,65900.0,15114.125,20150.0,25300.0,18000.0,33070.0,2456.39990234375
2024-07-19,19315.12109375,67800.0,36896.546875,45750.0,23092.359375,99604.7421875,74052.921875,34500.0,16031.8193359375,21363.63671875,14550.037109375,71000.0,65600.0,46900.0,11176.470703125,55200.0,9009.0087890625,15375.59375,20904.513671875,30300.0,23400.0,14603.1748046875,87500.0,18925.0,14686.640625,20375.0,81230.765625,65300.0,14915.7763671875,19900.0,25300.0,17670.0,33070.0,2399.10009765625
2024-07-22,19045.787109375,67700.0,36896.546875,44750.0,23265.20703125,98102.765625,73291.453125,32750.0,16256.71484375,21250.0,14435.4697265625,72200.0,65300.0,46350.0,11302.521484375,55700.0,8929.283203125,15448.63671875,20814.408203125,30000.0,23650.0,14761.904296875,87700.0,18950.0,14618.1708984375,20375.0,81000.0,65400.0,14915.7763671875,20050.0,25300.0,17660.0,32640.0,2394.699951171875
2024-07-23,18468.642578125,66700.0,35581.57421875,43500.0,22400.970703125,99209.484375,73101.0859375,30600.0,16096.0751953125,21060.60546875,13690.783203125,71000.0,62500.0,45500.0,10798.3193359375,54700.0,8769.83203125,15667.7666015625,20333.84375,29000.0,23050.0,14087.3017578125,87500.0,18925.0,14446.998046875,20425.0,81538.4609375,65900.0,14598.419921875,20050.0,25300.0,17600.0,32450.0,2407.300048828125
2024-07-24,18622.546875,66900.0,35658.92578125,42450.0,22262.693359375,99604.7421875,73291.453125,32700.0,16096.0751953125,20984.84765625,13719.4248046875,71500.0,61400.0,46500.0,11092.4365234375,54600.0,8849.5576171875,16032.982421875,19763.17578125,29200.0,23000.0,14246.0322265625,87500.0,18925.0,14378.529296875,20450.0,83000.0,65600.0,14677.7587890625,20150.0,25300.0,17300.0,32450.0,2415.699951171875
2024-07-25,18507.1171875,69100.0,35581.57421875,43200.0,21813.291015625,98814.2265625,73101.0859375,33000.0,16096.0751953125,20719.697265625,13719.4248046875,71000.0,61000.0,46350.0,10840.3359375,54000.0,8809.6943359375,15996.4609375,19162.470703125,28800.0,22750.0,14126.984375,87300.0,18900.0,14241.5908203125,20800.0,83000.0,65600.0,14558.75,19700.0,25300.0,17340.0,32300.0,2353.5
2024-07-26,18545.59375,72500.0,35774.953125,43200.0,22158.986328125,101185.7734375,73481.8203125,33100.0,16128.203125,20795.455078125,13919.91796875,74000.0,61000.0,47800.0,11386.5546875,55000.0,8849.5576171875,16032.982421875,19282.611328125,29100.0,22750.0,14166.6669921875,87300.0,18875.0,14310.0595703125,20800.0,82923.078125,65800.0,14598.419921875,19300.0,25300.0,17260.0,32690.0,2381.0
2024-07-29,18584.0703125,73300.0,36432.4375,43350.0,22193.5546875,101976.28125,73291.453125,33500.0,16224.5869140625,21136.36328125,13805.3505859375,74000.0,62000.0,47800.0,11428.5712890625,54900.0,8809.6943359375,16032.982421875,19342.681640625,29100.0,22750.0,14365.0791015625,87300.0,18550.0,14310.0595703125,20800.0,81692.3046875,67200.0,14598.419921875,18950.0,25300.0,17430.0,32760.0,2377.800048828125
2024-07-30,18584.0703125,73300.0,36200.38671875,43000.0,22124.416015625,101185.7734375,73481.8203125,33250.0,16256.71484375,21136.36328125,14034.484375,74600.0,63000.0,47100.0,11260.50390625,54800.0,8849.5576171875,15996.4609375,19192.505859375,28900.0,22950.0,14285.7138671875,87500.0,18350.0,14104.65234375,21100.0,81076.921875,67700.0,14717.4287109375,18750.0,25300.0,17430.0,32840.0,2405.0
2024-07-31,18891.880859375,73000.0,36819.1953125,43600.0,22124.416015625,101660.078125,76051.78125,33000.0,16899.2734375,20606.060546875,13977.201171875,74100.0,63800.0,45900.0,11302.521484375,55400.0,8889.419921875,15923.41796875,19102.400390625,29000.0,23250.0,14404.76171875,89200.0,18350.0,14515.4677734375,21150.0,81461.5390625,71600.0,15074.455078125,18600.0,25300.0,17500.0,32880.0,2426.5
2024-08-01,18430.166015625,67900.0,36200.38671875,42800.0,21744.15234375,98656.125,75099.9453125,31400.0,16577.994140625,20227.2734375,13404.365234375,71800.0,62100.0,45300.0,11050.419921875,55000.0,8690.1064453125,16032.982421875,18201.34375,28050.0,23000.0,14047.619140625,90700.0,18225.0,14173.1220703125,21050.0,80153.84375,70300.0,14717.4287109375,18200.0,25300.0,17150.0,32310.0,2480.800048828125
2024-08-02,18430.166015625,68800.0,36935.22265625,43500.0,21813.291015625,97391.3046875,75099.9453125,32350.0,16770.76171875,20643.939453125,13633.4990234375,72200.0,62900.0,47500.0,11596.638671875,55100.0,8650.2431640625,16507.763671875,18772.013671875,28400.0,23500.0,14087.3017578125,88700.0,18000.0,14446.998046875,21000.0,80615.3828125,71500.0,14876.107421875,17950.0,25300.0,17280.0,32320.0,2469.800048828125
2024-08-05,17853.01953125,67500.0,35658.92578125,41900.0,20845.34765625,93754.9375,72815.53125,30100.0,15742.66796875,19659.091796875,13146.5888671875,70500.0,61600.0,45500.0,11176.470703125,52000.0,8211.751953125,15996.4609375,17780.849609375,27200.0,22300.0,13333.3330078125,86900.0,17250.0,13865.0107421875,20650.0,76846.15625,69400.0,14400.0712890625,16800.0,25300.0,16710.0,31350.0,2444.39990234375
2024-08-06,18083.87890625,71000.0,36161.7109375,42350.0,21121.904296875,95494.0703125,73577.0,31350.0,15967.5634765625,19924.2421875,13404.365234375,73200.0,62300.0,47000.0,11554.6220703125,53300.0,8371.203125,16069.50390625,18381.5546875,28400.0,22300.0,13769.8408203125,87300.0,17400.0,14241.5908203125,20650.0,77307.6953125,72700.0,14558.75,17000.0,25300.0,16990.0,31570.0,2431.60009765625
2024-08-07,18006.92578125,72000.0,35890.98046875,42300.0,20879.91796875,96442.6875,75575.859375,32550.0,15967.5634765625,19734.84765625,13375.7236328125,73000.0,62300.0,47800.0,11554.6220703125,52900.0,8371.203125,15777.3310546875,18381.5546875,28400.0,21800.0,13531.74609375,87700.0,18600.0,14138.88671875,21175.0,76384.6171875,73800.0,14281.0625,18000.0,25300.0,16890.0,31540.0,2432.39990234375
2024-08-08,17891.49609375,71500.0,35581.57421875,42600.0,20879.91796875,95968.3828125,77765.0859375,31900.0,16031.8193359375,19393.939453125,13203.8720703125,74500.0,62400.0,47550.0,11596.638671875,52800.0,8291.4775390625,15777.3310546875,18021.1328125,28250.0,20850.0,13412.6982421875,87300.0,18800.0,14138.88671875,20900.0,76384.6171875,72700.0,14162.0537109375,17650.0,25300.0,16750.0,31270.0,2463.300048828125
2024-08-09,18160.83203125,71500.0,36123.03515625,43300.0,21778.72265625,100316.203125,77669.90625,32500.0,16385.2265625,19734.84765625,13433.0068359375,75200.0,65600.0,48000.0,11638.6552734375,53600.0,8371.203125,15850.3740234375,18802.048828125,28850.0,21100.0,13571.4287109375,87700.0,18600.0,14310.0595703125,20600.0,77615.3828125,73300.0,14281.0625,17500.0,25300.0,17450.0,31700.0,2473.39990234375
2024-08-12,18314.736328125,71200.0,36200.38671875,43300.0,21917.0,102766.796875,78526.5546875,33200.0,16417.353515625,19583.333984375,13576.2158203125,75200.0,66600.0,48850.0,11428.5712890625,54000.0,8371.203125,15886.896484375,19222.541015625,29200.0,21250.0,13690.4765625,87800.0,18250.0,14241.5908203125,20300.0,77769.234375,73000.0,14400.0712890625,17400.0,25300.0,17200.0,32100.0,2504.0
2024-08-13,18160.83203125,71200.0,36084.359375,42800.0,22020.708984375,102529.640625,77574.71875,33100.0,16674.376953125,19242.423828125,13518.9326171875,74800.0,66700.0,48850.0,11260.50390625,54300.0,8371.203125,15558.2021484375,19042.330078125,29150.0,21000.0,13690.4765625,89500.0,18175.0,14070.41796875,20350.0,79076.921875,73800.0,14400.0712890625,17450.0,25300.0,17230.0,32050.0,2507.800048828125
2024-08-14,18122.35546875,72000.0,36393.76171875,43300.0,21986.138671875,102371.5390625,78050.640625,33400.0,16642.25,19280.302734375,13404.365234375,76500.0,66600.0,49200.0,11218.4873046875,55700.0,8331.33984375,15777.3310546875,18862.119140625,29200.0,21200.0,13650.7939453125,88000.0,18600.0,14104.65234375,20400.0,78846.15625,74000.0,14281.0625,18000.0,25300.0,17170.0,32100.0,2479.699951171875
2024-08-15,18083.87890625,70800.0,36084.359375,42750.0,22020.708984375,101739.1328125,77289.171875,32650.0,16802.888671875,19090.908203125,13318.439453125,75000.0,65900.0,49000.0,10966.38671875,55700.0,8291.4775390625,15740.8095703125,18561.765625,28950.0,21150.0,13571.4287109375,87600.0,18925.0,14241.5908203125,20400.0,79076.921875,73800.0,14281.0625,17800.0,25300.0,17140.0,31950.0,2492.39990234375
2024-08-16,18468.642578125,72300.0,36741.84375,43950.0,22470.109375,103241.109375,78621.7421875,34550.0,17381.19140625,19393.939453125,13776.7080078125,77300.0,69000.0,50600.0,11302.521484375,56300.0,8450.9287109375,15777.3310546875,19643.033203125,29350.0,21450.0,13888.888671875,88100.0,19200.0,14481.2333984375,20575.0,80769.234375,73800.0,14598.419921875,18300.0,25300.0,17350.0,32660.0,2537.800048828125
2024-08-19,18507.1171875,72500.0,37051.25,44500.0,22573.818359375,103162.0546875,80430.2265625,34750.0,17349.0625,19583.333984375,13776.7080078125,77800.0,69000.0,50400.0,11344.5380859375,57800.0,8450.9287109375,15777.3310546875,19462.822265625,29650.0,21900.0,13888.888671875,88800.0,19300.0,14720.875,20575.0,80769.234375,76000.0,14638.0888671875,18300.0,25300.0,17510.0,33150.0,2541.300048828125
2024-08-20,18545.59375,72500.0,38018.140625,44500.0,22954.08203125,103952.5703125,80430.2265625,35100.0,17220.55078125,19545.455078125,13891.275390625,77600.0,69500.0,49450.0,11344.5380859375,58000.0,8490.7919921875,15777.3310546875,19612.998046875,29650.0,21850.0,13928.5712890625,90800.0,19700.0,14652.40625,20850.0,81076.921875,75600.0,14757.0986328125,18750.0,25300.0,17590.0,33400.0,2550.60009765625
2024-08-21,18776.453125,72000.0,39139.734375,44700.0,23645.470703125,105533.59375,80906.1484375,35250.0,17413.318359375,19810.60546875,14177.693359375,77500.0,69800.0,48800.0,11554.6220703125,57400.0,8530.654296875,15813.8525390625,19853.28125,29950.0,22000.0,14206.349609375,92800.0,19875.0,14618.1708984375,20925.0,80692.3046875,75300.0,14876.107421875,18900.0,25300.0,17770.0,33680.0,2547.5
2024-08-22,18776.453125,72000.0,38907.6796875,44800.0,23922.025390625,105770.75,80430.2265625,34800.0,17413.318359375,19507.576171875,13977.201171875,78000.0,70000.0,49000.0,11428.5712890625,57000.0,8490.7919921875,16580.806640625,19883.31640625,29900.0,22350.0,14285.7138671875,92400.0,19900.0,14740.046875,20775.0,80384.6171875,74200.0,14876.107421875,19700.0,25300.0,17750.0,33770.0,2516.699951171875
2024-08-23,18814.9296875,72400.0,39062.3828125,46300.0,24164.01171875,105217.390625,80620.6015625,35450.0,17413.318359375,19734.84765625,14063.126953125,77900.0,70000.0,49000.0,11386.5546875,56900.0,8490.7919921875,16594.728515625,20183.66796875,29950.0,22400.0,14206.349609375,92400.0,19875.0,14740.046875,20775.0,80384.6171875,74900.0,14876.107421875,19500.0,25300.0,17800.0,33750.0,2546.300048828125
2024-08-26,18814.9296875,70900.0,38830.328125,45800.0,23922.025390625,103952.5703125,80144.6796875,35050.0,17413.318359375,19696.96875,14005.8427734375,76200.0,69800.0,48550.0,11260.50390625,56700.0,8450.9287109375,16470.267578125,20393.9140625,29750.0,22500.0,14126.984375,92000.0,20250.0,14699.9921875,21075.0,80384.6171875,73400.0,15074.455078125,19850.0,25300.0,17810.0,33500.0,2555.199951171875
2024-08-27,18814.9296875,70200.0,38366.21875,45600.0,24094.873046875,104743.0859375,79478.390625,34950.0,17413.318359375,19507.576171875,13977.201171875,76800.0,69800.0,49100.0,11302.521484375,57000.0,8450.9287109375,16096.88671875,20063.52734375,29600.0,22650.0,14087.3017578125,91500.0,20700.0,14659.9375,22550.0,80000.0,73500.0,15074.455078125,20050.0,25300.0,17810.0,33500.0,2552.89990234375
2024-08-28,18853.404296875,69500.0,38366.21875,45200.0,24129.44140625,105375.4921875,79763.9453125,35650.0,17381.19140625,19469.697265625,14120.41015625,77100.0,69400.0,49400.0,11470.587890625,57400.0,8450.9287109375,15972.42578125,20453.984375,29550.0,23000.0,14087.3017578125,91100.0,20450.0,14659.9375,22200.0,79846.15625,73900.0,15034.78515625,19500.0,25300.0,17750.0,33380.0,2537.800048828125
2024-08-29,18968.833984375,71500.0,38134.16796875,45350.0,24198.580078125,105691.703125,79383.2109375,35300.0,17573.958984375,19393.939453125,14234.9775390625,76900.0,69100.0,48800.0,11386.5546875,57400.0,8411.06640625,15889.4521484375,20393.9140625,30450.0,23000.0,14166.6669921875,91500.0,20750.0,14659.9375,22100.0,80538.4609375,73500.0,15034.78515625,19250.0,25300.0,17820.0,33420.0,2560.300048828125
2024-08-30,19084.263671875,72000.0,37824.76171875,45500.0,24233.150390625,106561.265625,79288.0234375,35350.0,17798.853515625,19318.181640625,14234.9775390625,76500.0,69800.0,48600.0,11302.521484375,57500.0,8411.06640625,15930.939453125,20243.73828125,30550.0,23350.0,14206.349609375,91700.0,20750.0,14699.9921875,22100.0,81000.0,73900.0,15034.78515625,19200.0,25300.0,17860.0,33550.0,2527.60009765625
2024-09-02,19084.263671875,72000.0,37824.76171875,45500.0,24233.150390625,106561.265625,79288.0234375,35350.0,17798.853515625,19318.181640625,14234.9775390625,76500.0,69800.0,48600.0,11302.521484375,57500.0,8411.06640625,15930.939453125,20243.73828125,30550.0,23350.0,14206.349609375,91700.0,20750.0,14699.9921875,22100.0,81000.0,73900.0,15034.78515625,19200.0,25300.0,17860.0,33550.0,2527.60009765625
2024-09-03,19084.263671875,72000.0,37824.76171875,45500.0,24233.150390625,106561.265625,79288.0234375,35350.0,17798.853515625,19318.181640625,14234.9775390625,76500.0,69800.0,48600.0,11302.521484375,57500.0,8411.06640625,15930.939453125,20243.73828125,30550.0,23350.0,14206.349609375,91700.0,20750.0,14699.9921875,22100.0,81000.0,73900.0,15034.78515625,19200.0,25300.0,17860.0,33550.0,2523.0
2024-09-04,18968.833984375,72000.0,37863.4375,44700.0,24405.99609375,105138.34375,79859.125,34700.0,17413.318359375,19128.787109375,13977.201171875,75300.0,69100.0,47000.0,11092.4365234375,57200.0,8291.4775390625,15350.1240234375,19913.3515625,30100.0,23000.0,14007.9365234375,91000.0,21250.0,14579.828125,22000.0,80230.765625,74300.0,14677.7587890625,19700.0,25300.0,17620.0,33100.0,2526.0
2024-09-05,18853.404296875,71900.0,37670.05859375,44700.0,24198.580078125,103241.109375,79288.0234375,33900.0,17316.935546875,18977.2734375,13719.4248046875,74100.0,67900.0,46050.0,10966.38671875,57000.0,8291.4775390625,15350.1240234375,19883.31640625,29600.0,22800.0,13968.25390625,90100.0,21875.0,14539.7744140625,22525.0,79846.15625,74700.0,14519.080078125,19700.0,25300.0,17640.0,32920.0,2543.10009765625
2024-09-06,18930.357421875,72000.0,38134.16796875,44800.0,24544.2734375,104426.875,80049.4921875,34500.0,17188.423828125,19242.423828125,13748.06640625,76000.0,68000.0,46950.0,11008.4033203125,56700.0,8251.6142578125,14935.255859375,20063.52734375,29900.0,22800.0,14047.619140625,90200.0,21950.0,14499.7197265625,22325.0,79846.15625,75400.0,14638.0888671875,20100.0,25300.0,17580.0,32960.0,2524.60009765625
2024-09-09,18814.9296875,71200.0,37940.7890625,44000.0,24509.705078125,103794.46875,80620.6015625,34500.0,17027.78515625,19393.939453125,13719.4248046875,75400.0,67500.0,46450.0,10966.38671875,56200.0,8251.6142578125,15018.2294921875,19763.17578125,29500.0,22650.0,13968.25390625,90200.0,21500.0,14339.501953125,21850.0,79230.765625,74800.0,14558.75,20100.0,25300.0,17520.0,32730.0,2532.699951171875
2024-09-10,18661.0234375,71500.0,37515.35546875,43300.0,24164.01171875,102766.796875,80049.4921875,34100.0,16899.2734375,19053.03125,13604.857421875,75200.0,67800.0,46400.0,10924.3701171875,55300.0,8211.751953125,14105.51953125,19462.822265625,29200.0,22250.0,14126.984375,89000.0,21400.0,14339.501953125,21500.0,80153.84375,74900.0,14400.0712890625,19200.0,25300.0,17520.0,32580.0,2543.10009765625
2024-09-11,18584.0703125,71400.0,37360.65234375,43100.0,24164.01171875,103241.109375,79573.578125,34100.0,16931.400390625,19204.544921875,13690.783203125,75100.0,67800.0,45800.0,10798.3193359375,55400.0,8211.751953125,13275.783203125,19522.892578125,29600.0,22100.0,14166.6669921875,88400.0,21500.0,14299.447265625,21500.0,80769.234375,74600.0,14479.4111328125,19100.0,25300.0,17440.0,32530.0,2542.39990234375
2024-09-12,18814.9296875,71400.0,37399.328125,42850.0,24198.580078125,104584.9765625,79573.578125,34550.0,16835.017578125,19015.15234375,13748.06640625,75100.0,67500.0,45400.0,10840.3359375,55400.0,8251.6142578125,12487.533203125,19372.716796875,29700.0,22300.0,14404.76171875,89500.0,21550.0,14539.7744140625,21450.0,81000.0,74700.0,14677.7587890625,19000.0,25300.0,17460.0,32790.0,2580.60009765625
2024-09-13,18776.453125,70900.0,37283.30078125,42750.0,24129.44140625,105138.34375,72135.921875,34600.0,16963.529296875,18939.39453125,13690.783203125,74200.0,67200.0,45800.0,10756.302734375,56100.0,8211.751953125,12653.48046875,19402.751953125,29800.0,22200.0,14404.76171875,89900.0,21500.0,14419.6103515625,21450.0,80615.3828125,72900.0,14638.0888671875,19300.0,25300.0,17380.0,32790.0,2610.699951171875
2024-09-16,18584.0703125,70300.0,36935.22265625,42700.0,23956.59375,103636.3671875,70485.4375,34900.0,16835.017578125,18825.7578125,13690.783203125,72900.0,66100.0,45000.0,10336.134765625,55800.0,8171.888671875,12653.48046875,19282.611328125,29550.0,22200.0,14285.7138671875,88900.0,20875.0,14419.6103515625,21025.0,80000.0,71900.0,14558.75,18900.0,25300.0,17400.0,32480.0,2608.89990234375
2024-09-17,18853.404296875,71400.0,37670.05859375,42850.0,24164.01171875,105059.2890625,70582.5234375,35600.0,17092.0390625,19128.787109375,13891.275390625,74500.0,66800.0,45000.0,10546.21875,56500.0,8291.4775390625,12819.427734375,19643.033203125,29850.0,22750.0,14404.76171875,90500.0,22000.0,14539.7744140625,21450.0,80769.234375,73400.0,14796.767578125,19400.0,25300.0,17410.0,32990.0,2592.39990234375
2024-09-18,18968.833984375,71400.0,37940.7890625,42850.0,24682.552734375,106403.1640625,70970.875,35550.0,17156.294921875,19015.15234375,13977.201171875,74400.0,68200.0,45000.0,10714.2861328125,56100.0,8251.6142578125,12943.888671875,20063.52734375,30250.0,23000.0,14484.126953125,91000.0,21950.0,14619.8828125,21325.0,80846.15625,73300.0,14796.767578125,19150.0,25300.0,17600.0,33180.0,2598.60009765625
2024-09-19,19084.263671875,71900.0,38095.4921875,42900.0,24889.96875,106877.46875,71262.1328125,35700.0,17252.6796875,19128.787109375,13977.201171875,74400.0,68200.0,45350.0,10546.21875,56500.0,8251.6142578125,13815.111328125,20183.66796875,30500.0,23200.0,14484.126953125,91500.0,22075.0,14659.9375,21450.0,80846.15625,73300.0,14876.107421875,19450.0,25300.0,17630.0,33200.0,2614.60009765625
2024-09-20,19738.361328125,71300.0,37940.7890625,43100.0,24889.96875,106956.5234375,70970.875,35600.0,17381.19140625,19431.818359375,14177.693359375,74700.0,68000.0,46000.0,10546.21875,57400.0,8331.33984375,13732.1376953125,20183.66796875,30850.0,23550.0,14365.0791015625,90600.0,21875.0,14780.1005859375,21150.0,80923.078125,72700.0,15034.78515625,19500.0,25300.0,17750.0,33360.0,2646.199951171875
2024-09-23,19738.361328125,71500.0,37670.05859375,43800.0,24820.830078125,105928.8515625,70873.7890625,35550.0,17349.0625,19469.697265625,14206.3359375,74400.0,67300.0,45250.0,10504.2021484375,57400.0,8251.6142578125,13234.2958984375,20190.568359375,30800.0,23350.0,14523.8095703125,90900.0,21825.0,14820.1552734375,21175.0,80769.234375,72900.0,15074.455078125,19000.0,25300.0,17740.0,33280.0,2652.5
2024-09-24,19853.7890625,72000.0,38095.4921875,43650.0,24924.537109375,106324.109375,71553.3984375,36150.0,17349.0625,19583.333984375,14464.1123046875,74800.0,68100.0,45200.0,10588.2353515625,57500.0,8331.33984375,13690.6513671875,20190.568359375,31850.0,23550.0,14666.6669921875,91200.0,22125.0,15300.8095703125,21275.0,80846.15625,70300.0,15233.1337890625,19050.0,25300.0,17800.0,33450.0,2677.0
2024-09-25,20161.6015625,72500.0,38675.625,43350.0,24889.96875,106561.265625,71650.484375,36000.0,17509.703125,19848.484375,14750.5302734375,75500.0,68700.0,45400.0,10966.38671875,57400.0,8411.06640625,13815.111328125,20835.755859375,32700.0,23800.0,14857.142578125,92800.0,22075.0,15581.1904296875,21300.0,80461.5390625,69600.0,15431.4814453125,19100.0,25300.0,17990.0,33720.0,2684.699951171875
2024-09-26,20007.6953125,72000.0,38675.625,43300.0,25166.5234375,106166.0078125,71844.6640625,36400.0,18184.388671875,19734.84765625,14721.8876953125,76100.0,68300.0,45600.0,10966.38671875,58100.0,8570.517578125,14105.51953125,20873.708984375,32750.0,24100.0,15857.142578125,92500.0,22200.0,15541.1357421875,21300.0,80846.15625,70700.0,15550.490234375,19200.0,25300.0,18160.0,34000.0,2694.89990234375
2024-09-27,19930.7421875,71300.0,38752.9765625,43300.0,25581.35546875,106086.953125,71359.2265625,36000.0,18184.388671875,19734.84765625,14721.8876953125,75900.0,67500.0,44950.0,10966.38671875,58500.0,8769.83203125,14105.51953125,20949.61328125,33600.0,24200.0,16095.23828125,92500.0,21700.0,15501.0810546875,21250.0,80846.15625,71000.0,15669.4990234375,19400.0,25300.0,18000.0,33870.0,2668.10009765625
2024-09-30,19815.314453125,70200.0,38443.5703125,42850.0,25546.787109375,106324.109375,71067.9609375,35750.0,18120.1328125,19962.12109375,14721.8876953125,75700.0,68100.0,44500.0,11008.4033203125,57800.0,8769.83203125,14147.005859375,21177.326171875,33350.0,24200.0,16380.9521484375,92000.0,21400.0,15461.02734375,21000.0,80769.234375,70100.0,15947.1865234375,19100.0,25300.0,18100.0,34000.0,2659.39990234375
2024-10-01,19815.314453125,70300.0,38443.5703125,43400.0,25235.662109375,107430.828125,70873.7890625,36000.0,17991.62109375,20265.15234375,14693.24609375,76600.0,67800.0,44500.0,11092.4365234375,57800.0,8809.6943359375,14478.900390625,21101.421875,33500.0,24650.0,16285.7138671875,92000.0,21725.0,15861.5712890625,21150.0,81000.0,70100.0,15788.5078125,19400.0,25300.0,18250.0,34080.0,2690.300048828125
2024-10-02,19853.7890625,69500.0,38520.921875,43200.0,24889.96875,107035.5703125,70776.6953125,36150.0,17702.470703125,19924.2421875,14721.8876953125,76000.0,67400.0,44950.0,11050.419921875,56900.0,8690.1064453125,14561.8740234375,20949.61328125,33550.0,24900.0,16666.666015625,92700.0,21700.0,15661.2998046875,21025.0,80769.234375,70100.0,15629.830078125,19150.0,25300.0,18180.0,34050.0,2669.699951171875
2024-10-03,19776.837890625,69100.0,38288.8671875,42900.0,25028.24609375,105928.8515625,70388.3515625,35550.0,17766.7265625,19848.484375,14607.3212890625,76000.0,66300.0,44400.0,10756.302734375,56800.0,8729.96875,14769.30859375,20911.66015625,33750.0,24350.0,16666.666015625,92600.0,20800.0,15420.97265625,20675.0,81153.84375,70300.0,15867.84765625,18650.0,25300.0,18140.0,33900.0,2679.199951171875
2024-10-04,19545.978515625,67900.0,38056.81640625,42850.0,24613.4140625,106007.90625,71165.046875,34900.0,17541.830078125,19848.484375,14378.1865234375,75600.0,66400.0,45100.0,10882.3525390625,56600.0,8650.2431640625,14520.3876953125,20721.8984375,33100.0,24050.0,16428.572265625,92300.0,20750.0,15420.97265625,20500.0,81000.0,68500.0,15867.84765625,18300.0,25300.0,17980.0,33450.0,2667.800048828125
2024-10-07,19584.455078125,68400.0,37940.7890625,42950.0,24751.69140625,106007.90625,70776.6953125,34800.0,17252.6796875,20000.0,14435.4697265625,74800.0,66300.0,44950.0,10714.2861328125,56700.0,8650.2431640625,14188.4931640625,20949.61328125,33800.0,24150.0,16666.666015625,92000.0,20600.0,15380.91796875,20425.0,80769.234375,67100.0,15867.84765625,18250.0,25300.0,17890.0,33400.0,2666.0
2024-10-08,19622.931640625,68700.0,37824.76171875,42950.0,24717.12109375,105770.75,70485.4375,35050.0,17477.57421875,20416.666015625,14435.4697265625,75200.0,65200.0,44650.0,10756.302734375,56300.0,8570.517578125,14188.4931640625,20797.802734375,33700.0,24400.0,16714.28515625,91500.0,20800.0,15380.91796875,20450.0,80615.3828125,68200.0,15947.1865234375,18350.0,25300.0,18030.0,33450.0,2635.39990234375
2024-10-09,20200.076171875,68400.0,38250.19140625,43250.0,24959.107421875,107035.5703125,70582.5234375,35650.0,17349.0625,20833.333984375,14664.6044921875,77000.0,64200.0,44400.0,10882.3525390625,56400.0,8610.3798828125,14520.3876953125,20721.8984375,34150.0,24650.0,16761.904296875,91000.0,21250.0,15380.91796875,20800.0,81230.765625,67800.0,16066.1953125,18500.0,25300.0,18200.0,34250.0,2626.0
2024-10-10,20161.6015625,68300.0,38482.24609375,43900.0,24993.67578125,112015.8125,71165.046875,35650.0,17638.21484375,20643.939453125,14607.3212890625,80000.0,65000.0,44500.0,10840.3359375,57700.0,8570.517578125,14520.3876953125,20911.66015625,33600.0,24550.0,16619.046875,91900.0,21075.0,15300.8095703125,20700.0,81538.4609375,67700.0,16304.212890625,18450.0,25300.0,18230.0,33880.0,2639.300048828125
2024-10-11,20084.6484375,68300.0,38211.515625,44100.0,25062.814453125,110355.734375,71067.9609375,35500.0,17573.958984375,20681.818359375,14635.962890625,81100.0,64500.0,44700.0,10588.2353515625,57500.0,8610.3798828125,14603.361328125,20835.755859375,33800.0,24450.0,16666.666015625,91500.0,21800.0,15300.8095703125,20900.0,83769.234375,67700.0,16423.22265625,19000.0,25300.0,18200.0,33840.0,2676.300048828125
2024-10-14,19969.21875,68300.0,38211.515625,44000.0,24924.537109375,108774.703125,70776.6953125,36300.0,17349.0625,20492.423828125,14807.8134765625,80300.0,63600.0,44450.0,10756.302734375,57200.0,8610.3798828125,14437.4140625,20987.564453125,33900.0,24350.0,16619.046875,91400.0,22675.0,15260.7548828125,21075.0,82538.4609375,67200.0,16383.552734375,19150.0,25300.0,18180.0,33640.0,2665.60009765625
2024-10-15,19892.265625,67800.0,38675.625,43700.0,24993.67578125,108300.3984375,70582.5234375,35750.0,17445.447265625,20568.181640625,14693.24609375,80800.0,64400.0,42850.0,10588.2353515625,57100.0,8610.3798828125,14437.4140625,20683.947265625,33700.0,24250.0,16619.046875,91400.0,22325.0,15380.91796875,20825.0,81461.5390625,66800.0,16542.23046875,18800.0,25300.0,18060.0,33600.0,2678.89990234375
2024-10-16,19815.314453125,67800.0,38559.59765625,43800.0,25097.384765625,107747.0390625,69902.9140625,36100.0,17381.19140625,20530.302734375,14607.3212890625,80400.0,65500.0,41850.0,10588.2353515625,57800.0,8570.517578125,13856.5986328125,20570.08984375,33600.0,24200.0,16666.666015625,91500.0,22500.0,15340.86328125,20750.0,81384.6171875,67500.0,16542.23046875,18700.0,25300.0,18070.0,33410.0,2691.300048828125
2024-10-17,20123.125,67500.0,38907.6796875,44000.0,25270.232421875,108300.3984375,69417.4765625,36000.0,17092.0390625,20643.939453125,14836.455078125,81000.0,65800.0,42250.0,10546.21875,57300.0,8610.3798828125,13898.0849609375,20835.755859375,34600.0,24350.0,17047.619140625,92200.0,22550.0,15501.0810546875,20775.0,81000.0,67600.0,16581.900390625,18750.0,25300.0,18100.0,33580.0,2707.5
2024-10-18,20084.6484375,67500.0,38907.6796875,44000.0,25062.814453125,108300.3984375,69611.6484375,35850.0,17349.0625,20416.666015625,14750.5302734375,80400.0,65700.0,42350.0,10504.2021484375,57400.0,8650.2431640625,13856.5986328125,20759.8515625,35550.0,24450.0,16952.380859375,92400.0,22625.0,15621.2451171875,20900.0,81923.078125,67400.0,16304.212890625,18750.0,25300.0,18180.0,33530.0,2730.0
2024-10-21,19853.7890625,66500.0,38404.89453125,43750.0,24544.2734375,107114.625,69611.6484375,35200.0,17316.935546875,20265.15234375,14635.962890625,80200.0,65800.0,41600.0,10462.1845703125,56600.0,8610.3798828125,13856.5986328125,20418.28125,35250.0,24150.0,16666.666015625,92000.0,23900.0,15380.91796875,21125.0,81230.765625,67300.0,16383.552734375,19100.0,25300.0,18080.0,33340.0,2738.89990234375
2024-10-22,19545.978515625,65000.0,37708.734375,43200.0,24198.580078125,105217.390625,69126.2109375,33750.0,17349.0625,20189.39453125,14464.1123046875,78900.0,66300.0,41800.0,10252.1005859375,56000.0,8530.654296875,13856.5986328125,20266.47265625,35000.0,24200.0,16476.19140625,91400.0,24125.0,15020.427734375,21100.0,80153.84375,67300.0,16343.8828125,18600.0,25300.0,18030.0,33250.0,2759.800048828125
2024-10-23,19545.978515625,65600.0,37438.00390625,43300.0,24233.150390625,106086.953125,68834.953125,33500.0,17316.935546875,20037.87890625,14464.1123046875,79400.0,65700.0,42300.0,10294.1171875,56000.0,8490.7919921875,13815.111328125,20418.28125,35800.0,24200.0,16809.5234375,91500.0,23500.0,14980.373046875,21600.0,80307.6953125,67300.0,16224.8740234375,18650.0,25300.0,17980.0,33200.0,2729.39990234375
2024-10-24,19238.16796875,65800.0,37128.6015625,43450.0,24094.873046875,106166.0078125,68932.0390625,32900.0,17284.806640625,20037.87890625,14149.0517578125,78500.0,65400.0,41750.0,10168.0673828125,55900.0,8411.06640625,13815.111328125,20342.376953125,33400.0,23650.0,16238.095703125,91700.0,21925.0,14820.1552734375,21025.0,80153.84375,68400.0,15867.84765625,18150.0,25300.0,17820.0,32700.0,2748.89990234375
2024-10-25,19161.216796875,65600.0,36741.84375,43350.0,23922.025390625,105928.8515625,68834.953125,32250.0,17284.806640625,20037.87890625,14120.41015625,77200.0,65500.0,41550.0,10000.0,55500.0,8291.4775390625,13815.111328125,20266.47265625,33450.0,23500.0,16238.095703125,91800.0,21925.0,14619.8828125,20775.0,80153.84375,68000.0,15947.1865234375,18150.0,25300.0,17750.0,32800.0,2754.60009765625
2024-10-28,19353.59765625,65400.0,36741.84375,43200.0,23991.1640625,106640.3125,68640.7734375,32500.0,17124.16796875,20265.15234375,14206.3359375,77900.0,65500.0,42000.0,10042.0166015625,55500.0,8331.33984375,13815.111328125,20342.376953125,33750.0,23650.0,16380.9521484375,92000.0,21350.0,14619.8828125,20725.0,79692.3046875,67200.0,15947.1865234375,18100.0,25300.0,17710.0,32890.0,2755.89990234375
2024-10-29,19392.07421875,66800.0,36780.51953125,43250.0,24164.01171875,107035.5703125,68737.8671875,32950.0,17541.830078125,20492.423828125,14320.90234375,78000.0,66500.0,41900.0,10126.05078125,55400.0,8371.203125,13773.625,20266.47265625,34050.0,23750.0,16285.7138671875,92000.0,21375.0,15020.427734375,20675.0,79923.078125,67000.0,16066.1953125,18150.0,25300.0,17780.0,33130.0,2781.10009765625
2024-10-30,19315.12109375,66400.0,36896.546875,42950.0,24025.732421875,107430.828125,68543.6875,32700.0,17477.57421875,20454.544921875,14320.90234375,78100.0,66000.0,41400.0,10126.05078125,55200.0,8371.203125,13690.6513671875,20000.806640625,34800.0,24000.0,16428.572265625,91700.0,20575.0,15220.7001953125,20500.0,79923.078125,66300.0,16066.1953125,18200.0,25300.0,17780.0,33130.0,2800.800048828125
2024-10-31,19545.978515625,67100.0,36935.22265625,43000.0,24682.552734375,107430.828125,68446.6015625,32900.0,17284.806640625,20378.787109375,14349.544921875,76600.0,66500.0,41100.0,10042.0166015625,55200.0,8450.9287109375,13732.1376953125,20190.568359375,35200.0,23900.0,16476.19140625,93600.0,20750.0,15180.6455078125,20775.0,80769.234375,66100.0,16224.8740234375,17850.0,25300.0,17900.0,33300.0,2749.300048828125
2024-11-01,19161.216796875,66700.0,36935.22265625,43600.0,24613.4140625,106403.1640625,68155.3359375,32300.0,17059.912109375,20113.63671875,14091.7685546875,74500.0,66000.0,40600.0,9747.8994140625,55300.0,8411.06640625,14064.0322265625,19886.951171875,35000.0,23700.0,16238.095703125,93500.0,20750.0,15100.537109375,20600.0,80538.4609375,65800.0,15986.8564453125,17750.0,25300.0,17740.0,33010.0,2749.199951171875
2024-11-04,19045.787109375,65800.0,36896.546875,43800.0,24682.552734375,104980.234375,67864.078125,31550.0,16738.6328125,19924.2421875,14005.8427734375,73200.0,65100.0,39900.0,9621.8486328125,55500.0,8331.33984375,13856.5986328125,19924.90234375,34900.0,23450.0,15761.904296875,92500.0,20750.0,14820.1552734375,20600.0,80000.0,65600.0,15629.830078125,17700.0,25300.0,17600.0,33000.0,2746.199951171875
2024-11-05,19045.787109375,65800.0,36664.4921875,44000.0,24233.150390625,104822.1328125,67572.8125,32100.0,16738.6328125,20075.7578125,14005.8427734375,73100.0,65600.0,40050.0,9705.8828125,55500.0,8411.06640625,13898.0849609375,19848.998046875,34850.0,23450.0,15761.904296875,92600.0,20750.0,14820.1552734375,20650.0,79615.3828125,65500.0,15629.830078125,17750.0,25300.0,17600.0,33000.0,2749.699951171875
2024-11-06,19315.12109375,67400.0,37167.27734375,44150.0,24820.830078125,106403.1640625,68058.25,33750.0,16963.529296875,20416.666015625,14234.9775390625,74200.0,65600.0,40150.0,9915.966796875,55800.0,8490.7919921875,14022.5458984375,20076.7109375,35500.0,23900.0,16142.857421875,92900.0,20775.0,14900.2646484375,20900.0,80692.3046875,65800.0,15748.8388671875,18050.0,25300.0,17790.0,33000.0,2676.300048828125
2024-11-07,19315.12109375,67400.0,36819.1953125,43900.0,24613.4140625,106798.421875,68058.25,33350.0,16867.14453125,20416.666015625,14206.3359375,73300.0,65400.0,40300.0,9831.9326171875,55600.0,8450.9287109375,13981.05859375,20000.806640625,35600.0,23850.0,16000.0,93200.0,20700.0,14820.1552734375,20850.0,80230.765625,65900.0,15629.830078125,18050.0,25300.0,17760.0,32710.0,2705.800048828125
2024-11-08,19161.216796875,66600.0,36664.4921875,45150.0,24198.580078125,107351.78125,67961.1640625,32900.0,16867.14453125,20454.544921875,14063.126953125,72300.0,65000.0,40050.0,9831.9326171875,55200.0,8411.06640625,13898.0849609375,19811.046875,35500.0,23600.0,15857.142578125,92200.0,20000.0,14659.9375,20525.0,80461.5390625,65700.0,15471.1513671875,17950.0,25300.0,17620.0,32550.0,2694.800048828125
2024-11-11,19122.740234375,67500.0,35968.33203125,45750.0,24164.01171875,109328.0625,68058.25,33400.0,16417.353515625,20984.84765625,13919.91796875,73500.0,63000.0,39250.0,9831.9326171875,55300.0,8371.203125,13856.5986328125,19507.4296875,33800.0,23200.0,15428.5712890625,92000.0,20300.0,14579.828125,20400.0,80384.6171875,65200.0,15233.1337890625,18000.0,25300.0,17450.0,32360.0,2617.699951171875
2024-11-12,19122.740234375,67800.0,35813.62890625,45200.0,23852.88671875,108142.2890625,67766.9921875,32900.0,16577.994140625,20833.333984375,13805.3505859375,72500.0,60800.0,39400.0,9831.9326171875,56600.0,8331.33984375,13815.111328125,19507.4296875,33550.0,23050.0,15333.3330078125,91900.0,20150.0,14699.9921875,20275.0,80384.6171875,64900.0,15153.7939453125,18000.0,25300.0,17460.0,32280.0,2606.300048828125
2024-11-13,19161.216796875,67900.0,35697.6015625,45200.0,23749.177734375,108932.8046875,67475.7265625,32550.0,16481.609375,20492.423828125,13833.9921875,73000.0,61900.0,38900.0,9831.9326171875,56800.0,8331.33984375,13856.5986328125,19317.66796875,33400.0,23150.0,15380.9521484375,92500.0,20150.0,14659.9375,20300.0,79692.3046875,65000.0,15352.142578125,18100.0,25300.0,17470.0,32330.0,2586.5
2024-11-14,18891.880859375,68600.0,35194.8203125,44350.0,23230.63671875,107509.8828125,66990.2890625,31500.0,16224.5869140625,19924.2421875,13633.4990234375,71400.0,61300.0,38950.0,9663.865234375,56100.0,8251.6142578125,13898.0849609375,18748.384765625,32500.0,22800.0,15000.0,92000.0,20175.0,14579.828125,20350.0,79461.5390625,65000.0,15074.455078125,18100.0,25300.0,17300.0,32150.0,2572.89990234375
2024-11-15,18776.453125,68000.0,34576.0078125,44400.0,22884.943359375,105849.8046875,66601.9453125,31000.0,15871.1796875,19621.212890625,13461.6484375,70600.0,59900.0,38400.0,9453.78125,55500.0,8132.02587890625,13939.572265625,18179.1015625,32400.0,22450.0,14857.142578125,91700.0,20125.0,14539.7744140625,20275.0,79461.5390625,63700.0,14836.4375,18200.0,25300.0,17120.0,31730.0,2570.10009765625
2024-11-18,18853.404296875,67000.0,34382.62890625,43800.0,23023.220703125,105928.8515625,66990.2890625,31150.0,15774.7958984375,19545.455078125,13404.365234375,70300.0,58900.0,37700.0,9495.7978515625,55500.0,8132.02587890625,13981.05859375,18444.767578125,32600.0,22450.0,15238.095703125,91000.0,20400.0,14579.828125,20200.0,78230.765625,63200.0,14836.4375,18100.0,25300.0,17130.0,31690.0,2614.60009765625
2024-11-19,18699.5,64000.0,34498.65625,43500.0,23057.791015625,102766.796875,65922.328125,30400.0,15839.0517578125,19280.302734375,13261.15625,70000.0,57500.0,38300.0,9411.7646484375,55000.0,8052.30029296875,14022.5458984375,18103.197265625,31950.0,22400.0,15047.619140625,90000.0,21100.0,14459.6650390625,20175.0,78230.765625,63000.0,14677.7587890625,17900.0,25300.0,16910.0,31010.0,2631.0
2024-11-20,18853.404296875,65700.0,34808.0625,43600.0,23507.19140625,104664.03125,65631.0703125,30800.0,15839.0517578125,19393.939453125,13490.2900390625,70300.0,56800.0,38600.0,9537.8154296875,55500.0,8132.02587890625,14022.5458984375,18444.767578125,32400.0,22850.0,15285.7138671875,90300.0,21650.0,14539.7744140625,20175.0,78461.5390625,63600.0,14836.4375,17900.0,25300.0,17000.0,31160.0,2651.699951171875
2024-11-21,19122.740234375,65500.0,35078.79296875,44200.0,24198.580078125,105138.34375,66213.59375,31200.0,15935.435546875,19583.333984375,13748.06640625,71300.0,58700.0,39050.0,9621.8486328125,55300.0,8171.888671875,14022.5458984375,18672.48046875,33050.0,23200.0,15476.1904296875,90500.0,21650.0,14659.9375,20175.0,78230.765625,63900.0,15233.1337890625,18200.0,25300.0,17110.0,31730.0,2674.89990234375
2024-11-22,19199.69140625,65800.0,35349.51953125,44200.0,24198.580078125,105849.8046875,67184.46875,30900.0,15871.1796875,19772.7265625,13748.06640625,71000.0,59000.0,39150.0,9579.83203125,55400.0,8171.888671875,14022.5458984375,18482.71875,32650.0,23500.0,15333.3330078125,90600.0,20800.0,14579.828125,20225.0,78230.765625,64300.0,15114.125,18100.0,25300.0,17190.0,31740.0,2712.199951171875
2024-11-25,19161.216796875,65700.0,35233.49609375,44250.0,24267.71875,105849.8046875,67281.5546875,30900.0,15871.1796875,19924.2421875,13719.4248046875,72200.0,59000.0,39400.0,10210.083984375,55500.0,8211.751953125,13981.05859375,18596.576171875,32850.0,23500.0,15380.9521484375,91300.0,21350.0,14820.1552734375,20500.0,79076.921875,64300.0,15114.125,18250.0,25300.0,17260.0,31830.0,2618.5
2024-11-26,19238.16796875,66100.0,35774.953125,44250.0,24405.99609375,106877.46875,67572.8125,31300.0,16096.0751953125,19962.12109375,13805.3505859375,72700.0,60000.0,39250.0,10378.1513671875,56100.0,8251.6142578125,14022.5458984375,18672.48046875,33200.0,23550.0,15380.9521484375,92400.0,21200.0,14860.2099609375,20525.0,79384.6171875,64800.0,15114.125,18300.0,25300.0,17370.0,32090.0,2621.300048828125
2024-11-27,19276.64453125,66100.0,35852.3046875,44450.0,24302.2890625,109802.375,67281.5546875,31250.0,16160.3310546875,19924.2421875,13805.3505859375,72700.0,60200.0,39100.0,10546.21875,56100.0,8211.751953125,14064.0322265625,18444.767578125,33200.0,23500.0,15380.9521484375,92700.0,20950.0,14820.1552734375,20375.0,78769.234375,64600.0,15114.125,18100.0,25300.0,17470.0,32190.0,2639.89990234375
2024-11-28,19353.59765625,66200.0,35658.92578125,44400.0,24475.134765625,110197.625,67281.5546875,31350.0,16256.71484375,20000.0,13748.06640625,72400.0,60000.0,40000.0,10462.1845703125,55500.0,8171.888671875,14105.51953125,18444.767578125,33150.0,23600.0,15476.1904296875,92600.0,20550.0,15140.5908203125,20350.0,78615.3828125,64500.0,15114.125,18000.0,25300.0,17650.0,32200.0,2639.89990234375
2024-11-29,19392.07421875,66500.0,36161.7109375,47500.0,24717.12109375,114071.1484375,67572.8125,31300.0,16288.8427734375,20265.15234375,13833.9921875,73200.0,60500.0,40000.0,10420.16796875,56100.0,8211.751953125,14105.51953125,18634.529296875,33300.0,23600.0,15428.5712890625,93300.0,20400.0,15220.7001953125,20250.0,78769.234375,64600.0,15193.4638671875,17900.0,25300.0,17500.0,32490.0,2657.0
2024-12-02,19353.59765625,66500.0,35968.33203125,49000.0,24786.259765625,112411.0703125,67184.46875,31450.0,16320.970703125,20378.787109375,13833.9921875,72600.0,60400.0,39750.0,10420.16796875,56200.0,8211.751953125,14064.0322265625,18558.625,33100.0,23650.0,15333.3330078125,94200.0,20375.0,15100.537109375,20175.0,78692.3046875,64500.0,15233.1337890625,17850.0,25300.0,17510.0,32390.0,2658.5
2024-12-03,19238.16796875,66400.0,35620.25,52100.0,24820.830078125,114624.5078125,66699.03125,30900.0,16738.6328125,20454.544921875,13719.4248046875,72700.0,59800.0,40000.0,10630.251953125,56200.0,8211.751953125,14105.51953125,18444.767578125,32600.0,23650.0,15238.095703125,93000.0,20450.0,15060.482421875,20200.0,78076.921875,63900.0,15233.1337890625,17700.0,25300.0,17530.0,32450.0,2667.89990234375
2024-12-04,19276.64453125,65200.0,34924.08984375,52000.0,24405.99609375,113438.734375,66601.9453125,30350.0,16642.25,20227.2734375,13662.1416015625,72100.0,58100.0,40300.0,10336.134765625,57400.0,8132.02587890625,14064.0322265625,18255.005859375,32400.0,23450.0,15047.619140625,93500.0,20050.0,15100.537109375,20000.0,78000.0,63300.0,15074.455078125,17300.0,25300.0,17390.0,32310.0,2676.199951171875
2024-12-05,19776.837890625,68000.0,35581.57421875,51900.0,25166.5234375,117391.3046875,66893.203125,31350.0,17156.294921875,21098.484375,14063.126953125,73700.0,61000.0,40600.0,10504.2021484375,57500.0,8371.203125,14271.466796875,19507.4296875,33950.0,24200.0,15666.6669921875,94000.0,20700.0,15501.0810546875,20425.0,79230.765625,64300.0,15471.1513671875,17850.0,25300.0,17800.0,33070.0,2648.39990234375
2024-12-06,19738.361328125,67300.0,36045.68359375,52000.0,25062.814453125,118181.8203125,67184.46875,32050.0,17252.6796875,20909.091796875,13948.5595703125,73400.0,61100.0,40450.0,10462.1845703125,57700.0,8251.6142578125,14312.953125,20000.806640625,33800.0,24150.0,15476.1904296875,94200.0,20750.0,15420.97265625,20925.0,79076.921875,64100.0,15352.142578125,17700.0,25300.0,17850.0,33190.0,2659.60009765625
2024-12-09,19622.931640625,67900.0,36123.03515625,51700.0,25201.09375,116205.53125,67281.5546875,32100.0,17349.0625,20946.96875,13977.201171875,73200.0,61100.0,40150.0,10504.2021484375,57500.0,8251.6142578125,14354.4404296875,19886.951171875,34000.0,24150.0,15619.0478515625,95300.0,20725.0,15461.02734375,20925.0,79000.0,64100.0,15391.8125,17700.0,25300.0,17840.0,33270.0,2685.800048828125
2024-12-10,19507.501953125,68000.0,36161.7109375,52600.0,25131.955078125,118181.8203125,66990.2890625,31750.0,17991.62109375,21136.36328125,13891.275390625,72700.0,60800.0,40300.0,10630.251953125,58100.0,8251.6142578125,14395.9267578125,19924.90234375,33500.0,24050.0,15571.4287109375,94500.0,20475.0,15461.02734375,20600.0,78923.078125,63900.0,15272.802734375,17550.0,25300.0,17880.0,33200.0,2718.39990234375
2024-12-11,19545.978515625,67000.0,36045.68359375,52200.0,25131.955078125,118972.328125,66699.03125,31450.0,18197.240234375,21022.7265625,13919.91796875,72700.0,60000.0,39900.0,10420.16796875,57600.0,8450.9287109375,14395.9267578125,19848.998046875,33650.0,24150.0,15523.8095703125,93300.0,20425.0,15340.86328125,20650.0,79153.84375,64200.0,15272.802734375,17350.0,25300.0,17900.0,33300.0,2756.699951171875
2024-12-12,19469.02734375,67500.0,36045.68359375,52900.0,25097.384765625,118735.1796875,66504.8515625,31650.0,18428.560546875,20833.333984375,13919.91796875,72100.0,60000.0,39400.0,10336.134765625,57500.0,8371.203125,14437.4140625,19735.142578125,33800.0,24250.0,15571.4287109375,93500.0,20375.0,15300.8095703125,20450.0,79153.84375,64600.0,15312.47265625,17300.0,25300.0,17900.0,33260.0,2709.39990234375
2024-12-13,19353.59765625,67700.0,35890.98046875,53200.0,25131.955078125,118181.8203125,66407.765625,31400.0,18274.345703125,20606.060546875,13891.275390625,71100.0,61000.0,38700.0,10294.1171875,57400.0,8291.4775390625,14395.9267578125,19583.333984375,34000.0,24350.0,15476.1904296875,93100.0,20325.0,15420.97265625,20400.0,78769.234375,64200.0,15193.4638671875,17350.0,25300.0,17820.0,33180.0,2675.800048828125
2024-12-16,19353.59765625,68000.0,36161.7109375,52300.0,25062.814453125,118498.0234375,66116.5078125,31200.0,18312.900390625,20454.544921875,13805.3505859375,71100.0,61000.0,38700.0,10420.16796875,57300.0,8291.4775390625,14354.4404296875,19811.046875,34100.0,24300.0,15428.5712890625,93100.0,20475.0,15461.02734375,20350.0,78461.5390625,65000.0,15153.7939453125,17300.0,25300.0,17800.0,33220.0,2670.0
2024-12-17,19392.07421875,67800.0,36045.68359375,52100.0,25062.814453125,116996.046875,66019.4140625,31100.0,18351.453125,20454.544921875,13833.9921875,71000.0,60300.0,38900.0,10378.1513671875,57300.0,8251.6142578125,14354.4404296875,19735.142578125,34100.0,24200.0,15428.5712890625,93000.0,20650.0,15380.91796875,20275.0,78153.84375,64600.0,15034.78515625,17150.0,25300.0,17750.0,33130.0,2662.0
2024-12-18,19353.59765625,67800.0,36239.0625,52200.0,25062.814453125,117549.40625,66504.8515625,31350.0,18351.453125,20719.697265625,13862.6337890625,71400.0,60200.0,39300.0,10588.2353515625,57400.0,8251.6142578125,14312.953125,19886.951171875,34200.0,24200.0,15476.1904296875,93100.0,20450.0,15340.86328125,20300.0,77461.5390625,64700.0,15074.455078125,17100.0,25300.0,17800.0,33230.0,2653.300048828125
2024-12-19,19084.263671875,66500.0,35929.65625,52400.0,25028.24609375,117075.1015625,66504.8515625,30900.0,18120.1328125,20340.908203125,13662.1416015625,70400.0,59800.0,39400.0,10420.16796875,56900.0,8132.02587890625,13690.6513671875,19886.951171875,33900.0,23750.0,15238.095703125,92400.0,20100.0,15140.5908203125,20150.0,76923.078125,63900.0,14915.7763671875,17050.0,25300.0,17650.0,32840.0,2608.10009765625
2024-12-20,19084.263671875,67700.0,35929.65625,51200.0,24993.67578125,118181.8203125,66601.9453125,30900.0,18043.025390625,20227.2734375,13748.06640625,70300.0,60600.0,39000.0,10252.1005859375,56500.0,8092.1630859375,13856.5986328125,19924.90234375,33850.0,23800.0,15142.857421875,92500.0,20175.0,15180.6455078125,20250.0,76307.6953125,65000.0,14995.1162109375,17050.0,25300.0,17630.0,32980.0,2645.10009765625
2024-12-23,19161.216796875,67900.0,36127.67578125,53100.0,25062.814453125,118418.96875,66504.8515625,30850.0,18043.025390625,20454.544921875,13776.7080078125,70300.0,61000.0,38750.0,10168.0673828125,57200.0,8171.888671875,14064.0322265625,19621.28515625,34500.0,23900.0,15285.7138671875,92400.0,20300.0,15180.6455078125,20300.0,77384.6171875,64400.0,15034.78515625,17050.0,25300.0,17710.0,33070.0,2628.199951171875
2024-12-24,19238.16796875,67900.0,35659.69921875,52800.0,25028.24609375,118893.28125,66213.59375,30700.0,18043.025390625,20227.2734375,13690.783203125,70200.0,61300.0,38450.0,10126.05078125,57200.0,8171.888671875,14147.005859375,19697.189453125,34700.0,24000.0,15285.7138671875,92100.0,20175.0,15260.7548828125,20300.0,77692.3046875,64300.0,15034.78515625,17050.0,25300.0,17700.0,33090.0,2635.5
2024-12-25,19584.455078125,69300.0,36174.47265625,53600.0,26411.021484375,119209.484375,66407.765625,31100.0,18428.560546875,20568.181640625,14005.8427734375,70700.0,62200.0,38600.0,10210.083984375,57400.0,8211.751953125,14312.953125,20152.6171875,36250.0,24450.0,15619.0478515625,92400.0,20300.0,15380.91796875,20325.0,78461.5390625,64400.0,15233.1337890625,17300.0,25300.0,17900.0,33500.0,2635.5
2024-12-26,19661.408203125,69700.0,36502.0546875,52600.0,26411.021484375,118418.96875,66504.8515625,30900.0,18621.328125,20454.544921875,14263.619140625,70500.0,61500.0,38450.0,10210.083984375,55700.0,8211.751953125,14022.5458984375,20000.806640625,37100.0,24350.0,15761.904296875,92100.0,20325.0,15821.517578125,20325.0,78076.921875,63800.0,15272.802734375,17150.0,25300.0,17900.0,33410.0,2653.89990234375
2024-12-27,19661.408203125,69800.0,36642.44921875,52300.0,26825.85546875,118260.8671875,66504.8515625,30700.0,19238.18359375,20340.908203125,14349.544921875,70400.0,61400.0,38500.0,10084.033203125,55800.0,8211.751953125,14022.5458984375,20190.568359375,37400.0,24600.0,15952.380859375,92200.0,20175.0,16061.84375,20275.0,77846.15625,63800.0,15272.802734375,17150.0,25300.0,17980.0,33560.0,2631.89990234375
2024-12-30,19545.978515625,69800.0,35800.09375,52000.0,26894.994140625,118972.328125,66213.59375,30550.0,20549.001953125,20265.15234375,14206.3359375,70100.0,61000.0,38200.0,10210.083984375,56100.0,8171.888671875,13856.5986328125,20076.7109375,37850.0,24400.0,15857.142578125,92000.0,20150.0,15821.517578125,20275.0,77000.0,63300.0,15272.802734375,17150.0,25300.0,17970.0,33480.0,2618.10009765625
2024-12-31,19853.7890625,70900.0,35144.92578125,50700.0,26134.466796875,120553.359375,66116.5078125,30350.0,19662.271484375,20189.39453125,14378.1865234375,70000.0,61000.0,37500.0,10084.033203125,55500.0,8171.888671875,13898.0849609375,19773.09375,36900.0,24650.0,15857.142578125,91200.0,20000.0,15781.462890625,20275.0,76923.078125,63400.0,15233.1337890625,17150.0,25300.0,17920.0,33520.0,2641.0
2025-01-01,19853.7890625,70900.0,35144.92578125,50700.0,26134.466796875,120553.359375,66116.5078125,30350.0,19662.271484375,20189.39453125,14378.1865234375,70000.0,61000.0,37500.0,10084.033203125,55500.0,8171.888671875,13898.0849609375,19773.09375,36900.0,24650.0,15857.142578125,91200.0,20000.0,15781.462890625,20275.0,76923.078125,63400.0,15233.1337890625,17150.0,25300.0,17920.0,33520.0,2641.0
2025-01-02,19699.884765625,70800.0,35753.29296875,51500.0,26341.8828125,120158.1015625,66116.5078125,30500.0,19353.84375,20454.544921875,14435.4697265625,70800.0,60600.0,38150.0,10084.033203125,55600.0,8171.888671875,13898.0849609375,19697.189453125,37000.0,24350.0,15761.904296875,91900.0,20000.0,15781.462890625,20275.0,76846.15625,63100.0,15193.4638671875,17300.0,25300.0,17890.0,33500.0,2669.0
2025-01-03,19315.12109375,70500.0,35753.29296875,49750.0,25719.634765625,117786.5625,66019.4140625,30300.0,18852.6484375,20151.515625,14149.0517578125,69700.0,58600.0,38450.0,9915.966796875,55000.0,8171.888671875,13939.572265625,19241.763671875,36100.0,23600.0,15428.5712890625,92000.0,20000.0,15340.86328125,20250.0,76538.4609375,63000.0,14876.107421875,17200.0,25300.0,17710.0,33000.0,2654.699951171875
2025-01-06,19084.263671875,70300.0,36314.86328125,48500.0,25719.634765625,118023.71875,65533.98046875,29400.0,18891.201171875,19734.84765625,13977.201171875,67200.0,57000.0,38350.0,9705.8828125,53600.0,8211.751953125,13898.0849609375,18900.193359375,36250.0,23600.0,15285.7138671875,92900.0,20000.0,15340.86328125,20250.0,76692.3046875,62500.0,14915.7763671875,17150.0,25300.0,17600.0,32610.0,2647.39990234375
2025-01-07,19238.16796875,72600.0,37812.38671875,48800.0,25892.48046875,118656.125,65048.54296875,28300.0,18698.435546875,19734.84765625,14262.1875,66800.0,57100.0,37900.0,9621.8486328125,53700.0,8171.888671875,13939.572265625,18634.529296875,36900.0,23650.0,15333.3330078125,92300.0,20000.0,15501.0810546875,20250.0,76538.4609375,61700.0,14836.4375,16950.0,25300.0,17550.0,32430.0,2665.39990234375
2025-01-08,19238.16796875,72600.0,37765.5859375,49400.0,26134.466796875,117233.203125,65145.6328125,28650.0,17965.91796875,19886.36328125,14229.2490234375,67700.0,58100.0,38300.0,9789.916015625,53700.0,8211.751953125,14188.4931640625,18748.384765625,36700.0,23950.0,15428.5712890625,92400.0,20000.0,15581.1904296875,20250.0,76461.5390625,61700.0,14955.4462890625,16950.0,25300.0,17550.0,32500.0,2672.39990234375
2025-01-09,19199.69140625,71500.0,37391.20703125,49000.0,25857.912109375,117628.4609375,65048.54296875,28600.0,17233.40234375,19696.96875,14163.373046875,67300.0,57700.0,39000.0,9831.9326171875,53600.0,8171.888671875,14147.005859375,18520.671875,36400.0,23950.0,15333.3330078125,91900.0,20200.0,15581.1904296875,20375.0,76384.6171875,61800.0,14836.4375,17000.0,25300.0,17500.0,32550.0,2690.800048828125
2025-01-10,19007.310546875,70000.0,36595.6484375,49500.0,25927.05078125,116442.6875,64757.28125,28000.0,16655.1015625,19356.060546875,13932.806640625,65500.0,57500.0,38100.0,9789.916015625,53600.0,8092.1630859375,14437.4140625,17989.341796875,35200.0,23400.0,15142.857421875,91400.0,20000.0,15461.02734375,20250.0,75846.15625,61300.0,14677.7587890625,16850.0,25300.0,17420.0,32250.0,2715.0
2025-01-13,19045.787109375,69900.0,36782.83984375,49500.0,26065.328125,116679.84375,64466.01953125,28100.0,16732.20703125,19621.212890625,14163.373046875,65000.0,57300.0,38900.0,9915.966796875,54100.0,8092.1630859375,14520.3876953125,18330.91015625,35300.0,23800.0,15142.857421875,91900.0,20000.0,15541.1357421875,20150.0,75846.15625,61400.0,14519.080078125,16700.0,22700.0,17500.0,32170.0,2678.60009765625
2025-01-14,18968.833984375,70000.0,36502.0546875,50800.0,25546.787109375,114703.5546875,64951.45703125,27750.0,16308.119140625,19583.333984375,14031.6201171875,63700.0,57200.0,39750.0,9789.916015625,54500.0,8052.30029296875,14478.900390625,18179.1015625,35400.0,23600.0,15142.857421875,91700.0,20000.0,15541.1357421875,20100.0,75769.234375,61600.0,14400.0712890625,16100.0,22600.0,17210.0,31990.0,2682.300048828125
2025-01-15,19161.216796875,69200.0,36689.24609375,51200.0,25408.509765625,115019.765625,64854.3671875,28200.0,16693.654296875,19848.484375,14064.55859375,65800.0,57300.0,40000.0,10000.0,55000.0,8092.1630859375,14686.3349609375,18330.91015625,35100.0,23700.0,15238.095703125,91400.0,20000.0,15741.408203125,20125.0,75923.078125,61700.0,14598.419921875,16500.0,22600.0,17250.0,32070.0,2717.800048828125
2025-01-16,19161.216796875,69200.0,36689.24609375,51200.0,25408.509765625,115019.765625,64854.3671875,28200.0,16693.654296875,19848.484375,14064.55859375,65800.0,57300.0,40000.0,10000.0,55000.0,8092.1630859375,14686.3349609375,18330.91015625,35100.0,23700.0,15238.095703125,91400.0,20000.0,15741.408203125,20125.0,75923.078125,61700.0,14598.419921875,16500.0,22740.0,17310.0,32020.0,2750.89990234375
2025-01-17,19199.69140625,69200.0,36970.03125,52200.0,25719.634765625,117786.5625,64854.3671875,28750.0,17349.0625,20075.7578125,14163.373046875,65900.0,57700.0,40000.0,9873.94921875,53400.0,8132.02587890625,14852.2822265625,18634.529296875,35750.0,24400.0,15380.9521484375,92500.0,20050.0,15901.6259765625,20225.0,76153.84375,62000.0,14638.0888671875,16550.0,22930.0,17520.0,32370.0,2748.699951171875
2025-01-20,19238.16796875,69100.0,37344.41015625,52200.0,25788.7734375,118577.078125,65728.15625,28700.0,17734.59765625,20037.87890625,14393.939453125,65500.0,57500.0,39850.0,9747.8994140625,54100.0,8132.02587890625,14935.255859375,18596.576171875,35950.0,24400.0,15619.0478515625,91700.0,20000.0,16101.8984375,20200.0,76000.0,61900.0,14598.419921875,16600.0,23000.0,17600.0,32480.0,2748.699951171875
2025-01-21,19199.69140625,68700.0,37250.81640625,52000.0,25788.7734375,118498.0234375,65145.6328125,28400.0,17464.72265625,19924.2421875,14393.939453125,65700.0,57700.0,39850.0,9579.83203125,53600.0,8132.02587890625,15308.63671875,18558.625,36050.0,24200.0,15428.5712890625,91400.0,20000.0,16101.8984375,20225.0,76000.0,61800.0,14598.419921875,16600.0,23060.0,17590.0,32500.0,2759.199951171875
2025-01-22,19122.740234375,67400.0,36970.03125,50700.0,25788.7734375,118339.921875,64854.3671875,28000.0,16963.529296875,19810.60546875,14361.0009765625,65200.0,57400.0,39150.0,9495.7978515625,53700.0,8092.1630859375,15557.5576171875,18520.671875,36350.0,24200.0,15333.3330078125,91200.0,19750.0,15981.7353515625,20200.0,76000.0,61600.0,14558.75,16300.0,22900.0,17490.0,32310.0,2770.89990234375
2025-01-23,19469.02734375,68000.0,37344.41015625,50700.0,26341.8828125,121976.28125,65048.54296875,28450.0,17271.95703125,20189.39453125,14624.505859375,65400.0,59200.0,39600.0,9621.8486328125,54000.0,8171.888671875,15557.5576171875,19089.955078125,37000.0,24600.0,15571.4287109375,92500.0,19750.0,16382.2802734375,20200.0,76153.84375,62000.0,14995.1162109375,16450.0,23290.0,17800.0,32880.0,2765.0
2025-01-24,19507.501953125,69300.0,37438.00390625,50800.0,26272.744140625,121264.8203125,65922.328125,28800.0,17464.72265625,20113.63671875,14756.2578125,68000.0,60100.0,39500.0,9663.865234375,53800.0,8211.751953125,15557.5576171875,19165.859375,37000.0,24750.0,15666.6669921875,92600.0,19750.0,16542.498046875,20200.0,76769.234375,62200.0,14995.1162109375,16550.0,23400.0,17880.0,33100.0,2778.89990234375
2025-01-27,19507.501953125,69300.0,37438.00390625,50800.0,26272.744140625,121264.8203125,65922.328125,28800.0,17464.72265625,20113.63671875,14756.2578125,68000.0,60100.0,39500.0,9663.865234375,53800.0,8211.751953125,15557.5576171875,19165.859375,37000.0,24750.0,15666.6669921875,92600.0,19750.0,16542.498046875,20200.0,76769.234375,62200.0,14995.1162109375,16550.0,23400.0,17880.0,33100.0,2738.39990234375
2025-01-28,19507.501953125,69300.0,37438.00390625,50800.0,26272.744140625,121264.8203125,65922.328125,28800.0,17464.72265625,20113.63671875,14756.2578125,68000.0,60100.0,39500.0,9663.865234375,53800.0,8211.751953125,15557.5576171875,19165.859375,37000.0,24750.0,15666.6669921875,92600.0,19750.0,16542.498046875,20200.0,76769.234375,62200.0,14995.1162109375,16550.0,23400.0,17880.0,33100.0,2767.5
2025-01-29,19507.501953125,69300.0,37438.00390625,50800.0,26272.744140625,121264.8203125,65922.328125,28800.0,17464.72265625,20113.63671875,14756.2578125,68000.0,60100.0,39500.0,9663.865234375,53800.0,8211.751953125,15557.5576171875,19165.859375,37000.0,24750.0,15666.6669921875,92600.0,19750.0,16542.498046875,20200.0,76769.234375,62200.0,14995.1162109375,16550.0,23400.0,17880.0,33100.0,2769.800048828125
2025-01-30,19507.501953125,69300.0,37438.00390625,50800.0,26272.744140625,121264.8203125,65922.328125,28800.0,17464.72265625,20113.63671875,14756.2578125,68000.0,60100.0,39500.0,9663.865234375,53800.0,8211.751953125,15557.5576171875,19165.859375,37000.0,24750.0,15666.6669921875,92600.0,19750.0,16542.498046875,20200.0,76769.234375,62200.0,14995.1162109375,16550.0,23400.0,17880.0,33100.0,2823.0
2025-01-31,19507.501953125,69300.0,37438.00390625,50800.0,26272.744140625,121264.8203125,65922.328125,28800.0,17464.72265625,20113.63671875,14756.2578125,68000.0,60100.0,39500.0,9663.865234375,53800.0,8211.751953125,15557.5576171875,19165.859375,37000.0,24750.0,15666.6669921875,92600.0,19750.0,16542.498046875,20200.0,76769.234375,62200.0,14995.1162109375,16550.0,23400.0,17880.0,33100.0,2812.5
2025-02-03,19315.12109375,70000.0,36876.43359375,50700.0,26307.314453125,115019.765625,65145.6328125,29250.0,17271.95703125,20000.0,14525.69140625,68000.0,59600.0,39300.0,9705.8828125,52700.0,8331.33984375,15516.0712890625,18824.2890625,36550.0,24250.0,15380.9521484375,91600.0,19500.0,16101.8984375,20025.0,76000.0,60500.0,14677.7587890625,16300.0,22980.0,17620.0,32310.0,2857.10009765625
2025-02-04,19430.55078125,70300.0,37110.421875,51400.0,27240.6875,115573.125,65145.6328125,29500.0,17426.169921875,20340.908203125,14789.1962890625,68600.0,59600.0,40000.0,9873.94921875,52700.0,8411.06640625,15599.044921875,19203.810546875,37300.0,24650.0,15761.904296875,92000.0,19375.0,16302.1708984375,20050.0,75538.4609375,60200.0,14876.107421875,16300.0,23200.0,17760.0,32780.0,2875.800048828125
2025-02-05,19545.978515625,71800.0,37063.625,51300.0,27206.119140625,115652.171875,65825.2421875,29450.0,17426.169921875,20303.03125,14822.134765625,67500.0,59400.0,39900.0,9873.94921875,53100.0,8331.33984375,15474.583984375,19014.05078125,37250.0,24700.0,15809.5234375,92600.0,19425.0,16342.2255859375,20025.0,75153.84375,61500.0,15114.125,16850.0,23260.0,17880.0,32860.0,2893.0
2025-02-06,19622.931640625,70800.0,37250.81640625,51200.0,27309.826171875,115810.2734375,65631.0703125,29200.0,17696.044921875,20303.03125,14888.0107421875,67400.0,59100.0,39900.0,9915.966796875,52700.0,8371.203125,15474.583984375,19014.05078125,37350.0,25200.0,15761.904296875,92900.0,19400.0,16382.2802734375,20225.0,75384.6171875,60700.0,15114.125,16700.0,23350.0,17970.0,33000.0,2876.699951171875
2025-02-07,19776.837890625,70000.0,37905.98046875,52100.0,28208.630859375,115494.0703125,65339.8046875,29400.0,17657.490234375,20189.39453125,14986.8251953125,67700.0,58900.0,39850.0,10042.0166015625,52400.0,8411.06640625,15516.0712890625,18976.09765625,37450.0,25750.0,15761.904296875,93000.0,19375.0,16422.333984375,20325.0,75461.5390625,60800.0,15034.78515625,16850.0,23420.0,17990.0,32790.0,2887.60009765625
2025-02-10,19853.7890625,70900.0,37765.5859375,52900.0,27862.9375,112252.9609375,65339.8046875,28800.0,17426.169921875,19242.423828125,15085.638671875,68800.0,57400.0,40400.0,9915.966796875,52200.0,8411.06640625,15516.0712890625,18900.193359375,38450.0,25750.0,15952.380859375,92200.0,18900.0,16422.333984375,20000.0,74461.5390625,60600.0,14955.4462890625,16600.0,23300.0,17840.0,32760.0,2934.39990234375
2025-02-11,19892.265625,70100.0,37859.18359375,52700.0,28139.4921875,114940.7109375,65048.54296875,28900.0,17387.6171875,19772.7265625,15151.515625,68700.0,56400.0,41200.0,10042.0166015625,51600.0,8570.517578125,15723.5048828125,18748.384765625,38500.0,25900.0,16190.4765625,91900.0,18875.0,16542.498046875,19975.0,74230.765625,60400.0,14995.1162109375,16400.0,23340.0,17810.0,32600.0,2932.60009765625
2025-02-12,19738.361328125,70500.0,37438.00390625,54400.0,28001.21484375,114624.5078125,65145.6328125,28750.0,17387.6171875,19583.333984375,14953.88671875,69000.0,56400.0,41350.0,10000.0,51900.0,8490.7919921875,15723.5048828125,18786.337890625,38650.0,25700.0,16047.619140625,91500.0,19000.0,16422.333984375,19950.0,73923.078125,61000.0,14995.1162109375,16400.0,23350.0,17900.0,32540.0,2928.699951171875
2025-02-13,19776.837890625,70100.0,37438.00390625,54400.0,28243.201171875,113122.53125,64757.28125,29450.0,17503.27734375,19621.212890625,15085.638671875,68900.0,54800.0,42000.0,10210.083984375,51700.0,8570.517578125,15806.478515625,18824.2890625,38800.0,25950.0,16095.23828125,91600.0,19375.0,16382.2802734375,20125.0,74000.0,60700.0,14995.1162109375,16650.0,23370.0,17900.0,32400.0,2945.39990234375
2025-02-14,19815.314453125,70100.0,38046.37109375,54400.0,28035.783203125,114545.453125,65728.15625,30350.0,17618.9375,19772.7265625,15052.701171875,68100.0,55200.0,42350.0,10210.083984375,51600.0,8610.3798828125,16179.8603515625,18900.193359375,38250.0,26000.0,16095.23828125,91600.0,19400.0,16382.2802734375,20125.0,74384.6171875,60300.0,15074.455078125,16600.0,23410.0,17920.0,32510.0,2900.699951171875
2025-02-17,19853.7890625,69800.0,37625.1953125,53600.0,27759.228515625,113517.7890625,65825.2421875,30550.0,17464.72265625,19810.60546875,14920.9482421875,66400.0,54100.0,42050.0,10294.1171875,51100.0,8769.83203125,16470.267578125,18976.09765625,38300.0,25700.0,16047.619140625,91600.0,19400.0,16302.1708984375,20050.0,75000.0,60000.0,14955.4462890625,16450.0,23340.0,17900.0,32410.0,2900.699951171875
2025-02-18,19815.314453125,69500.0,37905.98046875,57300.0,27862.9375,113754.9375,66019.4140625,30850.0,17503.27734375,20113.63671875,14953.88671875,66400.0,54500.0,42600.0,10294.1171875,51200.0,8729.96875,16387.294921875,19089.955078125,38650.0,25850.0,16095.23828125,91600.0,19450.0,16342.2255859375,20100.0,74923.078125,60300.0,15034.78515625,16850.0,23400.0,17920.0,32500.0,2949.0
2025-02-19,19853.7890625,71300.0,38233.5625,56500.0,28001.21484375,113833.9921875,66699.03125,31650.0,17580.384765625,20075.7578125,15052.701171875,67700.0,55800.0,43200.0,10420.16796875,51300.0,8769.83203125,16262.833984375,19241.763671875,38750.0,26100.0,16190.4765625,91700.0,19550.0,16462.388671875,20200.0,74923.078125,60800.0,15114.125,17200.0,23480.0,18000.0,32610.0,2936.10009765625
2025-02-20,19969.21875,72400.0,38280.359375,56900.0,28243.201171875,113043.4765625,66796.1171875,32350.0,17618.9375,20113.63671875,15052.701171875,68000.0,56700.0,43100.0,10252.1005859375,51400.0,8729.96875,16262.833984375,19165.859375,38750.0,26550.0,16285.7138671875,91700.0,20275.0,16462.388671875,20475.0,74538.4609375,60700.0,15233.1337890625,17350.0,23540.0,18130.0,32640.0,2956.10009765625
2025-02-21,20161.6015625,74900.0,38280.359375,58000.0,28692.6015625,112252.9609375,66407.765625,32400.0,17773.150390625,20037.87890625,15085.638671875,67600.0,58100.0,43200.0,10378.1513671875,51800.0,8769.83203125,16221.3466796875,19241.763671875,38850.0,26500.0,16190.4765625,93100.0,20150.0,16502.443359375,20325.0,74307.6953125,61400.0,15431.4814453125,17250.0,23600.0,18140.0,32880.0,2953.199951171875
2025-02-24,20123.125,74500.0,38467.55078125,58700.0,28969.158203125,111067.1953125,66601.9453125,32450.0,18081.580078125,20984.84765625,15151.515625,67600.0,58400.0,43000.0,10378.1513671875,52400.0,8889.419921875,16304.3203125,19621.28515625,39400.0,26500.0,16238.095703125,93500.0,20125.0,16662.662109375,20300.0,74307.6953125,63800.0,15510.8212890625,17350.0,23800.0,18280.0,33000.0,2963.199951171875
2025-02-25,20007.6953125,76600.0,38607.94140625,57200.0,28934.587890625,109881.421875,66699.03125,32100.0,17888.8125,20833.333984375,15415.01953125,68400.0,58300.0,43300.0,10294.1171875,52400.0,8889.419921875,16262.833984375,19621.28515625,39250.0,26400.0,16142.857421875,92600.0,20375.0,16622.607421875,20350.0,73923.078125,62900.0,15352.142578125,17250.0,23760.0,18260.0,32900.0,2918.800048828125
2025-02-26,19969.21875,76400.0,38561.14453125,57800.0,28588.89453125,112094.859375,66407.765625,32600.0,17773.150390625,21022.7265625,15283.267578125,68300.0,58700.0,43250.0,10168.0673828125,52200.0,8938.052734375,16013.9130859375,19621.28515625,38550.0,26300.0,16142.857421875,92300.0,20350.0,16502.443359375,20500.0,74692.3046875,63100.0,15272.802734375,17150.0,23790.0,18240.0,32880.0,2930.60009765625
2025-02-27,20084.6484375,76000.0,38327.15625,57800.0,28692.6015625,111699.6015625,66019.4140625,32700.0,17888.8125,21553.03125,15283.267578125,68400.0,58600.0,42950.0,10084.033203125,52200.0,8893.8056640625,16179.8603515625,19811.046875,38300.0,26250.0,16095.23828125,94000.0,20525.0,16542.498046875,20525.0,74538.4609375,62200.0,15312.47265625,17200.0,23760.0,18270.0,32930.0,2895.89990234375
2025-02-28,20007.6953125,75700.0,38327.15625,56600.0,28692.6015625,110909.09375,66019.4140625,33400.0,17773.150390625,21212.12109375,15151.515625,67700.0,58300.0,43550.0,10294.1171875,51500.0,8849.5576171875,16096.88671875,19962.85546875,38250.0,26100.0,15904.76171875,93300.0,20600.0,16622.607421875,20600.0,73846.15625,62200.0,15312.47265625,17400.0,23740.0,18300.0,32700.0,2848.5
2025-03-03,20007.6953125,75600.0,38327.15625,56900.0,28519.755859375,111067.1953125,66601.9453125,33100.0,17734.59765625,21250.0,15217.3916015625,68000.0,58800.0,44200.0,10336.134765625,51700.0,8778.7607421875,16138.373046875,20190.568359375,38850.0,26100.0,15428.5712890625,62408.02734375,21275.0,16822.87890625,21025.0,74538.4609375,63200.0,15233.1337890625,17700.0,23760.0,18320.0,32820.0,2901.10009765625
2025-03-04,20123.125,75800.0,38186.765625,56600.0,28761.7421875,110671.9375,67087.375,33500.0,17696.044921875,21098.484375,15415.01953125,69100.0,59500.0,44500.0,10210.083984375,52000.0,8823.0087890625,16138.373046875,20000.806640625,39200.0,27500.0,15428.5712890625,62207.359375,21025.0,16902.98828125,20975.0,74461.5390625,63500.0,15153.7939453125,17700.0,23830.0,18390.0,33050.0,2920.60009765625
2025-03-05,20123.125,75100.0,38046.37109375,56600.0,28485.185546875,109960.4765625,66407.765625,33000.0,17657.490234375,20871.212890625,15513.833984375,68200.0,59600.0,43750.0,10042.0166015625,51800.0,8840.7080078125,16138.373046875,19811.046875,38800.0,27300.0,15333.3330078125,62207.359375,21350.0,16822.87890625,21125.0,74153.84375,62700.0,15074.455078125,17750.0,23880.0,18390.0,32920.0,2926.0
2025-03-06,20315.505859375,75200.0,38186.765625,57700.0,28796.310546875,111936.7578125,66310.6796875,34000.0,17773.150390625,21174.2421875,15876.15234375,69200.0,61900.0,43650.0,10168.0673828125,51400.0,8849.5576171875,16138.373046875,20418.28125,39500.0,27700.0,15428.5712890625,62541.8046875,21800.0,16782.82421875,21175.0,74230.765625,62900.0,15193.4638671875,17850.0,24060.0,18500.0,33380.0,2926.60009765625
2025-03-07,20507.88671875,75000.0,38514.34765625,56700.0,29314.8515625,111778.65625,65825.2421875,33500.0,18043.025390625,21250.0,16139.6572265625,69000.0,61900.0,42850.0,10168.0673828125,51200.0,8849.5576171875,16304.3203125,20418.28125,39750.0,27750.0,15571.4287109375,63612.0390625,22475.0,16782.82421875,22650.0,74615.3828125,62700.0,15272.802734375,18200.0,24150.0,18500.0,33380.0,2914.10009765625
2025-03-10,20353.982421875,80200.0,38748.3359375,56200.0,29349.421875,110118.578125,65825.2421875,33300.0,18274.345703125,21174.2421875,16139.6572265625,68900.0,62200.0,43000.0,10126.05078125,51400.0,8849.5576171875,16428.78125,20228.521484375,40000.0,27800.0,15428.5712890625,64749.1640625,22650.0,16782.82421875,23650.0,75153.84375,62500.0,15391.8125,18250.0,24300.0,18650.0,33640.0,2899.39990234375
2025-03-11,20353.982421875,80200.0,38748.3359375,54900.0,29453.12890625,108695.6484375,65436.89453125,33400.0,18351.453125,21325.7578125,16337.2861328125,68900.0,63000.0,43300.0,10126.05078125,51200.0,8840.7080078125,16428.78125,20266.47265625,39900.0,28000.0,15476.1904296875,64749.1640625,22750.0,16662.662109375,23650.0,75153.84375,62400.0,15629.830078125,18200.0,24280.0,18590.0,33520.0,2920.89990234375
2025-03-12,20238.552734375,80600.0,38280.359375,55000.0,29487.69921875,107430.828125,65922.328125,32800.0,18235.79296875,21060.60546875,16205.533203125,68700.0,62700.0,42900.0,10168.0673828125,51100.0,8831.8583984375,16470.267578125,20266.47265625,39750.0,27850.0,15380.9521484375,66700.0,23475.0,16422.333984375,24050.0,74923.078125,62200.0,15550.490234375,18300.0,24320.0,18630.0,33300.0,2946.800048828125
2025-03-13,20084.6484375,78800.0,37625.1953125,54100.0,29245.712890625,107905.140625,66310.6796875,33000.0,17850.2578125,20984.84765625,16007.9052734375,70400.0,61500.0,41700.0,10042.0166015625,51100.0,8849.5576171875,16428.78125,20456.234375,39000.0,27300.0,15285.7138671875,65500.0,23900.0,16262.1162109375,25700.0,74846.15625,62000.0,15272.802734375,18800.0,24240.0,18590.0,32920.0,2991.300048828125
2025-03-14,20007.6953125,79000.0,37812.38671875,53600.0,29245.712890625,103873.515625,65728.15625,33300.0,17888.8125,20871.212890625,16007.9052734375,71100.0,61500.0,41400.0,10084.033203125,51600.0,9469.0263671875,16428.78125,20456.234375,38850.0,27300.0,15333.3330078125,66000.0,23950.0,16302.1708984375,26100.0,75846.15625,62100.0,15550.490234375,18750.0,24240.0,18500.0,32880.0,3001.10009765625
2025-03-17,20161.6015625,81800.0,37765.5859375,53000.0,29453.12890625,102766.796875,66213.59375,33050.0,18043.025390625,21098.484375,16007.9052734375,70500.0,62000.0,41450.0,10168.0673828125,51600.0,9955.751953125,16428.78125,20494.185546875,38850.0,27450.0,15571.4287109375,67300.0,23900.0,16422.333984375,26050.0,76230.765625,63000.0,16026.5263671875,18700.0,24360.0,18880.0,32900.0,3006.10009765625
2025-03-18,20238.552734375,81800.0,37438.00390625,53300.0,29038.296875,102766.796875,67087.375,33400.0,17927.365234375,20909.091796875,15744.400390625,69600.0,61800.0,41700.0,10840.3359375,51100.0,10265.486328125,16345.8076171875,20342.376953125,38400.0,27400.0,15476.1904296875,66800.0,23650.0,16342.2255859375,25650.0,75692.3046875,62500.0,15709.1689453125,18450.0,24290.0,18550.0,32630.0,3040.800048828125
2025-03-19,20161.6015625,80700.0,37250.81640625,53400.0,28727.171875,98498.0234375,66796.1171875,34800.0,17773.150390625,20643.939453125,15711.462890625,68500.0,59500.0,41500.0,10840.3359375,50800.0,10309.734375,16428.78125,20152.6171875,38400.0,27250.0,15285.7138671875,66500.0,23675.0,16422.333984375,25950.0,75230.765625,62300.0,15431.4814453125,18450.0,24110.0,18450.0,32200.0,3041.199951171875
2025-03-20,20200.076171875,79500.0,37250.81640625,53000.0,28761.7421875,98814.2265625,66601.9453125,34500.0,17811.705078125,20568.181640625,15974.966796875,68400.0,60000.0,41300.0,10798.3193359375,50600.0,10398.23046875,16470.267578125,20152.6171875,38900.0,27450.0,14476.1904296875,66800.0,23675.0,16342.2255859375,25750.0,74000.0,61800.0,15550.490234375,18400.0,24100.0,18350.0,32320.0,3043.800048828125
2025-03-21,20084.6484375,78700.0,36923.234375,52500.0,28796.310546875,101185.7734375,65728.15625,34550.0,17734.59765625,20568.181640625,16007.9052734375,67900.0,60300.0,41300.0,10462.1845703125,50300.0,10398.23046875,16470.267578125,20190.568359375,38650.0,27350.0,14047.619140625,66000.0,24125.0,16262.1162109375,26500.0,74307.6953125,61300.0,15471.1513671875,18450.0,24040.0,18340.0,32480.0,3021.39990234375
2025-03-24,20277.029296875,77300.0,36595.6484375,52200.0,28900.01953125,101976.28125,65242.71875,34150.0,17464.72265625,20568.181640625,16073.78125,68500.0,60300.0,41250.0,10714.2861328125,49900.0,10973.451171875,16387.294921875,20608.04296875,38600.0,28000.0,13809.5234375,66500.0,25650.0,15981.7353515625,28350.0,74307.6953125,61400.0,15550.490234375,19150.0,24260.0,18490.0,32550.0,3015.60009765625
2025-03-25,20238.552734375,78100.0,37157.21875,52400.0,29245.712890625,100000.0,65242.71875,34600.0,17541.830078125,20606.060546875,15942.029296875,68500.0,60500.0,40950.0,10966.38671875,49550.0,10973.451171875,16428.78125,20418.28125,38650.0,27900.0,14095.23828125,66200.0,25750.0,16061.84375,28450.0,74384.6171875,61400.0,15471.1513671875,19800.0,24330.0,18500.0,32530.0,3025.89990234375
2025-03-26,20123.125,78000.0,37016.828125,52200.0,28865.44921875,97233.203125,65533.98046875,34500.0,17541.830078125,20871.212890625,15810.2763671875,68300.0,60800.0,41150.0,10924.3701171875,49550.0,10840.7080078125,16221.3466796875,20114.6640625,38600.0,28000.0,13809.5234375,65800.0,25750.0,15981.7353515625,28500.0,74384.6171875,61200.0,15352.142578125,19950.0,24240.0,18460.0,32380.0,3022.5
2025-03-27,20007.6953125,77400.0,36595.6484375,53200.0,28761.7421875,99762.84375,65242.71875,34950.0,17464.72265625,20833.333984375,15744.400390625,69400.0,60400.0,40950.0,10798.3193359375,49550.0,11238.9384765625,16262.833984375,19962.85546875,38250.0,27750.0,13619.0478515625,65500.0,25600.0,16021.7900390625,28550.0,74230.765625,61100.0,15272.802734375,19650.0,24150.0,18380.0,32330.0,3061.0
2025-03-28,19969.21875,77600.0,36595.6484375,53500.0,28588.89453125,98023.71875,64854.3671875,34800.0,17156.294921875,20568.181640625,15744.400390625,68500.0,59800.0,39800.0,10756.302734375,49300.0,11238.9384765625,16345.8076171875,20000.806640625,38250.0,27550.0,13523.8095703125,64800.0,25600.0,15861.5712890625,29000.0,73846.15625,60300.0,15272.802734375,19500.0,24150.0,18890.0,32000.0,3086.5
2025-03-31,20007.6953125,74800.0,36268.06640625,53300.0,28658.033203125,95652.171875,64854.3671875,32400.0,17040.634765625,20265.15234375,15876.15234375,66800.0,59000.0,39550.0,10756.302734375,48900.0,11017.69921875,16221.3466796875,19735.142578125,38300.0,27500.0,13619.0478515625,64000.0,25650.0,15901.6259765625,29000.0,73076.921875,60600.0,15074.455078125,19150.0,23820.0,18100.0,31840.0,3122.800048828125
2025-04-01,20046.171875,75900.0,36502.0546875,52700.0,28934.587890625,95256.9140625,65533.98046875,31850.0,17310.509765625,20454.544921875,16205.533203125,66200.0,58600.0,40300.0,10882.3525390625,49350.0,11017.69921875,16221.3466796875,19773.09375,39700.0,27950.0,13619.0478515625,64500.0,26500.0,16021.7900390625,29850.0,73230.765625,60800.0,15193.4638671875,20000.0,23810.0,18170.0,31840.0,3146.0
2025-04-02,19969.21875,75600.0,36221.26953125,52100.0,29003.7265625,96442.6875,65145.6328125,31900.0,17310.509765625,20643.939453125,16040.8427734375,66000.0,58800.0,40200.0,10756.302734375,49300.0,11106.1943359375,15930.939453125,20076.7109375,39250.0,27900.0,13571.4287109375,64800.0,26500.0,15981.7353515625,30200.0,73076.921875,60500.0,15193.4638671875,20150.0,24000.0,18290.0,31800.0,3166.199951171875
2025-04-03,18584.0703125,70400.0,33694.203125,48500.0,26998.701171875,89723.3203125,60679.61328125,29700.0,16115.3515625,19204.544921875,14920.9482421875,61400.0,54700.0,37400.0,10042.0166015625,45850.0,10353.982421875,15516.0712890625,18672.48046875,36550.0,25950.0,12666.6669921875,60300.0,24650.0,14900.2646484375,28100.0,68000.0,56500.0,14162.0537109375,18750.0,22330.0,17150.0,29580.0,3121.699951171875
2025-04-04,18314.736328125,65500.0,33694.203125,45150.0,26756.716796875,89328.0625,56990.29296875,27650.0,16038.2451171875,18636.36328125,14789.1962890625,58000.0,52800.0,35700.0,9579.83203125,43350.0,10663.716796875,15930.939453125,18027.29296875,37400.0,25700.0,12142.857421875,60000.0,25150.0,14980.373046875,29150.0,66384.6171875,58500.0,13844.697265625,18800.0,22330.0,17000.0,29080.0,3035.39990234375
2025-04-07,18314.736328125,65500.0,33694.203125,45150.0,26756.716796875,89328.0625,56990.29296875,27650.0,16038.2451171875,18636.36328125,14789.1962890625,58000.0,52800.0,35700.0,9579.83203125,43350.0,10663.716796875,15930.939453125,18027.29296875,37400.0,25700.0,12142.857421875,60000.0,25150.0,14980.373046875,29150.0,66384.6171875,58500.0,13844.697265625,18800.0,22330.0,17000.0,29080.0,2973.60009765625
2025-04-08,17045.017578125,61000.0,31354.330078125,42000.0,24889.96875,83083.0078125,53009.70703125,25750.0,14920.1943359375,17348.484375,13768.1162109375,54000.0,49150.0,33250.0,8949.580078125,42600.0,9955.751953125,15764.9921875,16774.87109375,34800.0,23950.0,11333.3330078125,55800.0,23500.0,13938.95703125,27550.0,63538.4609375,54500.0,12892.6259765625,17500.0,20770.0,16700.0,27050.0,2990.199951171875
2025-04-09,16775.68359375,56800.0,30371.58203125,39100.0,23368.9140625,83241.109375,49320.38671875,23950.0,14033.46484375,16136.36328125,13603.42578125,50300.0,46250.0,30950.0,8344.5380859375,44100.0,9690.265625,16013.9130859375,15636.3046875,33100.0,23600.0,11142.857421875,52500.0,24250.0,13578.466796875,28500.0,60846.15234375,52000.0,12654.6083984375,18000.0,20640.0,16200.0,25880.0,3079.39990234375
2025-04-10,17929.97265625,60700.0,32477.46875,41800.0,24993.67578125,89011.859375,52718.4453125,25600.0,14997.30078125,17234.84765625,14525.69140625,53800.0,49450.0,33100.0,8907.5634765625,47150.0,10353.982421875,17134.056640625,16698.966796875,35400.0,25250.0,11904.76171875,56100.0,25900.0,14499.7197265625,30450.0,65076.921875,55600.0,13527.33984375,19250.0,22080.0,17330.0,27690.0,3177.5
2025-04-11,19122.740234375,59700.0,34396.16796875,44000.0,26549.298828125,93675.890625,56407.765625,26000.0,15961.1376953125,18409.091796875,15447.9580078125,57100.0,52900.0,35350.0,9495.7978515625,49000.0,10752.2119140625,16594.728515625,17799.580078125,37850.0,26600.0,12571.4287109375,59800.0,26750.0,14940.318359375,32550.0,65692.3046875,57500.0,13844.697265625,19400.0,22800.0,17520.0,29100.0,3244.60009765625
2025-04-14,19084.263671875,60500.0,34630.15625,44600.0,26480.16015625,93675.890625,57475.7265625,26200.0,16192.458984375,19204.544921875,15447.9580078125,60000.0,56600.0,34850.0,9873.94921875,49500.0,10752.2119140625,15889.4521484375,18292.958984375,37800.0,26550.0,12428.5712890625,59300.0,28600.0,15020.427734375,34800.0,65769.234375,56900.0,13725.6884765625,20300.0,23140.0,17490.0,29300.0,3226.300048828125
2025-04-15,18545.59375,56500.0,34162.1796875,44000.0,26099.896484375,91699.6015625,56504.85546875,24400.0,15845.4775390625,19583.333984375,15151.515625,58500.0,57100.0,33600.0,9915.966796875,48700.0,10530.9736328125,15433.09765625,17685.72265625,38450.0,26000.0,12190.4765625,60000.0,28750.0,14780.1005859375,35250.0,64076.921875,56300.0,13408.3310546875,20300.0,22800.0,17200.0,29200.0,3240.39990234375
2025-04-16,18699.5,53500.0,33694.203125,44050.0,25719.634765625,85296.4453125,56407.765625,23500.0,15922.5849609375,19318.181640625,15085.638671875,56400.0,56800.0,33000.0,10000.0,47600.0,10619.46875,15516.0712890625,17458.009765625,38150.0,25800.0,12333.3330078125,59300.0,28250.0,14579.828125,33950.0,65692.3046875,56000.0,13328.9921875,20400.0,22500.0,17100.0,28520.0,3346.39990234375
2025-04-17,18699.5,53500.0,33553.8125,45350.0,25754.203125,86482.2109375,56407.765625,24200.0,15961.1376953125,19318.181640625,15151.515625,57300.0,56800.0,33850.0,10084.033203125,47000.0,10663.716796875,16055.3994140625,17533.9140625,38300.0,26000.0,12476.1904296875,58100.0,28400.0,14419.6103515625,35500.0,67692.3046875,56000.0,13130.6435546875,20400.0,22590.0,17110.0,28600.0,3328.39990234375
2025-04-18,18853.404296875,54000.0,33647.40625,45000.0,25892.48046875,88221.34375,56699.02734375,24500.0,16038.2451171875,19280.302734375,15316.205078125,58000.0,56200.0,34000.0,10084.033203125,47350.0,11371.681640625,16055.3994140625,17723.67578125,38550.0,26000.0,12571.4287109375,58100.0,27500.0,14659.9375,33050.0,66538.4609375,56600.0,13448.0009765625,20400.0,22760.0,17230.0,29190.0,3328.39990234375
2025-04-21,18545.59375,55200.0,32992.2421875,44000.0,25754.203125,88300.3984375,56407.765625,23700.0,15729.8173828125,18901.515625,15118.5771484375,58100.0,55600.0,33800.0,10168.0673828125,47100.0,11681.416015625,15806.478515625,17382.10546875,40450.0,25750.0,12904.76171875,58200.0,27500.0,14699.9921875,30750.0,64615.3828125,56700.0,13249.65234375,20400.0,22640.0,17180.0,28620.0,3425.300048828125
2025-04-22,18545.59375,52000.0,32851.84765625,43400.0,25650.49609375,87272.7265625,55825.2421875,22300.0,15652.7099609375,18977.2734375,15217.3916015625,58700.0,57300.0,33100.0,9957.9833984375,46600.0,11681.416015625,15930.939453125,16888.7265625,40650.0,25150.0,12761.904296875,58500.0,28750.0,14019.06640625,29500.0,64230.76953125,56000.0,13170.3134765625,20600.0,22450.0,16970.0,28100.0,3419.39990234375
2025-04-23,18930.357421875,55000.0,33085.8359375,44000.0,25788.7734375,87272.7265625,55825.2421875,23150.0,15691.263671875,19356.060546875,15415.01953125,59600.0,58800.0,33450.0,10042.0166015625,48600.0,11504.4248046875,15350.1240234375,17268.25,40200.0,26100.0,12857.142578125,58000.0,29250.0,14139.2294921875,29300.0,65923.078125,56400.0,13249.65234375,21950.0,22600.0,17040.0,28320.0,3294.10009765625
2025-04-24,18584.0703125,55500.0,33179.43359375,46450.0,25857.912109375,88537.546875,55825.2421875,23550.0,16385.2265625,19393.939453125,15316.205078125,59900.0,59700.0,33650.0,10084.033203125,49200.0,11415.9296875,15433.09765625,17458.009765625,40200.0,25750.0,12809.5234375,58200.0,30600.0,14139.2294921875,31350.0,65923.078125,56300.0,13209.9833984375,22800.0,22650.0,17100.0,28730.0,3348.60009765625
2025-04-25,18391.689453125,55800.0,32758.25390625,46100.0,25685.064453125,88853.7578125,56796.1171875,23800.0,16385.2265625,19469.697265625,15513.833984375,62000.0,60500.0,34250.0,10000.0,49500.0,11327.43359375,15018.2294921875,17306.201171875,39150.0,25950.0,12761.904296875,57500.0,31150.0,13898.90234375,33500.0,70000.0,58300.0,13090.974609375,22800.0,22800.0,17180.0,29080.0,3298.39990234375
2025-04-28,18430.166015625,55700.0,32337.076171875,46000.0,25477.6484375,86561.265625,56699.02734375,23500.0,16577.994140625,19431.818359375,15612.6484375,62500.0,60900.0,33800.0,9873.94921875,51200.0,11238.9384765625,15433.09765625,17495.962890625,39250.0,26000.0,12857.142578125,57500.0,29250.0,13898.90234375,34000.0,68538.4609375,57500.0,13130.6435546875,23100.0,22850.0,17180.0,29410.0,3347.699951171875
2025-04-29,18507.1171875,55000.0,32337.076171875,45950.0,25719.634765625,86482.2109375,56601.94140625,23700.0,16539.439453125,19318.181640625,15513.833984375,62500.0,60800.0,33900.0,9957.9833984375,48100.0,11150.4423828125,15267.150390625,17420.05859375,39100.0,26300.0,12952.380859375,57300.0,29200.0,13898.90234375,34000.0,66153.84375,57600.0,13130.6435546875,23650.0,22890.0,17200.0,29440.0,3333.60009765625
2025-04-30,18507.1171875,55000.0,32337.076171875,45950.0,25719.634765625,86482.2109375,56601.94140625,23700.0,16539.439453125,19318.181640625,15513.833984375,62500.0,60800.0,33900.0,9957.9833984375,48100.0,11150.4423828125,15267.150390625,17420.05859375,39100.0,26300.0,12952.380859375,57300.0,29200.0,13898.90234375,34000.0,66153.84375,57600.0,13130.6435546875,23650.0,22890.0,17200.0,29440.0,3319.10009765625
2025-05-01,18507.1171875,55000.0,32337.076171875,45950.0,25719.634765625,86482.2109375,56601.94140625,23700.0,16539.439453125,19318.181640625,15513.833984375,62500.0,60800.0,33900.0,9957.9833984375,48100.0,11150.4423828125,15267.150390625,17420.05859375,39100.0,26300.0,12952.380859375,57300.0,29200.0,13898.90234375,34000.0,66153.84375,57600.0,13130.6435546875,23650.0,22890.0,17200.0,29440.0,3222.199951171875
2025-05-02,18507.1171875,55000.0,32337.076171875,45950.0,25719.634765625,86482.2109375,56601.94140625,23700.0,16539.439453125,19318.181640625,15513.833984375,62500.0,60800.0,33900.0,9957.9833984375,48100.0,11150.4423828125,15267.150390625,17420.05859375,39100.0,26300.0,12952.380859375,57300.0,29200.0,13898.90234375,34000.0,66153.84375,57600.0,13130.6435546875,23650.0,22890.0,17200.0,29440.0,3243.300048828125
2025-05-05,18507.1171875,55000.0,32617.861328125,45950.0,25823.341796875,85849.8046875,56796.1171875,23700.0,16346.6728515625,19469.697265625,15513.833984375,62500.0,60800.0,33900.0,10336.134765625,48100.0,11238.9384765625,15308.63671875,17533.9140625,39100.0,26300.0,12952.380859375,57300.0,30450.0,14059.1201171875,35000.0,68923.078125,57600.0,13170.3134765625,23650.0,22890.0,17340.0,29640.0,3322.300048828125
2025-05-06,18507.1171875,57500.0,32617.861328125,46100.0,25823.341796875,85849.8046875,56796.1171875,24850.0,16346.6728515625,19469.697265625,15513.833984375,62500.0,61000.0,33650.0,10336.134765625,47900.0,11238.9384765625,15308.63671875,17533.9140625,39500.0,26500.0,12952.380859375,57100.0,30450.0,14059.1201171875,35000.0,68923.078125,56900.0,13170.3134765625,24900.0,22820.0,17350.0,29510.0,3422.800048828125
2025-05-07,18468.642578125,56000.0,32711.45703125,47500.0,25996.189453125,86719.3671875,57864.078125,24300.0,16385.2265625,19280.302734375,15513.833984375,62000.0,60500.0,33900.0,10252.1005859375,47850.0,11061.947265625,15308.63671875,17571.8671875,38850.0,26850.0,13142.857421875,57000.0,30450.0,14019.06640625,35250.0,68461.5390625,56900.0,13408.3310546875,24900.0,23000.0,17360.0,29600.0,3391.89990234375
2025-05-08,18468.642578125,57100.0,32664.66015625,49000.0,25892.48046875,86719.3671875,58737.86328125,24850.0,16153.9052734375,19242.423828125,15316.205078125,60900.0,60100.0,33500.0,10672.2685546875,48050.0,11150.4423828125,15391.6103515625,17344.154296875,38850.0,27000.0,13238.095703125,57000.0,31000.0,13979.01171875,36700.0,68384.6171875,57200.0,13487.669921875,24900.0,23120.0,17380.0,30090.0,3306.0
2025-05-09,18584.0703125,60000.0,33179.43359375,48900.0,25961.619140625,90355.734375,59611.65234375,26550.0,16385.2265625,19469.697265625,15513.833984375,63000.0,60300.0,35700.0,10756.302734375,48550.0,11415.9296875,15516.0712890625,17533.9140625,39500.0,27400.0,13380.9521484375,57100.0,31100.0,14099.1748046875,39250.0,69076.921875,57400.0,13487.669921875,25000.0,23300.0,17420.0,30210.0,3344.0
2025-05-12,18776.453125,60000.0,32992.2421875,48900.0,26169.037109375,93517.7890625,60485.4375,26550.0,16577.994140625,19242.423828125,15678.5244140625,63000.0,60300.0,35700.0,10882.3525390625,48550.0,11637.16796875,15764.9921875,17609.818359375,39500.0,27400.0,14047.619140625,57100.0,31150.0,14419.6103515625,39700.0,69538.4609375,57400.0,13765.357421875,25000.0,23300.0,17490.0,30850.0,3228.0
2025-05-13,18776.453125,61500.0,32992.2421875,48800.0,26169.037109375,93517.7890625,60485.4375,27950.0,16577.994140625,19242.423828125,15678.5244140625,62000.0,60800.0,35500.0,10882.3525390625,49450.0,11637.16796875,15764.9921875,17609.818359375,40000.0,29400.0,14047.619140625,56600.0,31150.0,14419.6103515625,39700.0,69538.4609375,58600.0,13765.357421875,25500.0,23850.0,17650.0,31690.0,3247.800048828125
2025-05-14,18930.357421875,61800.0,33507.015625,49100.0,27240.6875,94466.40625,60194.17578125,28650.0,16809.314453125,19545.455078125,16139.6572265625,62100.0,63500.0,35550.0,10756.302734375,49250.0,11592.919921875,15516.0712890625,17761.626953125,40100.0,29400.0,12952.380859375,56800.0,31000.0,14459.6650390625,39800.0,69615.3828125,58500.0,14043.044921875,25400.0,24000.0,17750.0,32500.0,3188.300048828125
2025-05-15,19084.263671875,62500.0,35051.33203125,49200.0,27378.96484375,99841.8984375,60097.0859375,28000.0,17117.7421875,19810.60546875,16139.6572265625,62300.0,64000.0,35700.0,10840.3359375,49500.0,11504.4248046875,15640.53125,18141.150390625,40000.0,29850.0,13142.857421875,58700.0,30200.0,14699.9921875,39900.0,71538.4609375,56200.0,14995.1162109375,24700.0,24240.0,17760.0,32380.0,3226.60009765625
2025-05-16,19661.408203125,61000.0,35004.53515625,49600.0,27482.673828125,98814.2265625,60194.17578125,28100.0,17156.294921875,19810.60546875,16501.9765625,62800.0,64300.0,35550.0,10798.3193359375,50300.0,12123.8935546875,16096.88671875,18141.150390625,40700.0,29900.0,13095.23828125,58700.0,29000.0,15020.427734375,39900.0,70000.0,56800.0,14717.4287109375,24150.0,24420.0,17790.0,32000.0,3187.199951171875
2025-05-19,19545.978515625,60700.0,33881.39453125,48250.0,27033.271484375,93438.734375,58932.0390625,27200.0,16963.529296875,19431.818359375,16205.533203125,62000.0,63700.0,35100.0,10840.3359375,49700.0,11814.1591796875,15599.044921875,17723.67578125,39000.0,29500.0,12809.5234375,57000.0,29400.0,14419.6103515625,42800.0,67692.3046875,56000.0,14439.7412109375,24750.0,24230.0,17890.0,31930.0,3233.5
2025-05-20,19545.978515625,60700.0,33881.39453125,48250.0,27033.271484375,93438.734375,58932.0390625,27200.0,16963.529296875,19431.818359375,16205.533203125,62000.0,63700.0,35100.0,10840.3359375,49700.0,11814.1591796875,15599.044921875,17723.67578125,39000.0,29500.0,12809.5234375,57000.0,29400.0,14419.6103515625,42800.0,67692.3046875,56000.0,14439.7412109375,24750.0,24230.0,17990.0,32110.0,3284.60009765625
2025-05-21,19699.884765625,60700.0,33881.39453125,49700.0,27309.826171875,94229.25,58737.86328125,27700.0,17194.849609375,19431.818359375,16370.2236328125,62700.0,64700.0,34800.0,10966.38671875,49800.0,11814.1591796875,15640.53125,17837.533203125,39500.0,30950.0,12857.142578125,57100.0,31450.0,14579.828125,45750.0,67923.078125,55900.0,14439.7412109375,25800.0,24520.0,18020.0,32150.0,3313.5
2025-05-22,19738.361328125,60900.0,33881.39453125,50300.0,27275.2578125,93517.7890625,58543.6875,27300.0,17271.95703125,19507.576171875,16501.9765625,63600.0,64300.0,35300.0,11050.419921875,49600.0,11946.90234375,15516.0712890625,17723.67578125,41800.0,30900.0,12857.142578125,57100.0,33650.0,14579.828125,46750.0,67923.078125,55400.0,14638.0888671875,25750.0,24750.0,18050.0,31540.0,3295.0
2025-05-23,22610.619140625,59700.0,33694.203125,49500.0,26860.423828125,92332.015625,59223.30078125,26850.0,17002.08203125,19431.818359375,16238.4716796875,64000.0,64300.0,34800.0,11428.5712890625,49650.0,11902.6552734375,15474.583984375,17723.67578125,41100.0,30500.0,12666.6669921875,56900.0,34050.0,14539.7744140625,46250.0,67076.921875,55000.0,14519.080078125,25350.0,24680.0,18070.0,31570.0,3365.800048828125
2025-05-26,19026.548828125,61700.0,33553.8125,51400.0,27136.978515625,92727.2734375,61165.046875,28850.0,17426.169921875,19356.060546875,16337.2861328125,63800.0,64500.0,34700.0,11344.5380859375,49450.0,12035.3984375,15474.583984375,17913.4375,41550.0,30350.0,12714.2861328125,57000.0,36750.0,14619.8828125,47250.0,67538.4609375,55700.0,14400.0712890625,25500.0,24700.0,18070.0,31940.0,3365.800048828125
2025-05-27,19026.548828125,61700.0,33553.8125,51400.0,27136.978515625,92727.2734375,61165.046875,28850.0,17426.169921875,19356.060546875,16337.2861328125,63800.0,64500.0,34700.0,11344.5380859375,49450.0,12035.3984375,15474.583984375,17913.4375,41550.0,30350.0,12714.2861328125,57000.0,36750.0,14619.8828125,47250.0,67538.4609375,55700.0,14400.0712890625,25500.0,24700.0,18200.0,32290.0,3300.39990234375
2025-05-28,18982.30078125,61600.0,33974.98828125,52500.0,27378.96484375,94071.1484375,61844.66015625,29400.0,17426.169921875,19356.060546875,16304.34765625,64000.0,64300.0,34750.0,11344.5380859375,49450.0,12212.3896484375,15308.63671875,17989.341796875,41500.0,30600.0,12714.2861328125,56800.0,37150.0,14940.318359375,47250.0,68000.0,55400.0,14360.40234375,25300.0,24760.0,18200.0,32150.0,3294.89990234375
2025-05-29,18938.052734375,61500.0,34162.1796875,52400.0,27344.396484375,93596.8359375,62233.0078125,29650.0,17156.294921875,19393.939453125,16205.533203125,63900.0,64400.0,35500.0,11344.5380859375,49450.0,12212.3896484375,15433.09765625,17989.341796875,41050.0,30500.0,12714.2861328125,56800.0,37850.0,14780.1005859375,48500.0,67692.3046875,55200.0,14281.0625,26700.0,24700.0,18300.0,32300.0,3317.10009765625
2025-05-30,18849.556640625,62200.0,34115.3828125,51600.0,26894.994140625,92569.171875,62135.921875,29400.0,17002.08203125,19356.060546875,16139.6572265625,63400.0,64300.0,34900.0,11176.470703125,49250.0,12035.3984375,15267.150390625,17837.533203125,41300.0,30800.0,12761.904296875,56700.0,38450.0,14659.9375,48500.0,67307.6953125,55100.0,14400.0712890625,27650.0,25290.0,18080.0,32000.0,3288.89990234375
2025-06-02,18672.56640625,60000.0,33413.41796875,50500.0,26549.298828125,91778.65625,63592.234375,29300.0,16655.1015625,19356.060546875,16205.533203125,62100.0,61000.0,35600.0,11302.521484375,49150.0,12123.8935546875,15350.1240234375,17989.341796875,41800.0,30850.0,12476.1904296875,56200.0,38500.0,14459.6650390625,49000.0,68846.15625,54600.0,14281.0625,26700.0,24770.0,18270.0,32000.0,3397.199951171875
2025-06-03,18672.56640625,60000.0,33413.41796875,50500.0,26549.298828125,91778.65625,63592.234375,29300.0,16655.1015625,19356.060546875,16205.533203125,62100.0,61000.0,35600.0,11302.521484375,49150.0,12123.8935546875,15350.1240234375,17989.341796875,41800.0,30850.0,12476.1904296875,56200.0,38500.0,14459.6650390625,49000.0,68846.15625,54600.0,14281.0625,26700.0,24770.0,18380.0,32100.0,3377.10009765625
2025-06-04,18805.310546875,61100.0,33600.609375,51400.0,26653.0078125,92806.3203125,63883.49609375,29500.0,16847.8671875,19696.96875,16271.41015625,63300.0,62400.0,35650.0,11302.521484375,49500.0,12300.884765625,15350.1240234375,18596.576171875,41600.0,31600.0,12619.0478515625,56800.0,38800.0,14499.7197265625,49050.0,69076.921875,55500.0,14281.0625,26500.0,25000.0,18420.0,32150.0,3399.199951171875
2025-06-05,18805.310546875,60800.0,33460.21875,51300.0,26618.4375,92569.171875,62912.62109375,29150.0,16847.8671875,19659.091796875,16172.595703125,64100.0,61300.0,36050.0,11386.5546875,50100.0,12212.3896484375,15142.689453125,18368.86328125,41000.0,31350.0,12619.0478515625,56600.0,38550.0,14499.7197265625,49050.0,70615.3828125,56900.0,14281.0625,26950.0,25120.0,18430.0,31870.0,3375.10009765625
2025-06-06,18584.0703125,60900.0,33226.23046875,50400.0,26653.0078125,92332.015625,61941.74609375,29200.0,16693.654296875,19507.576171875,16073.78125,65800.0,61700.0,36100.0,11512.60546875,49500.0,12123.8935546875,15018.2294921875,18179.1015625,41350.0,31100.0,12523.8095703125,56300.0,38400.0,14419.6103515625,49000.0,70230.765625,56300.0,14360.40234375,27000.0,25000.0,18280.0,31520.0,3346.60009765625
2025-06-09,18539.822265625,59700.0,32992.2421875,48600.0,26272.744140625,91857.7109375,61456.3125,27700.0,16539.439453125,19924.2421875,15974.966796875,64100.0,60500.0,37000.0,11008.4033203125,48850.0,11548.6728515625,15059.7158203125,17723.67578125,41950.0,29750.0,12428.5712890625,55900.0,35350.0,14299.447265625,45150.0,68307.6953125,55300.0,14162.0537109375,25550.0,24750.0,18180.0,31450.0,3354.89990234375
2025-06-10,18539.822265625,59700.0,32992.2421875,48600.0,26272.744140625,91857.7109375,61456.3125,27700.0,16539.439453125,19924.2421875,15974.966796875,64100.0,60500.0,37000.0,11008.4033203125,48850.0,11548.6728515625,15059.7158203125,17723.67578125,41950.0,29750.0,12428.5712890625,55900.0,35350.0,14299.447265625,45150.0,68307.6953125,55300.0,14162.0537109375,25550.0,24750.0,18230.0,31720.0,3343.39990234375
2025-06-11,18539.822265625,59300.0,32945.4453125,48900.0,26169.037109375,91462.453125,61067.9609375,28150.0,16577.994140625,19848.484375,15942.029296875,64800.0,61500.0,35500.0,10966.38671875,48850.0,11637.16796875,15018.2294921875,17723.67578125,42900.0,30050.0,12428.5712890625,55900.0,36300.0,14299.447265625,45300.0,68461.5390625,55300.0,14241.3935546875,26500.0,24760.0,18240.0,31650.0,3343.699951171875
2025-06-12,18539.822265625,58500.0,32805.05078125,49400.0,26272.744140625,93201.578125,60776.69921875,27750.0,16500.88671875,19772.7265625,15974.966796875,64800.0,61900.0,34950.0,10882.3525390625,49000.0,11769.9111328125,14976.7421875,17837.533203125,42850.0,30100.0,12619.0478515625,55700.0,36050.0,14259.392578125,45100.0,67384.6171875,55200.0,14281.0625,26100.0,24670.0,18320.0,32000.0,3402.39990234375
2025-06-13,18628.318359375,59200.0,33039.0390625,49800.0,26618.4375,92490.1171875,60970.875,28550.0,16770.76171875,20303.03125,16271.41015625,65800.0,63500.0,35250.0,10966.38671875,49450.0,11769.9111328125,15059.7158203125,17951.388671875,45000.0,30950.0,12666.6669921875,56000.0,35000.0,14419.6103515625,43400.0,68384.6171875,55900.0,14439.7412109375,25200.0,24900.0,18250.0,31650.0,3452.800048828125
2025-06-16,18849.556640625,59500.0,33553.8125,51600.0,27862.9375,94071.1484375,66893.203125,28000.0,16770.76171875,20265.15234375,16534.9140625,66800.0,64300.0,40300.0,10966.38671875,49550.0,11592.919921875,14893.7685546875,18103.197265625,45500.0,32300.0,12666.6669921875,56600.0,33700.0,14659.9375,42700.0,67538.4609375,56300.0,14915.7763671875,24500.0,24780.0,18370.0,32650.0,3417.300048828125
2025-06-17,18849.556640625,59500.0,33553.8125,51600.0,27862.9375,94071.1484375,66893.203125,28000.0,16770.76171875,20265.15234375,16534.9140625,66800.0,64300.0,40300.0,10966.38671875,49550.0,11592.919921875,14893.7685546875,18103.197265625,45500.0,32300.0,12666.6669921875,56600.0,33700.0,14659.9375,42700.0,67538.4609375,56300.0,14915.7763671875,24500.0,24780.0,18470.0,32710.0,3406.89990234375
2025-06-18,18761.0625,59300.0,33600.609375,51700.0,27897.505859375,93913.046875,67281.5546875,28900.0,16886.421875,20340.908203125,16469.0390625,67900.0,64400.0,39050.0,11092.4365234375,49950.0,11681.416015625,14893.7685546875,18103.197265625,46000.0,32400.0,12857.142578125,57200.0,34800.0,14579.828125,43850.0,67461.5390625,56200.0,14915.7763671875,24550.0,25050.0,18200.0,32590.0,3408.10009765625
2025-06-19,18849.556640625,59400.0,33366.62109375,51900.0,27759.228515625,92490.1171875,68834.953125,29000.0,16924.974609375,20568.181640625,16501.9765625,67500.0,63700.0,39000.0,11008.4033203125,49500.0,11637.16796875,14893.7685546875,17913.4375,47200.0,32800.0,12761.904296875,56700.0,35700.0,14459.6650390625,44000.0,67461.5390625,56000.0,14677.7587890625,24650.0,25030.0,18220.0,32570.0,3408.10009765625
2025-06-20,18849.556640625,59000.0,33507.015625,51300.0,28139.4921875,91699.6015625,69708.734375,29900.0,16963.529296875,20378.787109375,16534.9140625,67500.0,64000.0,39550.0,10924.3701171875,49450.0,11504.4248046875,15018.2294921875,18141.150390625,47150.0,34000.0,12761.904296875,56600.0,35850.0,14419.6103515625,44700.0,68076.921875,56100.0,14677.7587890625,24700.0,25030.0,18500.0,32620.0,3385.699951171875
2025-06-23,18893.8046875,60100.0,33553.8125,51200.0,28588.89453125,91620.5546875,70485.4375,29800.0,16924.974609375,20340.908203125,17061.923828125,68000.0,65000.0,40200.0,10966.38671875,49250.0,11504.4248046875,15018.2294921875,18027.29296875,46450.0,33800.0,12666.6669921875,56600.0,37000.0,14419.6103515625,46400.0,67307.6953125,55900.0,14598.419921875,24750.0,25120.0,18540.0,32620.0,3395.0
2025-06-24,18893.8046875,60100.0,33553.8125,51200.0,28588.89453125,91620.5546875,70485.4375,29800.0,16924.974609375,20340.908203125,17061.923828125,68000.0,65000.0,40200.0,10966.38671875,49250.0,11504.4248046875,15018.2294921875,18027.29296875,46450.0,33800.0,12666.6669921875,56600.0,37000.0,14419.6103515625,46400.0,67307.6953125,55900.0,14598.419921875,24750.0,25120.0,18550.0,33000.0,3333.89990234375
2025-06-25,18849.556640625,61500.0,33694.203125,54100.0,28727.171875,92094.859375,67087.375,29650.0,16924.974609375,20454.544921875,17061.923828125,69200.0,64900.0,38050.0,11008.4033203125,49650.0,11504.4248046875,15018.2294921875,18444.767578125,46500.0,34000.0,12619.0478515625,56600.0,38650.0,14539.7744140625,47900.0,67769.234375,56400.0,14717.4287109375,24900.0,25500.0,18610.0,33000.0,3343.10009765625
2025-06-26,18805.310546875,61800.0,33553.8125,52700.0,28830.880859375,92569.171875,65533.98046875,30800.0,16809.314453125,20727.2734375,16864.294921875,70300.0,65000.0,37300.0,10924.3701171875,50300.0,11548.6728515625,15018.2294921875,18596.576171875,46800.0,33800.0,12761.904296875,56600.0,38950.0,14579.828125,47900.0,67000.0,56800.0,14598.419921875,24650.0,25400.0,18620.0,32940.0,3348.0
2025-06-27,18761.0625,62100.0,33413.41796875,52500.0,28969.158203125,92490.1171875,66504.8515625,30500.0,16732.20703125,20727.2734375,17061.923828125,72000.0,64500.0,37050.0,10882.3525390625,50500.0,11592.919921875,15059.7158203125,18596.576171875,46800.0,34050.0,12714.2861328125,56400.0,38000.0,14499.7197265625,47500.0,67000.0,56400.0,14558.75,24500.0,25450.0,18750.0,32900.0,3287.60009765625
2025-06-30,18849.556640625,64200.0,33974.98828125,53100.0,28969.158203125,93438.734375,65825.2421875,30300.0,16809.314453125,20636.36328125,16996.046875,76800.0,65500.0,37250.0,10924.3701171875,47000.0,11415.9296875,15059.7158203125,18748.384765625,46700.0,34200.0,12809.5234375,57000.0,38350.0,14659.9375,47800.0,67769.234375,58000.0,14677.7587890625,24650.0,25860.0,18870.0,32990.0,3307.699951171875
2025-07-01,18849.556640625,64200.0,33974.98828125,53100.0,28969.158203125,93438.734375,65825.2421875,30300.0,16809.314453125,20636.36328125,16996.046875,76800.0,65500.0,37250.0,10924.3701171875,47000.0,11415.9296875,15059.7158203125,18748.384765625,46700.0,34200.0,12809.5234375,57000.0,38350.0,14659.9375,47800.0,67769.234375,58000.0,14677.7587890625,24650.0,25860.0,18900.0,33100.0,3349.800048828125
2025-07-02,18849.556640625,64500.0,34255.7734375,53600.0,28969.158203125,93913.046875,64466.01953125,31150.0,17040.634765625,20590.908203125,17127.798828125,75200.0,64500.0,36900.0,10924.3701171875,46550.0,11371.681640625,14935.255859375,18558.625,46950.0,34400.0,12904.76171875,58200.0,38150.0,14659.9375,47800.0,69615.3828125,57500.0,14638.0888671875,24800.0,25580.0,18970.0,33170.0,3359.699951171875
2025-07-03,18849.556640625,68200.0,34068.5859375,53500.0,28969.158203125,93754.9375,64466.01953125,31250.0,17194.849609375,20818.181640625,17160.73828125,75200.0,64800.0,36950.0,10840.3359375,46400.0,11460.1767578125,15059.7158203125,19355.62109375,47550.0,35000.0,12952.380859375,58000.0,38000.0,14659.9375,47700.0,69384.6171875,57700.0,14757.0986328125,25200.0,25810.0,19010.0,33700.0,3342.89990234375
2025-07-04,18938.052734375,66400.0,33974.98828125,53000.0,29383.990234375,93280.6328125,64271.84375,29600.0,17387.6171875,21000.0,17094.861328125,74500.0,65400.0,37000.0,11134.4541015625,46250.0,11504.4248046875,15184.1767578125,19545.380859375,46650.0,34850.0,13095.23828125,57900.0,38150.0,14699.9921875,47250.0,68461.5390625,57500.0,14796.767578125,25050.0,25850.0,19070.0,33880.0,3346.5
2025-07-07,19690.265625,66000.0,34817.34375,54500.0,30697.626953125,97865.609375,64563.10546875,29750.0,17965.91796875,21454.544921875,17391.3046875,74800.0,66500.0,37100.0,11302.521484375,46400.0,12300.884765625,15682.0185546875,19962.85546875,47550.0,35300.0,13476.1904296875,58600.0,38450.0,14980.373046875,46500.0,69230.765625,57900.0,15312.47265625,25500.0,26300.0,19400.0,34060.0,3342.800048828125
2025-07-08,19690.265625,66000.0,34817.34375,54500.0,30697.626953125,97865.609375,64563.10546875,29750.0,17965.91796875,21454.544921875,17391.3046875,74800.0,66500.0,37100.0,11302.521484375,46400.0,12300.884765625,15682.0185546875,19962.85546875,47550.0,35300.0,13476.1904296875,58600.0,38450.0,14980.373046875,46500.0,69230.765625,57900.0,15312.47265625,25500.0,26300.0,19500.0,34300.0,3316.89990234375
2025-07-09,19690.265625,67500.0,35098.12890625,53900.0,30697.626953125,98418.96875,65728.15625,30000.0,18120.1328125,22454.544921875,17391.3046875,75600.0,67200.0,37300.0,11302.521484375,46850.0,12522.1240234375,15682.0185546875,20532.138671875,47650.0,35300.0,13333.3330078125,59000.0,39600.0,15060.482421875,46650.0,73076.921875,59000.0,15550.490234375,25800.0,26470.0,19700.0,34870.0,3321.0
2025-07-10,19867.255859375,68600.0,35753.29296875,53900.0,31112.4609375,97075.1015625,66019.4140625,29850.0,18659.880859375,22500.0,17523.056640625,75800.0,67700.0,37450.0,11386.5546875,47650.0,12389.380859375,15847.9658203125,21670.705078125,47800.0,34900.0,14190.4765625,61500.0,40900.0,15340.86328125,47500.0,72307.6953125,60200.0,15907.517578125,26800.0,26760.0,19820.0,34680.0,3325.699951171875
2025-07-11,19955.751953125,68600.0,35800.09375,54000.0,31112.4609375,97944.6640625,66407.765625,30100.0,18775.541015625,22863.63671875,17424.2421875,76900.0,68000.0,37900.0,11344.5380859375,48100.0,12699.115234375,15930.939453125,21974.322265625,47650.0,34800.0,14142.857421875,61400.0,43000.0,15300.8095703125,50800.0,73846.15625,59700.0,15986.8564453125,28450.0,27160.0,19990.0,34800.0,3364.0
2025-07-14,20088.49609375,68500.0,36174.47265625,53900.0,30628.48828125,100474.3046875,66213.59375,30650.0,18814.095703125,23409.091796875,17654.80859375,75300.0,69000.0,37500.0,11722.689453125,48000.0,12522.1240234375,15972.42578125,22581.556640625,47950.0,35100.0,14190.4765625,62400.0,44400.0,15541.1357421875,56500.0,76153.84375,60300.0,16661.240234375,28650.0,27800.0,20100.0,35100.0,3359.10009765625
2025-07-15,20088.49609375,68500.0,36174.47265625,53900.0,30628.48828125,100474.3046875,66213.59375,30650.0,18814.095703125,23409.091796875,17654.80859375,75300.0,69000.0,37500.0,11722.689453125,48000.0,12522.1240234375,15972.42578125,22581.556640625,47950.0,35100.0,14190.4765625,62400.0,44400.0,15541.1357421875,56500.0,76153.84375,60300.0,16661.240234375,28650.0,27800.0,19670.0,35200.0,3336.699951171875
2025-07-16,19867.255859375,67000.0,35659.69921875,53800.0,30524.78125,99604.7421875,65728.15625,30100.0,18621.328125,23181.818359375,17523.056640625,74500.0,69300.0,37300.0,11512.60546875,48050.0,12477.8759765625,16013.9130859375,23150.83984375,47700.0,34800.0,14047.619140625,61400.0,43700.0,15501.0810546875,55800.0,75000.0,60100.0,16462.892578125,28150.0,27740.0,20230.0,35100.0,3359.10009765625
2025-07-17,19867.255859375,67100.0,35940.484375,54400.0,31077.890625,99841.8984375,65436.89453125,29850.0,18698.435546875,23727.2734375,17588.93359375,75000.0,70000.0,37250.0,11554.6220703125,48000.0,12610.619140625,16096.88671875,23985.7890625,47800.0,35250.0,14190.4765625,61800.0,44000.0,17625.5703125,58700.0,73846.15625,60100.0,16542.23046875,28800.0,27970.0,20400.0,35380.0,3345.300048828125
2025-07-18,19867.255859375,67300.0,35846.890625,53500.0,31112.4609375,100395.2578125,65728.15625,30050.0,18775.541015625,23636.36328125,17621.87109375,76200.0,70500.0,37100.0,11554.6220703125,48400.0,12654.8671875,16594.728515625,24213.501953125,47700.0,35150.0,14190.4765625,62200.0,47050.0,15570.7763671875,61000.0,72538.4609375,60100.0,16581.900390625,29750.0,28410.0,20580.0,35090.0,3358.300048828125
2025-07-21,20221.23828125,66800.0,35659.69921875,51900.0,31250.73828125,100272.7265625,65533.98046875,30600.0,18891.201171875,23818.181640625,17753.623046875,77500.0,70000.0,37100.0,11722.689453125,47700.0,12920.353515625,16511.75390625,23796.02734375,49500.0,35450.0,14380.9521484375,61300.0,46000.0,15844.7490234375,56000.0,73153.84375,60000.0,17692.650390625,29000.0,28650.0,20620.0,34990.0,3406.39990234375
2025-07-22,20221.23828125,66800.0,35659.69921875,51900.0,31250.73828125,100272.7265625,65533.98046875,30600.0,18891.201171875,23818.181640625,17753.623046875,77500.0,70000.0,37100.0,11722.689453125,47700.0,12920.353515625,16511.75390625,23796.02734375,49500.0,35450.0,14380.9521484375,61300.0,46000.0,15844.7490234375,56000.0,73153.84375,60000.0,17692.650390625,29000.0,28650.0,20850.0,35300.0,3443.699951171875
2025-07-23,20265.486328125,68200.0,36408.4609375,52500.0,31527.29296875,101909.09375,65922.328125,30450.0,19623.71875,24045.455078125,17885.375,77700.0,70400.0,37150.0,11722.689453125,47800.0,12920.353515625,16594.728515625,24289.40625,49500.0,35350.0,14571.4287109375,62200.0,47750.0,15890.4111328125,58750.0,78230.765625,60200.0,17851.328125,30000.0,28850.0,21180.0,35350.0,3397.60009765625
2025-07-24,20353.982421875,69200.0,36221.26953125,52400.0,31561.86328125,101636.3671875,66990.2890625,31050.0,20433.341796875,24000.0,18050.06640625,77300.0,70500.0,37250.0,11764.7060546875,48600.0,12964.6015625,16470.267578125,24479.166015625,48700.0,35000.0,14666.6669921875,62100.0,46100.0,16255.7080078125,57500.0,83692.3046875,61700.0,18525.712890625,29250.0,28900.0,21250.0,35900.0,3373.5
2025-07-25,20530.97265625,69900.0,36361.6640625,52200.0,31596.431640625,101000.0,67087.375,31650.0,21281.517578125,23636.36328125,18708.828125,76000.0,69500.0,38100.0,11764.7060546875,49000.0,13318.583984375,16553.2421875,24289.40625,49000.0,35050.0,14857.142578125,62100.0,46000.0,16757.990234375,58000.0,87692.3046875,63700.0,18644.720703125,29800.0,28900.0,21650.0,36140.0,3335.60009765625
2025-07-28,21106.1953125,69700.0,36876.43359375,52200.0,31527.29296875,101181.8203125,66893.203125,31400.0,21936.92578125,23954.544921875,18939.39453125,77600.0,70200.0,37850.0,12436.974609375,49300.0,14247.7880859375,17507.439453125,27173.7734375,49100.0,35600.0,15666.6669921875,62800.0,47800.0,17214.611328125,57800.0,97692.3046875,63300.0,19914.1484375,29350.0,29700.0,22250.0,36600.0,3310.0
2025-07-29,21106.1953125,69700.0,36876.43359375,52200.0,31527.29296875,101181.8203125,66893.203125,31400.0,21936.92578125,23954.544921875,18939.39453125,77600.0,70200.0,37850.0,12436.974609375,49300.0,14247.7880859375,17507.439453125,27173.7734375,49100.0,35600.0,15666.6669921875,62800.0,47800.0,17214.611328125,57800.0,97692.3046875,63300.0,19914.1484375,29350.0,29700.0,21400.0,35640.0,3324.0
2025-07-30,20132.744140625,68100.0,35004.53515625,49600.0,30282.794921875,96363.6328125,66019.4140625,29500.0,20433.341796875,23045.455078125,17687.74609375,72200.0,66600.0,36500.0,12226.890625,47350.0,13318.583984375,16511.75390625,25276.162109375,48000.0,33900.0,14571.4287109375,61000.0,46050.0,16940.638671875,56600.0,91000.0,63200.0,18724.060546875,28000.0,28800.0,21570.0,34850.0,3295.800048828125
2025-07-31,20353.982421875,69000.0,35659.69921875,49550.0,31942.126953125,96454.546875,65922.328125,29500.0,20549.001953125,23090.908203125,18050.06640625,73000.0,67100.0,36300.0,12184.8740234375,47600.0,14247.7880859375,15972.42578125,25731.58984375,49300.0,34500.0,15142.857421875,60900.0,45750.0,17671.232421875,54750.0,91307.6953125,62900.0,20033.158203125,28100.0,28790.0,21660.0,35000.0,3293.199951171875
2025-08-01,20353.982421875,71700.0,35425.7109375,49250.0,31734.708984375,94545.453125,65728.15625,30100.0,20394.787109375,22681.818359375,18083.00390625,72500.0,65300.0,36250.0,12100.8408203125,47650.0,15221.2392578125,16179.8603515625,25959.302734375,49950.0,34000.0,14952.380859375,60200.0,45000.0,17716.89453125,52750.0,93230.765625,61200.0,20469.5234375,28100.0,28490.0,21600.0,34900.0,3399.800048828125
2025-08-04,20619.46875,71000.0,35612.90234375,50000.0,31561.86328125,96909.09375,66019.4140625,29900.0,21589.9453125,23000.0,18313.5703125,73900.0,67000.0,36600.0,12394.9580078125,48100.0,16460.177734375,16802.162109375,25807.494140625,50000.0,35350.0,15952.380859375,61100.0,46100.0,17671.232421875,55600.0,97923.078125,60400.0,20945.55859375,29100.0,29300.0,22370.0,35700.0,3426.39990234375
2025-08-05,20619.46875,71000.0,35612.90234375,50000.0,31561.86328125,96909.09375,66019.4140625,29900.0,21589.9453125,23000.0,18313.5703125,73900.0,67000.0,36600.0,12394.9580078125,48100.0,16460.177734375,16802.162109375,25807.494140625,50000.0,35350.0,15952.380859375,61100.0,46100.0,17671.232421875,55600.0,97923.078125,60400.0,20945.55859375,29100.0,29300.0,22440.0,36120.0,3434.699951171875
2025-08-06,20752.212890625,68900.0,36268.06640625,49800.0,32149.54296875,96181.8203125,65825.2421875,29950.0,21512.837890625,24000.0,19565.216796875,74600.0,69300.0,36600.0,12184.8740234375,47500.0,16238.9384765625,16262.833984375,26300.873046875,51700.0,37000.0,16761.904296875,61500.0,48000.0,17625.5703125,58750.0,97923.078125,60100.0,21024.8984375,30950.0,29800.0,22900.0,36450.0,3433.39990234375
2025-08-07,21415.9296875,69700.0,36970.03125,51200.0,32840.9296875,95363.6328125,67281.5546875,30250.0,21782.712890625,24636.36328125,20158.103515625,76000.0,72400.0,37450.0,12394.9580078125,47800.0,16592.919921875,16594.728515625,26794.25,54100.0,38200.0,17333.333984375,62300.0,48750.0,17808.21875,59250.0,99230.765625,61300.0,21500.93359375,30100.0,30120.0,22990.0,37250.0,3453.699951171875
2025-08-08,21592.919921875,70600.0,37859.18359375,52000.0,33082.91796875,96545.453125,67087.375,31100.0,21975.48046875,25909.091796875,20256.91796875,76200.0,72400.0,37100.0,12521.0087890625,47700.0,16681.416015625,16428.78125,26680.39453125,54600.0,38400.0,18523.80859375,61700.0,47500.0,17853.880859375,57500.0,98230.765625,60900.0,22968.708984375,30500.0,30450.0,23090.0,37570.0,3491.300048828125
2025-08-11,21592.919921875,70600.0,37157.21875,53600.0,32840.9296875,96727.2734375,68349.515625,32600.0,21512.837890625,25590.908203125,20948.6171875,82000.0,72100.0,37950.0,12689.0751953125,48200.0,16902.654296875,17009.59765625,28464.146484375,53700.0,37750.0,18619.046875,62500.0,46750.0,18538.8125,57750.0,95384.6171875,61500.0,23484.4140625,29350.0,30420.0,23340.0,37720.0,3404.699951171875
2025-08-12,21592.919921875,70600.0,37157.21875,53600.0,32840.9296875,96727.2734375,68349.515625,32600.0,21512.837890625,25590.908203125,21343.873046875,82000.0,72100.0,37950.0,12689.0751953125,48200.0,16902.654296875,17009.59765625,28464.146484375,53700.0,37750.0,18619.046875,62500.0,46750.0,18538.8125,57750.0,95384.6171875,61500.0,23484.4140625,29350.0,30420.0,23450.0,37940.0,3399.0
2025-08-13,21460.177734375,71500.0,38841.9296875,53400.0,33186.625,97727.2734375,68446.6015625,32450.0,22283.908203125,25909.091796875,22434.783203125,83600.0,72200.0,38500.0,13571.4287109375,48300.0,16725.6640625,16926.623046875,27894.865234375,54000.0,37700.0,18285.71484375,63000.0,46500.0,18173.515625,57750.0,97692.3046875,61800.0,23484.4140625,29450.0,30650.0,23590.0,38100.0,3408.300048828125
2025-08-14,21681.416015625,71000.0,38701.5390625,57100.0,34292.84375,95545.453125,67961.1640625,32650.0,22322.4609375,25545.455078125,22434.783203125,85900.0,70900.0,38000.0,13907.5634765625,47950.0,17123.89453125,16553.2421875,27894.865234375,53900.0,37500.0,18238.095703125,62500.0,46500.0,18219.177734375,58000.0,98000.0,61100.0,22849.701171875,29450.0,30800.0,24090.0,38780.0,3383.199951171875
2025-08-15,23185.83984375,70500.0,39450.296875,60900.0,34707.6796875,94363.6328125,67669.90625,32100.0,23864.599609375,25636.36328125,24000.0,84800.0,71900.0,37900.0,13781.5126953125,47900.0,18053.09765625,17258.517578125,27932.81640625,55400.0,38400.0,18857.142578125,65200.0,46950.0,18675.798828125,59100.0,104846.15625,61700.0,24436.484375,30150.0,31140.0,24110.0,38860.0,3382.60009765625
2025-08-18,23938.052734375,70000.0,38186.765625,62800.0,33532.3203125,91363.6328125,67961.1640625,31750.0,23517.619140625,25818.181640625,24173.912109375,83900.0,70000.0,38800.0,13739.49609375,47150.0,18850.0,17092.5703125,27173.7734375,52800.0,37950.0,19190.4765625,64500.0,46950.0,18356.1640625,59100.0,109538.4609375,60700.0,25388.556640625,29950.0,31400.0,24110.0,38500.0,3378.0
2025-08-19,23938.052734375,70000.0,38186.765625,62800.0,33532.3203125,91363.6328125,67961.1640625,31750.0,23517.619140625,25818.181640625,24173.912109375,83900.0,70000.0,38800.0,13739.49609375,47150.0,18850.0,17092.5703125,27173.7734375,52800.0,37950.0,19190.4765625,64500.0,46950.0,18356.1640625,59100.0,109538.4609375,60700.0,25388.556640625,29950.0,31400.0,24540.0,39170.0,3358.699951171875
2025-08-20,25176.990234375,70500.0,38233.5625,61200.0,34292.84375,91181.8203125,67864.078125,31650.0,25059.7578125,25590.908203125,24521.73828125,85000.0,68000.0,38350.0,13613.4453125,47150.0,18500.0,17175.544921875,27894.865234375,53200.0,39200.0,20238.095703125,64200.0,46950.0,18721.4609375,59100.0,112307.6953125,60500.0,27134.01953125,29950.0,31610.0,24700.0,39370.0,3388.5
2025-08-21,24778.76171875,70500.0,38093.171875,59400.0,34984.234375,88818.1796875,66310.6796875,32200.0,24558.5625,24909.091796875,24173.912109375,83900.0,69400.0,37000.0,13403.361328125,46750.0,18300.0,17922.306640625,27401.486328125,54100.0,40500.0,19666.666015625,63000.0,49500.0,20000.0,62100.0,110615.3828125,60000.0,28998.4921875,30000.0,31950.0,25400.0,40250.0,3381.60009765625
2025-08-22,26061.947265625,69900.0,39590.69140625,60000.0,35813.8984375,92454.546875,67281.5546875,31700.0,25638.060546875,24909.091796875,24521.73828125,84300.0,71000.0,36900.0,13529.412109375,46600.0,18500.0,19166.912109375,28122.578125,57800.0,41550.0,21000.0,64200.0,49900.0,21369.86328125,62500.0,112153.84375,60100.0,30664.615234375,30400.0,32680.0,24900.0,39000.0,3418.5
2025-08-25,23185.83984375,65000.0,38373.95703125,58500.0,33947.15234375,89818.1796875,66699.03125,28400.0,24134.474609375,23590.908203125,22782.609375,79500.0,68800.0,35850.0,13361.3447265625,45600.0,16300.0,17217.03125,27818.958984375,53000.0,37550.0,19142.857421875,63600.0,49200.0,20045.662109375,65500.0,109615.3828125,58700.0,26578.64453125,30000.0,31750.0,24400.0,37650.0,3417.5
2025-08-26,23185.83984375,65000.0,38373.95703125,58500.0,33947.15234375,89818.1796875,66699.03125,28400.0,24134.474609375,23590.908203125,22782.609375,79500.0,68800.0,35850.0,13361.3447265625,45600.0,16300.0,17217.03125,27818.958984375,53000.0,37550.0,19142.857421875,63600.0,49200.0,20045.662109375,65500.0,109615.3828125,58700.0,26578.64453125,30000.0,31750.0,25000.0,39950.0,3433.0
2025-08-27,24203.5390625,69000.0,39122.71484375,60500.0,35399.06640625,90909.09375,67475.7265625,29200.0,24905.544921875,24727.2734375,23956.521484375,81100.0,73600.0,36350.0,13571.4287109375,45900.0,17400.0,18088.25390625,29754.521484375,55000.0,39350.0,19952.380859375,64600.0,52600.0,20776.255859375,67750.0,110769.234375,59700.0,27213.359375,31300.0,32440.0,25000.0,39520.0,3448.60009765625
2025-08-28,24469.02734375,67900.0,40058.6640625,59700.0,35329.92578125,95454.546875,68900.0,29150.0,25021.205078125,24318.181640625,23826.087890625,82200.0,75000.0,36400.0,13781.5126953125,46000.0,17650.0,17756.359375,30551.517578125,55600.0,38950.0,19238.095703125,69100.0,52300.0,20410.958984375,66000.0,110846.15625,60500.0,26419.966796875,30600.0,32760.0,25100.0,39900.0,3474.300048828125
2025-08-29,24380.53125,68000.0,39777.87890625,60500.0,35675.62109375,95000.0,64900.0,29200.0,25059.7578125,24636.36328125,23652.173828125,83100.0,77300.0,36150.0,13823.529296875,46550.0,18400.0,17839.333984375,31879.845703125,54800.0,39600.0,19809.5234375,69000.0,52300.0,20228.310546875,65050.0,111538.4609375,61000.0,26975.33984375,30700.0,32800.0,25150.0,40250.0,3516.10009765625
2025-09-01,24380.53125,68000.0,39777.87890625,60500.0,35675.62109375,95000.0,64900.0,29200.0,25059.7578125,24636.36328125,23652.173828125,83100.0,77300.0,36150.0,13823.529296875,46550.0,18400.0,17839.333984375,31879.845703125,54800.0,39600.0,19809.5234375,69000.0,52300.0,20228.310546875,65050.0,111538.4609375,61000.0,26975.33984375,30700.0,32800.0,25150.0,40250.0,3516.10009765625
2025-09-02,24380.53125,68000.0,39777.87890625,60500.0,35675.62109375,95000.0,64900.0,29200.0,25059.7578125,24636.36328125,23652.173828125,83100.0,77300.0,36150.0,13823.529296875,46550.0,18400.0,17839.333984375,31879.845703125,54800.0,39600.0,19809.5234375,69000.0,52300.0,20228.310546875,65050.0,111538.4609375,61000.0,26975.33984375,30700.0,32800.0,25150.0,40250.0,3592.199951171875
2025-09-03,24336.283203125,67800.0,40713.83203125,58400.0,34984.234375,93818.1796875,63800.0,29300.0,25522.400390625,25590.908203125,24739.130859375,83000.0,75800.0,36550.0,13907.5634765625,46350.0,19050.0,17548.92578125,31386.466796875,56300.0,39600.0,20047.619140625,67000.0,51350.0,20684.931640625,62500.0,109230.765625,61500.0,27372.037109375,30150.0,32880.0,25190.0,40400.0,3635.5
2025-09-04,24336.283203125,67800.0,40713.83203125,58400.0,34984.234375,93818.1796875,63800.0,29300.0,25522.400390625,25590.908203125,24739.130859375,83000.0,75800.0,36550.0,13907.5634765625,46350.0,19050.0,17548.92578125,31386.466796875,56300.0,39600.0,20047.619140625,67000.0,51350.0,20684.931640625,62500.0,109230.765625,61500.0,27372.037109375,30150.0,32880.0,25470.0,40720.0,3606.699951171875
2025-09-05,24469.02734375,67700.0,40620.234375,60500.0,35260.7890625,95454.546875,64200.0,29500.0,25560.953125,27136.36328125,24565.216796875,84800.0,77500.0,36650.0,14075.6298828125,47100.0,18850.0,17963.79296875,32107.55859375,56400.0,39600.0,20476.19140625,68900.0,51150.0,20958.904296875,62500.0,107692.3046875,61800.0,27689.39453125,30300.0,33270.0,25010.0,40100.0,3653.300048828125
2025-09-08,23495.576171875,66900.0,38046.37109375,56900.0,34223.70703125,92636.3671875,62600.0,28800.0,23826.046875,26272.7265625,23217.390625,81000.0,74000.0,35500.0,12773.109375,46800.0,17250.0,16553.2421875,30513.56640625,54000.0,38000.0,18428.572265625,65300.0,50000.0,19178.08203125,62500.0,109153.84375,60600.0,24753.841796875,30300.0,32280.0,24400.0,39400.0,3677.39990234375
2025-09-09,23495.576171875,66900.0,38046.37109375,56900.0,34223.70703125,92636.3671875,62600.0,28800.0,23826.046875,26272.7265625,23217.390625,81000.0,74000.0,35500.0,12773.109375,46800.0,17250.0,16553.2421875,30513.56640625,54000.0,38000.0,18428.572265625,65300.0,50000.0,19178.08203125,62500.0,109153.84375,60600.0,24753.841796875,30300.0,32280.0,24310.0,39200.0,3682.199951171875
2025-09-10,23495.576171875,67900.0,38046.37109375,56800.0,34292.84375,92818.1796875,62100.0,28600.0,24327.2421875,26227.2734375,23173.912109375,81000.0,76000.0,35450.0,12773.109375,46300.0,17600.0,16304.3203125,31879.845703125,54200.0,38500.0,18523.80859375,64900.0,50700.0,19223.744140625,64600.0,111538.4609375,60300.0,25705.912109375,30300.0,32280.0,24500.0,39400.0,3682.0
2025-09-11,23495.576171875,67500.0,38093.171875,57300.0,34915.09375,92000.0,61900.0,28300.0,24365.794921875,26227.2734375,23434.783203125,81000.0,75500.0,35400.0,12689.0751953125,46250.0,17800.0,16553.2421875,32221.4140625,53900.0,39000.0,18285.71484375,65800.0,50900.0,19086.7578125,65450.0,111461.5390625,59800.0,25745.58203125,30600.0,32380.0,24680.0,40000.0,3673.60009765625
2025-09-12,23185.83984375,67600.0,38046.37109375,57700.0,34984.234375,92727.2734375,62000.0,28750.0,24288.6875,26500.0,23217.390625,82000.0,78800.0,35350.0,12731.0927734375,46400.0,17800.0,16677.703125,32221.4140625,55400.0,38700.0,18714.28515625,65700.0,52950.0,19178.08203125,68000.0,111846.15625,61200.0,25586.904296875,31100.0,32800.0,24750.0,40010.0,3686.39990234375
2025-09-15,23185.83984375,68800.0,39497.09375,59300.0,34984.234375,92636.3671875,63200.0,29850.0,24095.921875,27590.908203125,23217.390625,82000.0,79500.0,35750.0,13151.2607421875,46700.0,17800.0,16470.267578125,32221.4140625,56000.0,39000.0,18714.28515625,65700.0,52250.0,19589.041015625,68900.0,111846.15625,61200.0,25031.529296875,30650.0,32800.0,24900.0,40200.0,3719.0
2025-09-16,23362.83203125,68800.0,39497.09375,59300.0,35675.62109375,92636.3671875,63200.0,29850.0,24095.921875,27590.908203125,23347.826171875,88500.0,79500.0,35750.0,13151.2607421875,46700.0,17800.0,16470.267578125,32031.654296875,56000.0,39000.0,18857.142578125,65800.0,52250.0,19589.041015625,68900.0,112000.0,63100.0,25031.529296875,30650.0,33090.0,25100.0,40950.0,3725.10009765625
2025-09-17,23362.83203125,69000.0,39356.703125,58400.0,36297.87109375,94090.90625,62700.0,29450.0,24134.474609375,27227.2734375,23913.04296875,86800.0,80300.0,35950.0,12983.193359375,47800.0,18200.0,16594.728515625,31576.2265625,56100.0,39350.0,18714.28515625,65600.0,51350.0,19223.744140625,67500.0,109230.765625,64700.0,25150.5390625,30600.0,33150.0,24950.0,40880.0,3717.800048828125
2025-09-18,23141.59375,69700.0,38373.95703125,59500.0,35537.34375,95909.09375,64000.0,28900.0,23826.046875,26545.455078125,23478.26171875,84200.0,78000.0,36100.0,12815.1259765625,47300.0,18050.0,16677.703125,30817.18359375,56200.0,38700.0,18380.953125,64800.0,51450.0,18858.447265625,71550.0,109230.765625,65100.0,24595.1640625,30200.0,33230.0,24950.0,40400.0,3678.300048828125
2025-09-19,22610.619140625,69200.0,38186.765625,58700.0,35399.06640625,93636.3671875,63000.0,28800.0,23671.83203125,26500.0,23304.34765625,84000.0,78500.0,35600.0,12899.1591796875,46800.0,17850.0,16594.728515625,30968.9921875,57000.0,38800.0,17952.380859375,63900.0,51750.0,18767.123046875,72500.0,107538.4609375,63600.0,24436.484375,30200.0,32900.0,24880.0,40350.0,3705.800048828125
2025-09-22,22256.63671875,67700.0,38373.95703125,56500.0,34085.4296875,90636.3671875,61800.0,28300.0,22361.015625,25818.181640625,22739.130859375,81900.0,76500.0,34850.0,12647.05859375,45700.0,17400.0,16013.9130859375,29830.42578125,54800.0,37500.0,18095.23828125,62000.0,49750.0,18036.529296875,74400.0,104230.765625,61400.0,23405.07421875,28800.0,32200.0,24400.0,38700.0,3775.10009765625
2025-09-23,22256.63671875,67700.0,38373.95703125,56500.0,34085.4296875,90636.3671875,61800.0,28300.0,22361.015625,25818.181640625,22739.130859375,81900.0,76500.0,34850.0,12647.05859375,45700.0,17400.0,16013.9130859375,29830.42578125,54800.0,37500.0,18095.23828125,62000.0,49750.0,18036.529296875,74400.0,104230.765625,61400.0,23405.07421875,28800.0,32200.0,24500.0,38650.0,3815.699951171875
2025-09-24,22433.62890625,66700.0,38233.5625,56000.0,34569.40234375,89090.90625,61600.0,28100.0,22129.693359375,26045.455078125,22913.04296875,81900.0,77800.0,34750.0,12563.025390625,45800.0,17000.0,16013.9130859375,29906.330078125,55400.0,37500.0,18285.71484375,62200.0,49350.0,18127.853515625,74600.0,102307.6953125,61600.0,23722.431640625,28300.0,32170.0,24530.0,40780.0,3768.10009765625
2025-09-25,23008.849609375,67300.0,38561.14453125,56500.0,34915.09375,90454.546875,61600.0,28600.0,23671.83203125,26409.091796875,23304.34765625,82900.0,79200.0,35000.0,12689.0751953125,46100.0,17350.0,16179.8603515625,30551.517578125,57000.0,38800.0,18714.28515625,62700.0,49000.0,18721.4609375,74500.0,102846.15625,62000.0,25071.19921875,29000.0,32500.0,24710.0,39680.0,3771.10009765625
2025-09-26,22699.115234375,67400.0,38280.359375,56500.0,34776.81640625,89090.90625,61900.0,28800.0,23903.154296875,26181.818359375,23086.95703125,82200.0,79000.0,35050.0,12773.109375,45850.0,17350.0,16138.373046875,29602.712890625,56900.0,38900.0,18476.19140625,63000.0,49750.0,18356.1640625,79000.0,104538.4609375,61500.0,24555.494140625,29400.0,32680.0,24790.0,38830.0,3809.0
2025-09-29,22654.8671875,67200.0,37718.7890625,56200.0,35260.7890625,86818.1796875,61500.0,28250.0,23826.046875,26000.0,22739.130859375,81800.0,77000.0,34750.0,12394.9580078125,45500.0,16800.0,16179.8603515625,28502.099609375,56600.0,38750.0,17952.380859375,62600.0,50950.0,18036.529296875,86400.0,99769.234375,60300.0,24674.501953125,30000.0,32800.0,24890.0,38610.0,3855.199951171875
2025-09-30,22654.8671875,67200.0,37718.7890625,56200.0,35260.7890625,86818.1796875,61500.0,28250.0,23826.046875,26000.0,22739.130859375,81800.0,77000.0,34750.0,12394.9580078125,45500.0,16800.0,16179.8603515625,28502.099609375,56600.0,38750.0,17952.380859375,62600.0,50950.0,18036.529296875,86400.0,99769.234375,60300.0,24674.501953125,30000.0,32800.0,24820.0,38280.0,3873.199951171875
2025-10-01,22566.37109375,66900.0,37438.00390625,55300.0,35122.51171875,84545.453125,60400.0,27700.0,23903.154296875,25590.908203125,22782.609375,81000.0,77700.0,34200.0,12058.8232421875,45200.0,16900.0,16013.9130859375,29261.142578125,56900.0,37850.0,17952.380859375,62000.0,51500.0,18173.515625,87450.0,99692.3046875,60000.0,24674.501953125,32100.0,33090.0,24920.0,38400.0,3897.5
2025-10-02,22831.859375,66900.0,37484.80078125,54900.0,35606.484375,84909.09375,60600.0,27850.0,23826.046875,25727.2734375,22956.521484375,81300.0,77700.0,34150.0,12100.8408203125,45300.0,16950.0,16096.88671875,29299.095703125,59800.0,38550.0,18380.953125,62400.0,50600.0,18356.1640625,85000.0,98461.5390625,62100.0,24515.82421875,33150.0,33000.0,24870.0,38410.0,3868.10009765625
2025-10-03,22787.611328125,66200.0,37531.6015625,54100.0,35606.484375,83727.2734375,60300.0,27300.0,23787.494140625,25545.455078125,23304.34765625,81500.0,77100.0,34000.0,11932.7734375,45400.0,17000.0,16013.9130859375,28729.8125,58700.0,38850.0,17904.76171875,62100.0,49300.0,17990.8671875,85500.0,99000.0,61200.0,23920.779296875,31750.0,32800.0,24840.0,38200.0,3908.89990234375
2025-10-06,23716.814453125,66900.0,38139.96875,54500.0,36228.73046875,86818.1796875,60800.0,27550.0,24288.6875,26545.455078125,23782.609375,83000.0,77600.0,34150.0,12142.857421875,46150.0,17400.0,16345.8076171875,30551.517578125,59800.0,39400.0,18904.76171875,64000.0,51350.0,18767.123046875,89850.0,103307.6953125,62400.0,25031.529296875,35000.0,33950.0,25150.0,39040.0,3976.300048828125
2025-10-07,23716.814453125,66900.0,38139.96875,54500.0,36228.73046875,86818.1796875,60800.0,27550.0,24288.6875,26545.455078125,23782.609375,83000.0,77600.0,34150.0,12142.857421875,46150.0,17400.0,16345.8076171875,30551.517578125,59800.0,39400.0,18904.76171875,64000.0,51350.0,18767.123046875,89850.0,103307.6953125,62400.0,25031.529296875,35000.0,33950.0,25250.0,39120.0,4004.39990234375
2025-10-08,23407.080078125,66200.0,37905.98046875,53400.0,35675.62109375,86818.1796875,60900.0,27350.0,24134.474609375,26363.63671875,23347.826171875,82500.0,78000.0,33900.0,12016.806640625,46000.0,17250.0,15930.939453125,30968.9921875,58500.0,39000.0,18428.572265625,63700.0,51550.0,18447.48828125,90000.0,102615.3828125,61400.0,24634.833984375,35000.0,33880.0,25600.0,39350.0,4070.5
2025-10-09,23672.56640625,67000.0,37859.18359375,54800.0,36574.42578125,85909.09375,60900.0,27450.0,24250.134765625,26545.455078125,23347.826171875,82600.0,80800.0,33950.0,12058.8232421875,45950.0,17300.0,15930.939453125,31272.609375,59900.0,38600.0,18523.80859375,64600.0,53750.0,18310.501953125,89050.0,102615.3828125,63400.0,24674.501953125,36300.0,34040.0,25700.0,39350.0,3972.60009765625
2025-10-10,23849.556640625,66300.0,38186.765625,55100.0,38026.33984375,85636.3671875,60900.0,28000.0,24404.349609375,26318.181640625,23782.609375,83100.0,81500.0,34100.0,12268.9072265625,45600.0,17900.0,15847.9658203125,30855.134765625,60000.0,38950.0,19047.619140625,63800.0,57500.0,18630.13671875,89750.0,102384.6171875,62900.0,25467.89453125,38000.0,34200.0,26200.0,39910.0,4000.39990234375
2025-10-13,23672.56640625,66100.0,38280.359375,52800.0,38717.73046875,85454.546875,60600.0,28500.0,25175.41796875,26363.63671875,23782.609375,85000.0,83000.0,34050.0,12058.8232421875,45950.0,18100.0,16138.373046875,31386.466796875,61000.0,41300.0,18523.80859375,63100.0,62100.0,18401.826171875,102700.0,109692.3046875,64000.0,25150.5390625,43000.0,35350.0,26190.0,39600.0,4133.0
2025-10-14,23672.56640625,66100.0,38280.359375,52800.0,38717.73046875,85454.546875,60600.0,28500.0,25175.41796875,26363.63671875,23782.609375,85000.0,83000.0,34050.0,12058.8232421875,45950.0,18100.0,16138.373046875,31386.466796875,61000.0,41300.0,18523.80859375,63100.0,62100.0,18401.826171875,102700.0,109692.3046875,64000.0,25150.5390625,43000.0,35350.0,26500.0,39620.0,4163.39990234375
2025-10-15,23274.3359375,64800.0,37063.625,52000.0,37611.5078125,84000.0,60000.0,27850.0,25175.41796875,25772.7265625,23521.73828125,82500.0,84200.0,33600.0,12058.8232421875,45400.0,18000.0,16096.88671875,31120.80078125,60600.0,40800.0,18285.71484375,63100.0,63500.0,18264.83984375,105950.0,117307.6953125,63500.0,25785.251953125,42750.0,35490.0,27000.0,39930.0,4201.60009765625
2025-10-16,23274.3359375,64500.0,36829.63671875,51000.0,37888.0625,81454.546875,59000.0,27450.0,25522.400390625,25681.818359375,23695.65234375,82500.0,83300.0,33700.0,12016.806640625,45250.0,18200.0,15764.9921875,31462.37109375,60000.0,40800.0,18761.904296875,62500.0,62000.0,18493.150390625,104750.0,125461.5390625,63600.0,26737.322265625,41900.0,35300.0,27950.0,39900.0,4304.60009765625
2025-10-17,23274.3359375,65500.0,37204.015625,51400.0,37196.67578125,81636.3671875,58700.0,27200.0,25753.720703125,25681.818359375,23652.173828125,88200.0,84500.0,33700.0,12058.8232421875,45200.0,18150.0,15764.9921875,31386.466796875,59500.0,41250.0,18809.5234375,62900.0,61000.0,18264.83984375,106550.0,133461.53125,61200.0,26340.626953125,43400.0,35600.0,28500.0,39510.0,4213.2998046875
2025-10-20,21946.90234375,62500.0,34162.1796875,47100.0,33808.875,79090.90625,57000.0,25250.0,23324.8515625,23681.818359375,21956.521484375,81900.0,80900.0,32700.0,11092.4365234375,44000.0,16850.0,14437.4140625,28805.716796875,54900.0,37850.0,17095.23828125,59400.0,54000.0,16757.990234375,97450.0,134230.765625,55000.0,23603.423828125,38150.0,34000.0,26610.0,38000.0,4359.39990234375
2025-10-21,21946.90234375,62500.0,34162.1796875,47100.0,33808.875,79090.90625,57000.0,25250.0,23324.8515625,23681.818359375,21956.521484375,81900.0,80900.0,32700.0,11092.4365234375,44000.0,16850.0,14437.4140625,28805.716796875,54900.0,37850.0,17095.23828125,59400.0,54000.0,16757.990234375,97450.0,134230.765625,55000.0,23603.423828125,38150.0,34000.0,28400.0,38550.0,4109.10009765625
2025-10-22,22123.89453125,64000.0,34676.953125,49000.0,34534.83203125,84545.453125,56000.0,25400.0,24944.09765625,24363.63671875,22000.0,78000.0,83000.0,33350.0,11218.4873046875,44450.0,17000.0,15391.6103515625,29299.095703125,55600.0,37650.0,17333.333984375,59300.0,55450.0,17031.962890625,101700.0,138461.53125,56500.0,24079.458984375,38800.0,33800.0,28000.0,38600.0,4065.39990234375
2025-10-23,22212.388671875,65000.0,34817.34375,49300.0,34915.09375,88181.8203125,59000.0,26500.0,25059.7578125,24272.7265625,22130.435546875,79000.0,84500.0,34250.0,11386.5546875,44800.0,16650.0,15142.689453125,29185.23828125,55400.0,38000.0,17285.71484375,59600.0,56500.0,17031.962890625,101500.0,138615.390625,56300.0,24158.796875,39000.0,34000.0,27490.0,39200.0,4145.60009765625
2025-10-24,22079.646484375,65400.0,34536.55859375,49400.0,34361.984375,86363.6328125,59800.0,26100.0,25445.29296875,24090.908203125,21913.04296875,78200.0,85700.0,34250.0,11386.5546875,45450.0,16700.0,15059.7158203125,28464.146484375,55600.0,37250.0,16952.380859375,59800.0,57500.0,16894.9765625,107500.0,141538.46875,56600.0,23801.771484375,39400.0,34000.0,26900.0,39000.0,4137.7998046875
2025-10-27,22123.89453125,65500.0,34162.1796875,49800.0,33601.45703125,89090.90625,59300.0,27400.0,23980.259765625,23863.63671875,20695.65234375,78500.0,81000.0,34150.0,11638.6552734375,45450.0,16150.0,14561.8740234375,26414.728515625,54600.0,35050.0,16714.28515625,59200.0,53250.0,16849.314453125,107000.0,134846.15625,57000.0,22453.00390625,36100.0,33900.0,25900.0,38500.0,4019.699951171875
2025-10-28,22123.89453125,65500.0,34162.1796875,49800.0,33601.45703125,89090.90625,59300.0,27400.0,23980.259765625,23863.63671875,20695.65234375,78500.0,81000.0,34150.0,11638.6552734375,45450.0,16150.0,14561.8740234375,26414.728515625,54600.0,35050.0,16714.28515625,59200.0,53250.0,16849.314453125,107000.0,134846.15625,57000.0,22453.00390625,36100.0,33900.0,25300.0,38500.0,3983.10009765625
2025-10-29,22477.876953125,66500.0,34723.75,49900.0,33878.01171875,92909.09375,60000.0,27550.0,24828.4375,24363.63671875,20869.564453125,79000.0,84200.0,34050.0,11638.6552734375,45450.0,16350.0,14727.8212890625,27211.724609375,56800.0,36000.0,17095.23828125,60000.0,53500.0,17534.24609375,110050.0,144230.765625,57400.0,23365.40625,36800.0,34400.0,25390.0,39000.0,4000.699951171875
2025-10-30,22477.876953125,66700.0,35378.9140625,50200.0,34327.4140625,92454.546875,60200.0,28100.0,25753.720703125,24772.7265625,21173.912109375,79200.0,84100.0,34500.0,12016.806640625,45750.0,16800.0,14893.7685546875,27021.962890625,57200.0,36400.0,18150.0,60700.0,51900.0,17351.59765625,106000.0,150076.921875,57500.0,23682.76171875,35950.0,34550.0,25300.0,39440.0,4015.89990234375
2025-10-31,22212.388671875,66900.0,35472.5078125,50600.0,34016.2890625,93363.6328125,59700.0,28350.0,25753.720703125,24454.544921875,20826.087890625,79300.0,83900.0,34550.0,11932.7734375,45700.0,16900.0,14852.2822265625,26452.681640625,56900.0,35700.0,17150.0,60600.0,52000.0,17123.287109375,102050.0,150384.609375,57100.0,23167.056640625,34600.0,34420.0,25690.0,39150.0,3996.5
2025-11-03,22522.123046875,66000.0,34723.75,54300.0,33532.3203125,95454.546875,61500.0,28350.0,23556.171875,23681.818359375,20086.95703125,77000.0,81000.0,34300.0,11974.7900390625,46300.0,15950.0,14727.8212890625,24668.927734375,52300.0,33600.0,16650.0,59300.0,49250.0,16757.990234375,97700.0,141153.84375,57300.0,21897.62890625,31350.0,33200.0,25800.0,38890.0,4014.0
2025-11-04,23008.849609375,67000.0,35472.5078125,54300.0,34534.83203125,93909.09375,60500.0,28750.0,23980.259765625,24318.181640625,20869.564453125,80000.0,81800.0,34200.0,11974.7900390625,46250.0,16300.0,14769.30859375,26376.77734375,53900.0,35000.0,17250.0,60100.0,50100.0,17305.935546875,100500.0,142923.078125,57300.0,23405.07421875,33500.0,33970.0,25900.0,39400.0,3960.5
2025-11-05,23008.849609375,67000.0,35472.5078125,54300.0,34534.83203125,93909.09375,60500.0,28750.0,23980.259765625,24318.181640625,20869.564453125,80000.0,81800.0,34200.0,11974.7900390625,46250.0,16300.0,14769.30859375,26376.77734375,53900.0,35000.0,17250.0,60100.0,50100.0,17305.935546875,100500.0,142923.078125,57300.0,23405.07421875,33500.0,33970.0,25900.0,38960.0,3992.89990234375
2025-11-06,22389.380859375,68700.0,36034.078125,54100.0,35329.92578125,91090.90625,62100.0,28700.0,23209.19140625,23727.2734375,20608.6953125,78800.0,80300.0,34750.0,12226.890625,46150.0,15850.0,14478.900390625,26035.20703125,51900.0,33600.0,16900.0,60300.0,49450.0,16940.638671875,103900.0,139153.84375,58000.0,22611.68359375,32000.0,33180.0,25750.0,38680.0,3991.0
2025-11-07,22035.3984375,68000.0,35098.12890625,52000.0,33878.01171875,91818.1796875,62900.0,27800.0,23132.083984375,23681.818359375,20260.869140625,76800.0,76500.0,34000.0,11932.7734375,46100.0,15300.0,14271.466796875,25010.498046875,48350.0,33000.0,16500.0,59300.0,46000.0,16712.328125,99850.0,136923.078125,57600.0,21818.291015625,31350.0,32400.0,25200.0,37800.0,4009.800048828125
2025-11-10,21946.90234375,66000.0,35004.53515625,53000.0,33186.625,87454.546875,61200.0,27950.0,22823.65625,24045.455078125,20086.95703125,76000.0,76800.0,33900.0,11848.7392578125,46000.0,15300.0,13981.05859375,25503.875,48500.0,33400.0,16500.0,58800.0,43450.0,16666.666015625,99500.0,135769.234375,57000.0,21818.291015625,29800.0,32190.0,25690.0,37100.0,4122.0
2025-11-11,21991.150390625,67000.0,35566.10546875,53400.0,33532.3203125,87363.6328125,61100.0,27900.0,22823.65625,24181.818359375,20173.912109375,78200.0,78000.0,33750.0,11806.72265625,46800.0,15800.0,13773.625,26452.681640625,49650.0,33650.0,16900.0,58900.0,45000.0,16621.00390625,100500.0,134538.46875,58900.0,21818.291015625,31050.0,32330.0,25690.0,37100.0,4116.2998046875
2025-11-12,22300.884765625,66900.0,35800.09375,56000.0,34016.2890625,91454.546875,61900.0,28450.0,23132.083984375,24545.455078125,20608.6953125,79200.0,80500.0,34050.0,11974.7900390625,46950.0,16300.0,14229.9794921875,26946.05859375,50600.0,35000.0,17300.0,59500.0,47000.0,17031.962890625,105600.0,135461.53125,59800.0,22214.986328125,32800.0,33150.0,25650.0,37950.0,4213.60009765625
2025-11-13,22212.388671875,67900.0,35846.890625,56000.0,33774.3046875,89909.09375,62900.0,28500.0,23093.53125,24136.36328125,20434.783203125,79000.0,80100.0,34500.0,12352.94140625,47400.0,16350.0,14229.9794921875,26528.5859375,48700.0,35100.0,16950.0,59800.0,46650.0,16940.638671875,105600.0,135615.390625,61800.0,22016.638671875,31950.0,32850.0,25690.0,38230.0,4194.5
2025-11-14,22079.646484375,67500.0,35893.6875,55300.0,33566.88671875,90909.09375,62800.0,28400.0,23016.423828125,24454.544921875,20434.783203125,78000.0,81400.0,34500.0,12521.0087890625,47100.0,16350.0,14105.51953125,26528.5859375,48050.0,35100.0,16950.0,60000.0,46950.0,16894.9765625,105500.0,135692.3125,62800.0,22056.30859375,32100.0,33000.0,25600.0,38290.0,4094.199951171875
2025-11-17,22256.63671875,68900.0,35940.484375,54100.0,33774.3046875,91818.1796875,63000.0,29100.0,23170.63671875,24818.181640625,20695.65234375,79700.0,82400.0,34700.0,12857.142578125,47250.0,16600.0,14478.900390625,26870.154296875,48900.0,35150.0,17150.0,60200.0,47500.0,17077.625,108500.0,137692.3125,62100.0,22294.326171875,32200.0,33380.0,25690.0,38310.0,4074.5
2025-11-18,22212.388671875,67700.0,35940.484375,54200.0,34154.56640625,90909.09375,62400.0,28250.0,23479.06640625,25000.0,20608.6953125,79000.0,83000.0,34550.0,12689.0751953125,47200.0,16500.0,14395.9267578125,26984.01171875,49500.0,35350.0,17600.0,59900.0,48500.0,17077.625,110000.0,137769.234375,60700.0,22849.701171875,32350.0,33550.0,25900.0,38340.0,4066.5
2025-11-19,22035.3984375,66100.0,35659.69921875,54200.0,34120.0,89090.90625,62200.0,28000.0,24134.474609375,25090.908203125,20434.783203125,78800.0,82400.0,34700.0,12521.0087890625,47000.0,16450.0,14271.466796875,26300.873046875,49500.0,34800.0,17150.0,59400.0,48450.0,17077.625,110250.0,136923.078125,60900.0,22294.326171875,31600.0,33250.0,25700.0,38300.0,4082.800048828125
2025-11-20,21946.90234375,66100.0,35519.30859375,55300.0,33947.15234375,90000.0,62100.0,28000.0,24520.009765625,24772.7265625,20304.34765625,78500.0,81000.0,34400.0,12563.025390625,47050.0,16650.0,14105.51953125,26414.728515625,49500.0,34600.0,17250.0,59400.0,48900.0,17077.625,114000.0,146461.53125,60700.0,22651.3515625,32000.0,33300.0,25850.0,37800.0,4060.0
2025-11-21,21858.40625,67000.0,35191.7265625,54100.0,33947.15234375,91636.3671875,61900.0,27800.0,24057.3671875,24909.091796875,20173.912109375,77500.0,80000.0,33950.0,12563.025390625,46700.0,16650.0,14229.9794921875,26035.20703125,51300.0,34250.0,17250.0,59000.0,49650.0,16940.638671875,114850.0,149692.3125,59900.0,22651.3515625,32200.0,33600.0,25650.0,37780.0,4079.5
2025-11-24,21769.912109375,66700.0,35238.5234375,53200.0,33739.734375,91090.90625,61000.0,27700.0,23980.259765625,24636.36328125,20130.435546875,77800.0,79300.0,33850.0,12689.0751953125,46150.0,16550.0,14437.4140625,26111.111328125,50000.0,33950.0,17250.0,58800.0,51350.0,16894.9765625,119750.0,157538.46875,63000.0,23008.37890625,34450.0,33770.0,25530.0,37550.0,4094.199951171875
2025-11-25,21415.9296875,65500.0,34630.15625,51900.0,33290.33203125,90636.3671875,60800.0,27100.0,24520.009765625,24454.544921875,19869.564453125,77000.0,78500.0,33500.0,12436.974609375,46300.0,16400.0,14188.4931640625,24934.59375,50000.0,33450.0,16950.0,58200.0,51300.0,16712.328125,121500.0,168538.46875,61900.0,22373.6640625,33400.0,33880.0,25530.0,37310.0,4140.0
2025-11-26,21415.9296875,66400.0,34957.73828125,51900.0,33808.875,90000.0,62000.0,27500.0,24905.544921875,24636.36328125,20217.390625,78600.0,80200.0,33850.0,12773.109375,46500.0,16700.0,14312.953125,25807.494140625,49950.0,33850.0,17400.0,58100.0,51050.0,16849.314453125,122500.0,159846.15625,62800.0,23008.37890625,33850.0,34050.0,25600.0,37700.0,4165.2001953125
2025-11-27,21548.671875,66400.0,35144.92578125,52900.0,33774.3046875,90454.546875,63000.0,27900.0,24674.22265625,24454.544921875,20434.783203125,78500.0,80000.0,34000.0,12815.1259765625,46400.0,16750.0,14395.9267578125,25200.2578125,49300.0,33750.0,17350.0,57900.0,51250.0,17031.962890625,124000.0,155384.609375,62000.0,23087.71875,33650.0,33950.0,25250.0,37720.0,4165.2001953125
2025-11-28,21460.177734375,66600.0,34723.75,52100.0,33878.01171875,88272.7265625,63400.0,27300.0,24674.22265625,24136.36328125,20217.390625,77400.0,79900.0,33900.0,12815.1259765625,46400.0,16800.0,14354.4404296875,24896.640625,48600.0,33750.0,17300.0,57400.0,51450.0,16894.9765625,130200.0,156538.46875,64000.0,23206.7265625,34250.0,33770.0,25590.0,37470.0,4254.89990234375
2025-12-01,21238.9375,65600.0,34583.35546875,51500.0,33463.1796875,87818.1796875,65400.0,26700.0,24288.6875,24090.908203125,20173.912109375,78800.0,80000.0,34450.0,12521.0087890625,49000.0,17000.0,14271.466796875,24289.40625,49000.0,33200.0,17000.0,57500.0,52850.0,16757.990234375,134950.0,156846.15625,64900.0,23246.396484375,34900.0,34100.0,25650.0,37670.0,4274.7998046875
2025-12-02,21194.689453125,66300.0,34489.76171875,51700.0,33912.58203125,87818.1796875,66100.0,27750.0,24674.22265625,24090.908203125,20478.26171875,78600.0,80000.0,34850.0,12521.0087890625,52400.0,17000.0,14312.953125,24517.119140625,49400.0,34200.0,17100.0,57600.0,53400.0,16849.314453125,137500.0,167615.390625,65000.0,22929.0390625,34900.0,34400.0,25660.0,37890.0,4220.7998046875
2025-12-03,21637.16796875,65900.0,35940.484375,53400.0,35952.17578125,87818.1796875,64500.0,27700.0,24866.990234375,24363.63671875,21347.826171875,80600.0,84700.0,34600.0,12478.9912109375,51900.0,17350.0,14727.8212890625,24555.0703125,49700.0,34900.0,17350.0,58900.0,53400.0,17168.94921875,134700.0,164615.390625,64600.0,24000.119140625,34500.0,34950.0,25900.0,38520.0,4232.5
2025-12-04,22035.3984375,65900.0,35753.29296875,53400.0,35952.17578125,88636.3671875,64500.0,27700.0,25406.73828125,24818.181640625,22347.826171875,80600.0,84700.0,34600.0,12647.05859375,51900.0,17350.0,14686.3349609375,24896.640625,49700.0,34900.0,17600.0,58900.0,52600.0,17260.2734375,134700.0,158461.53125,64600.0,24000.119140625,34500.0,35000.0,25700.0,38650.0,4243.0
2025-12-05,21548.671875,66000.0,35378.9140625,52000.0,35606.484375,87454.546875,64000.0,27400.0,25406.73828125,24545.455078125,21869.564453125,78200.0,85100.0,34400.0,12647.05859375,49800.0,16750.0,14686.3349609375,24479.166015625,49200.0,34700.0,17400.0,58300.0,53500.0,17031.962890625,142800.0,159615.390625,63400.0,23682.76171875,33800.0,34990.0,25800.0,38600.0,4243.0
2025-12-08,21415.9296875,66000.0,35098.12890625,55600.0,35329.92578125,86818.1796875,65400.0,26950.0,25252.525390625,24318.181640625,22000.0,77900.0,84900.0,36050.0,12436.974609375,53200.0,16600.0,14561.8740234375,24500.0,48700.0,34200.0,17200.0,57900.0,55000.0,16757.990234375,152700.0,158769.234375,63500.0,23563.75390625,32950.0,35050.0,25830.0,38060.0,4217.7001953125
2025-12-09,21327.43359375,65900.0,35051.33203125,55000.0,34638.5390625,88090.90625,64000.0,26900.0,24288.6875,24000.0,21478.26171875,77000.0,84000.0,35000.0,12184.8740234375,53300.0,16500.0,14437.4140625,23958.333984375,48550.0,33800.0,16900.0,58000.0,53750.0,16575.341796875,160000.0,153846.15625,62500.0,22810.03125,32000.0,35110.0,26100.0,37840.0,4236.2001953125
2025-12-10,21327.43359375,65900.0,35285.3203125,54300.0,34915.09375,86909.09375,63500.0,26750.0,24789.8828125,24227.2734375,21869.564453125,77000.0,83000.0,34600.0,12300.0,51500.0,16450.0,14478.900390625,24375.0,48600.0,33700.0,16900.0,58200.0,51750.0,16621.00390625,148800.0,151230.765625,63100.0,23008.37890625,30000.0,34400.0,25900.0,37840.0,4224.7001953125
2025-12-11,21194.689453125,65200.0,35191.7265625,54600.0,34638.5390625,87272.7265625,62600.0,26650.0,24481.455078125,24136.36328125,21608.6953125,76100.0,82300.0,34400.0,12100.0,52300.0,16350.0,14478.900390625,24208.333984375,47700.0,33400.0,16800.0,57600.0,50550.0,16529.6796875,146000.0,144615.390625,61500.0,22333.99609375,29500.0,34280.0,25800.0,37580.0,4313.0
2025-12-12,20796.4609375,65300.0,34630.15625,52000.0,34223.70703125,85181.8203125,61300.0,25300.0,23286.298828125,23636.36328125,20869.564453125,73500.0,78500.0,33700.0,11550.0,50000.0,16000.0,14354.4404296875,23416.666015625,46000.0,32000.0,16350.0,56800.0,47050.0,15799.0869140625,144000.0,142307.6875,60200.0,21064.568359375,27450.0,33360.0,25750.0,36880.0,4328.2998046875
2025-12-15,20840.70703125,65300.0,34630.15625,52700.0,34361.984375,85272.7265625,62100.0,25600.0,23132.083984375,23863.63671875,20652.173828125,73500.0,77700.0,33900.0,12000.0,50500.0,15900.0,14271.466796875,23666.666015625,46800.0,32000.0,16350.0,56800.0,46250.0,15662.1005859375,142900.0,143076.921875,62000.0,21818.291015625,28900.0,33340.0,25470.0,36260.0,4335.2001953125
2025-12-16,21238.9375,64800.0,35004.53515625,53400.0,35260.7890625,86272.7265625,64300.0,26500.0,24751.330078125,24272.7265625,21260.869140625,74500.0,82000.0,34400.0,12400.0,51700.0,15900.0,14561.8740234375,25208.333984375,47050.0,33000.0,16800.0,56900.0,47500.0,16027.3974609375,142900.0,147307.6875,64200.0,22413.333984375,29600.0,33880.0,25820.0,37300.0,4332.2998046875
2025-12-17,21238.9375,62900.0,35566.10546875,53400.0,34700.0,87181.8203125,62900.0,26300.0,24751.330078125,24000.0,21217.390625,74000.0,81900.0,34650.0,12300.0,50100.0,15700.0,14478.900390625,24708.333984375,47200.0,32600.0,16500.0,56700.0,47450.0,16073.0595703125,142900.0,142384.609375,62900.0,22214.986328125,29700.0,33600.0,25600.0,37310.0,4373.89990234375
2025-12-18,21238.9375,62900.0,35566.10546875,53400.0,34700.0,87181.8203125,62900.0,26300.0,32100.0,24000.0,21217.390625,74000.0,81900.0,34650.0,12300.0,50100.0,15700.0,14478.900390625,24708.333984375,47200.0,32600.0,16500.0,56700.0,47450.0,16073.0595703125,142900.0,142384.609375,62900.0,22214.986328125,29700.0,33600.0,25420.0,37380.0,4364.5
2025-12-19,21150.443359375,61300.0,35285.3203125,54000.0,34450.0,85363.6328125,64000.0,26450.0,25950.0,24272.7265625,21478.26171875,75800.0,82900.0,34850.0,12200.0,49700.0,16150.0,14520.3876953125,25666.666015625,49000.0,33600.0,16850.0,57500.0,50750.0,16073.0595703125,148500.0,153769.234375,64000.0,22572.013671875,31700.0,34000.0,25570.0,37210.0,4387.2998046875
2025-12-22,21504.423828125,61900.0,35940.484375,56000.0,35150.0,85181.8203125,65300.0,26600.0,27000.0,24454.544921875,21956.521484375,76000.0,85000.0,35300.0,12700.0,49600.0,16300.0,14727.8212890625,26208.333984375,52400.0,35200.0,17300.0,57800.0,53700.0,16210.0458984375,158800.0,158461.53125,63200.0,23008.37890625,33000.0,35190.0,25850.0,37890.0,4469.39990234375
2025-12-23,21415.9296875,61200.0,35566.10546875,56000.0,35000.0,85454.546875,65300.0,26250.0,27500.0,24318.181640625,21826.087890625,76100.0,87500.0,35600.0,12800.0,49500.0,16300.0,14520.3876953125,25666.666015625,56000.0,34800.0,17350.0,57200.0,57450.0,16210.0458984375,169900.0,158846.15625,62600.0,22770.361328125,34250.0,35680.0,25700.0,37980.0,4505.7001953125
2025-12-24,21504.423828125,60400.0,35940.484375,56000.0,35300.0,85090.90625,66100.0,26000.0,27850.0,24136.36328125,22000.0,76200.0,88000.0,35150.0,12750.0,48800.0,16900.0,14520.3876953125,26125.0,58700.0,34950.0,17400.0,57000.0,61400.0,16347.0322265625,169800.0,153076.921875,61500.0,23246.396484375,34650.0,35680.0,25700.0,38260.0,4502.7998046875
2025-12-25,21504.423828125,60400.0,35940.484375,56000.0,35300.0,85090.90625,66100.0,26000.0,27850.0,24136.36328125,22000.0,76200.0,88000.0,35150.0,12750.0,48800.0,16900.0,14520.3876953125,26125.0,58700.0,34950.0,17400.0,57000.0,61400.0,16347.0322265625,169800.0,153076.921875,61500.0,23246.396484375,34650.0,35680.0,25700.0,38160.0,4502.7998046875
2025-12-26,21150.443359375,59600.0,36314.86328125,55900.0,35200.0,84090.90625,70500.0,25500.0,27600.0,24454.544921875,21608.6953125,75300.0,87000.0,35550.0,12800.0,48750.0,16350.0,14354.4404296875,25625.0,57500.0,33900.0,16950.0,57100.0,55000.0,16073.0595703125,155000.0,159923.078125,61500.0,22333.99609375,32000.0,35490.0,25500.0,37980.0,4552.7001953125
2025-12-29,21238.9375,60500.0,36314.86328125,59800.0,35300.0,85727.2734375,75100.0,26000.0,27600.0,24272.7265625,21608.6953125,75500.0,87100.0,36500.0,13000.0,48800.0,16200.0,14354.4404296875,25416.666015625,59900.0,34050.0,16900.0,57100.0,58850.0,16073.0595703125,159700.0,160153.84375,62100.0,22214.986328125,33200.0,35400.0,25500.0,37760.0,4343.60009765625
2025-12-30,21327.43359375,61500.0,36876.43359375,59400.0,35650.0,87727.2734375,74900.0,26600.0,27950.0,24090.908203125,21739.130859375,76900.0,88500.0,35750.0,12800.0,49600.0,16350.0,14271.466796875,25500.0,60000.0,34350.0,17150.0,57300.0,58750.0,16164.3837890625,163000.0,158000.0,61800.0,22770.361328125,32800.0,35760.0,25690.0,38150.0,4386.2998046875
2025-12-31,21238.9375,61800.0,36408.4609375,56800.0,35750.0,87090.90625,72400.0,26200.0,29700.0,24000.0,22000.0,77000.0,88400.0,35300.0,12700.0,49000.0,16350.0,14478.900390625,25208.333984375,58000.0,34900.0,17100.0,57500.0,62000.0,16210.0458984375,169600.0,160769.234375,61200.0,22730.69140625,33650.0,36090.0,25520.0,38300.0,4341.10009765625
2026-01-01,21238.9375,61800.0,36408.4609375,56800.0,35750.0,87090.90625,72400.0,26200.0,29700.0,24000.0,22000.0,77000.0,88400.0,35300.0,12700.0,49000.0,16350.0,14478.900390625,25208.333984375,58000.0,34900.0,17100.0,57500.0,62000.0,16210.0458984375,169600.0,160769.234375,61200.0,22730.69140625,33650.0,36090.0,25520.0,38300.0,4341.10009765625
2026-01-02,21238.9375,61800.0,36408.4609375,56800.0,35750.0,87090.90625,72400.0,26200.0,29700.0,24000.0,22000.0,77000.0,88400.0,35300.0,12700.0,49000.0,16350.0,14478.900390625,25208.333984375,58000.0,34900.0,17100.0,57500.0,62000.0,16210.0458984375,169600.0,160769.234375,61200.0,22730.69140625,33650.0,36090.0,25520.0,38300.0,4329.60009765625
2026-01-05,21238.9375,61100.0,35987.28125,57300.0,35500.0,86363.6328125,77400.0,25750.0,28950.0,23590.908203125,22043.478515625,76800.0,87400.0,36300.0,12650.0,48100.0,16100.0,14271.466796875,24291.666015625,57900.0,34950.0,16600.0,57100.0,66300.0,16164.3837890625,173100.0,159615.390625,60300.0,22135.646484375,35600.0,36000.0,25600.0,38300.0,4451.5
2026-01-06,21238.9375,63800.0,36408.4609375,61300.0,36200.0,85454.546875,82800.0,27550.0,29050.0,23590.908203125,23173.912109375,77000.0,88800.0,38750.0,12750.0,47550.0,16200.0,14354.4404296875,24708.333984375,56700.0,36000.0,17050.0,57300.0,70900.0,16210.0458984375,173100.0,163230.765625,60800.0,22889.369140625,38050.0,36500.0,25600.0,38310.0,4496.10009765625
2026-01-07,21814.16015625,68200.0,38327.15625,65500.0,37450.0,88636.3671875,88500.0,29450.0,29100.0,24181.818359375,23217.390625,78400.0,89800.0,41450.0,13600.0,48500.0,16500.0,14395.9267578125,25083.333984375,53400.0,36400.0,17450.0,59600.0,74750.0,16484.017578125,179000.0,161230.765625,60900.0,23206.7265625,38550.0,37000.0,25810.0,39000.0,4462.5
2026-01-08,21725.6640625,68200.0,40292.65234375,66200.0,38200.0,87727.2734375,91600.0,30050.0,28800.0,24000.0,23130.435546875,78300.0,87500.0,41500.0,14000.0,48300.0,16600.0,14437.4140625,25458.333984375,53500.0,36000.0,17650.0,63700.0,69550.0,16438.35546875,176600.0,156153.84375,62200.0,23206.7265625,35900.0,36950.0,26480.0,39010.0,4460.7001953125
2026-01-09,21725.6640625,71000.0,43100.50390625,67500.0,40750.0,88545.453125,97100.0,31600.0,27900.0,23818.181640625,23739.130859375,76500.0,86000.0,43000.0,14400.0,48950.0,16500.0,14395.9267578125,25291.666015625,51800.0,36650.0,17600.0,68000.0,70000.0,16392.693359375,176000.0,152846.15625,61000.0,22413.333984375,35000.0,36940.0,26450.0,39150.0,4500.89990234375
2026-01-12,22566.37109375,70000.0,46095.54296875,66000.0,41500.0,90454.546875,97000.0,32200.0,28200.0,25000.0,24521.73828125,78600.0,87500.0,42400.0,14150.0,47000.0,17000.0,14727.8212890625,27041.666015625,53800.0,38000.0,18200.0,72700.0,65100.0,16940.638671875,163700.0,150000.0,62700.0,23960.44921875,32600.0,36900.0,26500.0,39990.0,4614.7001953125
2026-01-13,22035.3984375,68600.0,47733.45703125,67900.0,41300.0,89909.09375,103700.0,34000.0,28450.0,24772.7265625,23956.521484375,79300.0,87100.0,45350.0,14600.0,50200.0,16700.0,14686.3349609375,27291.666015625,54100.0,37350.0,17900.0,74000.0,67000.0,16940.638671875,167900.0,150000.0,63300.0,24198.466796875,33550.0,37030.0,26950.0,39770.0,4599.10009765625
2026-01-14,21814.16015625,73400.0,51009.28125,68500.0,41450.0,90727.2734375,107000.0,36350.0,27650.0,24772.7265625,23608.6953125,80600.0,86000.0,48500.0,14600.0,53700.0,16700.0,14852.2822265625,27791.666015625,54100.0,36500.0,17500.0,76000.0,63150.0,16575.341796875,160200.0,145692.3125,67700.0,23405.07421875,31800.0,36700.0,26700.0,39360.0,4635.7001953125
2026-01-15,22035.3984375,77900.0,47452.671875,73200.0,40000.0,89545.453125,103000.0,37350.0,29550.0,25090.908203125,23695.65234375,81000.0,84000.0,51800.0,14250.0,52700.0,16500.0,14893.7685546875,27208.333984375,57800.0,35600.0,17400.0,71900.0,60000.0,16803.65234375,153000.0,138846.15625,71000.0,23008.37890625,31450.0,36300.0,26300.0,39100.0,4623.7001953125
2026-01-16,21991.150390625,77500.0,47827.05078125,73700.0,39600.0,95727.2734375,99800.0,35900.0,28450.0,25090.908203125,23521.73828125,81400.0,87000.0,52000.0,14250.0,52500.0,16350.0,14935.255859375,27208.333984375,58400.0,35800.0,17400.0,73000.0,62050.0,16621.00390625,159900.0,141538.46875,69600.0,22929.0390625,32000.0,36870.0,26700.0,39700.0,4595.39990234375
2026-01-19,22212.388671875,78800.0,48669.40625,71300.0,40000.0,96181.8203125,105800.0,38000.0,28750.0,25181.818359375,23913.04296875,80200.0,86700.0,55600.0,14250.0,51100.0,16500.0,14935.255859375,27208.333984375,58300.0,36300.0,17350.0,72700.0,62500.0,16575.341796875,162000.0,142307.6875,70600.0,23524.083984375,32000.0,37000.0,26780.0,40060.0,4595.39990234375
2026-01-20,22168.140625,80000.0,49792.546875,73000.0,39650.0,94636.3671875,104500.0,39000.0,28950.0,24772.7265625,23826.087890625,80000.0,86000.0,59000.0,14300.0,52300.0,16550.0,14686.3349609375,27166.666015625,58100.0,35950.0,17450.0,73500.0,61500.0,16484.017578125,161000.0,139846.15625,73400.0,23603.423828125,31150.0,36800.0,26600.0,39700.0,4765.7998046875
2026-01-21,21991.150390625,76300.0,49605.35546875,73900.0,40200.0,95454.546875,110000.0,38500.0,29050.0,24363.63671875,23478.26171875,79900.0,85400.0,59100.0,14650.0,50600.0,16450.0,14437.4140625,26416.666015625,62100.0,35800.0,17200.0,72800.0,61450.0,16255.7080078125,160500.0,139846.15625,70300.0,23048.048828125,31250.0,36800.0,26200.0,39510.0,4837.5
2026-01-22,21991.150390625,74500.0,48669.40625,76000.0,39900.0,94090.90625,104800.0,39000.0,29200.0,24409.091796875,23434.783203125,79900.0,86500.0,56500.0,14800.0,50600.0,16300.0,14686.3349609375,26583.333984375,63500.0,36000.0,17400.0,71000.0,60250.0,16301.3701171875,161100.0,139230.765625,70900.0,23167.056640625,31850.0,36800.0,26600.0,39900.0,4913.39990234375
2026-01-23,22168.140625,69300.0,47546.265625,72600.0,39000.0,91818.1796875,100800.0,36900.0,29600.0,24318.181640625,23434.783203125,79000.0,85800.0,54600.0,13900.0,49300.0,16300.0,14644.84765625,26583.333984375,62600.0,36500.0,17250.0,68600.0,61250.0,16255.7080078125,165400.0,148923.078125,67200.0,22611.68359375,32400.0,36850.0,26790.0,39510.0,4979.7001953125
2026-01-26,21946.90234375,68100.0,49137.3828125,67800.0,38200.0,89545.453125,107800.0,38650.0,28350.0,23909.091796875,22695.65234375,77300.0,84100.0,57000.0,14000.0,48500.0,15750.0,14395.9267578125,25833.333984375,62000.0,35650.0,17100.0,69600.0,59450.0,15936.0732421875,159900.0,140000.0,68900.0,22016.638671875,31000.0,36250.0,26360.0,39280.0,5082.5
2026-01-27,21858.40625,67100.0,49230.9765625,69000.0,38250.0,92818.1796875,115300.0,39850.0,29000.0,24045.455078125,23043.478515625,76700.0,85000.0,60900.0,14000.0,49550.0,16050.0,14478.900390625,25708.333984375,61900.0,34950.0,17200.0,70600.0,55300.0,15890.4111328125,151000.0,137538.46875,67700.0,22056.30859375,30900.0,35900.0,26350.0,39450.0,5082.60009765625
2026-01-28,21150.443359375,66000.0,48575.8125,68800.0,38400.0,95000.0,118000.0,38200.0,28500.0,24272.7265625,23086.95703125,79500.0,85500.0,58900.0,13800.0,48950.0,16000.0,14478.900390625,25791.666015625,63200.0,34500.0,16900.0,69600.0,52150.0,15936.0732421875,140500.0,131923.078125,67700.0,22016.638671875,29100.0,35730.0,26980.0,39640.0,5303.60009765625
2026-01-29,21061.947265625,66000.0,48575.8125,69100.0,38300.0,96454.546875,116800.0,40850.0,27850.0,24636.36328125,23217.390625,84100.0,89500.0,57700.0,13400.0,50300.0,15950.0,14478.900390625,25958.333984375,62800.0,34900.0,16700.0,69800.0,53500.0,15981.7353515625,140500.0,126153.84375,71100.0,21937.298828125,30000.0,35800.0,27670.0,40000.0,5318.39990234375
2026-01-30,21327.43359375,68100.0,50447.7109375,69800.0,38750.0,95000.0,117000.0,39850.0,28300.0,24363.63671875,23652.173828125,84000.0,92900.0,58900.0,13750.0,49900.0,16000.0,14229.9794921875,25958.333984375,63000.0,35900.0,17200.0,70500.0,53000.0,16255.7080078125,140500.0,131153.84375,70600.0,22214.986328125,30200.0,35910.0,27440.0,40300.0,4745.10009765625
2026-02-02,21017.69921875,70900.0,51477.2578125,74600.0,39350.0,94818.1796875,114500.0,41800.0,27800.0,24136.36328125,23739.130859375,83800.0,93700.0,60900.0,14350.0,49900.0,15750.0,14229.9794921875,25666.666015625,63500.0,35000.0,17000.0,71500.0,49300.0,15981.7353515625,130700.0,130769.234375,72600.0,21897.62890625,28100.0,36530.0,27440.0,39900.0,4652.60009765625
2026-02-03,20973.451171875,74000.0,50634.90234375,79800.0,39700.0,94454.546875,117000.0,42800.0,27550.0,24318.181640625,24086.95703125,83800.0,91500.0,60000.0,14300.0,52100.0,15800.0,14105.51953125,25750.0,63000.0,34700.0,17150.0,71800.0,48650.0,15936.0732421875,130700.0,129230.765625,71600.0,21818.291015625,28400.0,35970.0,27470.0,40230.0,4935.0
2026-02-04,20884.955078125,71900.0,49605.35546875,82000.0,39600.0,92636.3671875,115800.0,41700.0,27550.0,25727.2734375,24173.912109375,82700.0,91800.0,60000.0,14450.0,51700.0,15800.0,14105.51953125,26291.666015625,63800.0,34550.0,17400.0,70800.0,45650.0,15890.4111328125,121600.0,126923.078125,72000.0,22016.638671875,28250.0,35700.0,27470.0,40010.0,4950.7998046875
2026-02-05,20752.212890625,68900.0,48201.4296875,79500.0,38600.0,90000.0,112000.0,40000.0,27550.0,25045.455078125,23521.73828125,79400.0,90200.0,57400.0,14200.0,50100.0,15650.0,13939.572265625,25833.333984375,62300.0,34850.0,17100.0,68400.0,48800.0,15662.1005859375,130100.0,128076.921875,69100.0,21738.951171875,28800.0,35290.0,27500.0,39730.0,4889.5
2026-02-06,20353.982421875,65500.0,48107.8359375,78000.0,37400.0,88727.2734375,115000.0,39000.0,26500.0,24363.63671875,23782.609375,78200.0,88400.0,57000.0,13500.0,48750.0,15350.0,13939.572265625,24916.666015625,61500.0,34600.0,16800.0,65100.0,48750.0,15251.1416015625,131000.0,127692.3046875,69100.0,21262.916015625,28050.0,34970.0,27500.0,39400.0,4979.7998046875
2026-02-09,20309.734375,64100.0,47359.078125,76500.0,37100.0,90000.0,115700.0,38650.0,26800.0,24318.181640625,24000.0,78200.0,89300.0,57300.0,13450.0,49450.0,15250.0,13898.0849609375,24666.666015625,60300.0,34750.0,16800.0,65000.0,47500.0,15251.1416015625,132300.0,126923.078125,69600.0,21223.24609375,28200.0,34550.0,27500.0,39120.0,5079.39990234375
2026-02-10,20353.982421875,64500.0,44083.25,74900.0,37100.0,88909.09375,107700.0,35950.0,26800.0,24136.36328125,24217.390625,76800.0,89300.0,53300.0,12950.0,48350.0,15250.0,13898.0849609375,24958.333984375,59500.0,34600.0,16800.0,63100.0,50650.0,15068.4931640625,141500.0,125384.6171875,68400.0,21104.236328125,28950.0,34760.0,27500.0,39780.0,5031.0
2026-02-11,20929.203125,64600.0,45393.58203125,78300.0,37900.0,89636.3671875,102000.0,35300.0,27800.0,24409.091796875,25217.390625,78000.0,91900.0,51700.0,13200.0,48700.0,15500.0,14105.51953125,26000.0,61100.0,35300.0,17350.0,64700.0,51500.0,15479.4521484375,150800.0,129230.765625,69100.0,22453.00390625,29400.0,35440.0,27610.0,40000.0,5098.5
2026-02-12,21106.1953125,62800.0,44504.4296875,76600.0,38000.0,89818.1796875,101400.0,35350.0,27850.0,24454.544921875,24652.173828125,78000.0,92900.0,51700.0,13300.0,48800.0,15350.0,14064.0322265625,26041.666015625,61100.0,35450.0,17150.0,64200.0,54500.0,15616.4384765625,159000.0,129230.765625,69000.0,22413.333984375,29950.0,35850.0,27700.0,40390.0,4948.39990234375
2026-02-13,21106.1953125,63300.0,43896.0625,76000.0,38600.0,87545.453125,101600.0,36400.0,28200.0,24409.091796875,24608.6953125,78000.0,92800.0,52000.0,13400.0,48500.0,15450.0,14105.51953125,26166.666015625,62600.0,35450.0,17500.0,64400.0,54500.0,15753.4248046875,160000.0,130153.84375,69500.0,22453.00390625,29800.0,36000.0,27940.0,40670.0,5046.2998046875
2026-02-16,21106.1953125,63300.0,43896.0625,76000.0,38600.0,87545.453125,101600.0,36400.0,28200.0,24409.091796875,24608.6953125,78000.0,92800.0,52000.0,13400.0,48500.0,15450.0,14105.51953125,26166.666015625,62600.0,35450.0,17500.0,64400.0,54500.0,15753.4248046875,160000.0,130153.84375,69500.0,22453.00390625,29800.0,36000.0,27940.0,40670.0,5046.2998046875
2026-02-17,21106.1953125,63300.0,43896.0625,76000.0,38600.0,87545.453125,101600.0,36400.0,28200.0,24409.091796875,24608.6953125,78000.0,92800.0,52000.0,13400.0,48500.0,15450.0,14105.51953125,26166.666015625,62600.0,35450.0,17500.0,64400.0,54500.0,15753.4248046875,160000.0,130153.84375,69500.0,22453.00390625,29800.0,36000.0,27940.0,40670.0,4905.89990234375
2026-02-18,21106.1953125,63300.0,43896.0625,76000.0,38600.0,87545.453125,101600.0,36400.0,28200.0,24409.091796875,24608.6953125,78000.0,92800.0,52000.0,13400.0,48500.0,15450.0,14105.51953125,26166.666015625,62600.0,35450.0,17500.0,64400.0,54500.0,15753.4248046875,160000.0,130153.84375,69500.0,22453.00390625,29800.0,36000.0,27940.0,40670.0,5009.5
2026-02-19,21106.1953125,63300.0,43896.0625,76000.0,38600.0,87545.453125,101600.0,36400.0,28200.0,24409.091796875,24608.6953125,78000.0,92800.0,52000.0,13400.0,48500.0,15450.0,14105.51953125,26166.666015625,62600.0,35450.0,17500.0,64400.0,54500.0,15753.4248046875,160000.0,130153.84375,69500.0,22453.00390625,29800.0,36000.0,27940.0,40670.0,4997.39990234375
2026-02-20,21106.1953125,63300.0,43896.0625,76000.0,38600.0,87545.453125,101600.0,36400.0,28200.0,24409.091796875,24608.6953125,78000.0,92800.0,52000.0,13400.0,48500.0,15450.0,14105.51953125,26166.666015625,62600.0,35450.0,17500.0,64400.0,54500.0,15753.4248046875,160000.0,130153.84375,69500.0,22453.00390625,29800.0,36000.0,27940.0,40670.0,5080.89990234375
2026-02-23,21283.185546875,64300.0,45955.15234375,81300.0,38700.0,85909.09375,108700.0,38900.0,28200.0,25000.0,24652.173828125,79200.0,92000.0,55600.0,13850.0,48850.0,15800.0,14188.4931640625,26333.333984375,62900.0,35850.0,18000.0,66400.0,55350.0,15890.4111328125,162300.0,134538.46875,70600.0,22849.701171875,30000.0,36100.0,27770.0,40430.0,5225.60009765625
2026-02-24,21238.9375,64600.0,45627.5703125,84000.0,38200.0,84090.90625,110500.0,39450.0,28500.0,25727.2734375,24565.216796875,80900.0,92200.0,57700.0,13900.0,48800.0,15550.0,14105.51953125,26750.0,63400.0,35800.0,18050.0,65000.0,55500.0,15799.0869140625,162900.0,143538.46875,70200.0,23008.37890625,29500.0,36160.0,27680.0,40330.0,5176.2998046875
2026-02-25,21637.16796875,67000.0,45393.58203125,86000.0,38500.0,81000.0,110000.0,42200.0,28450.0,26636.36328125,25000.0,80300.0,93000.0,58000.0,14300.0,49200.0,16200.0,14064.0322265625,26791.666015625,66700.0,36000.0,18650.0,65100.0,53500.0,15890.4111328125,158000.0,137307.6875,72300.0,22889.369140625,28550.0,36200.0,27670.0,40100.0,5226.2001953125
2026-02-26,21637.16796875,66000.0,45346.78515625,84000.0,38500.0,82272.7265625,106000.0,40800.0,28400.0,26727.2734375,25043.478515625,80400.0,93600.0,57500.0,14100.0,49100.0,16150.0,14105.51953125,27000.0,67000.0,36450.0,18350.0,65400.0,53800.0,15890.4111328125,168900.0,137307.6875,70600.0,22929.0390625,29750.0,36540.0,27680.0,40650.0,5194.2001953125
2026-02-27,21725.6640625,67300.0,44832.01171875,81100.0,38250.0,84454.546875,107900.0,40000.0,27950.0,26181.818359375,24782.609375,79000.0,93100.0,57800.0,14500.0,48400.0,15950.0,14022.5458984375,27000.0,65500.0,36250.0,18400.0,64900.0,54000.0,15799.0869140625,172000.0,135230.765625,68200.0,22968.708984375,29050.0,36400.0,27030.0,40800.0,5247.89990234375
2026-03-02,21194.689453125,65000.0,42304.9453125,82100.0,36850.0,81454.546875,115400.0,42800.0,26950.0,25909.091796875,24043.478515625,78400.0,90000.0,61800.0,15500.0,47200.0,15650.0,13939.572265625,26541.666015625,67000.0,34650.0,17800.0,62900.0,50250.0,15433.7900390625,167200.0,130000.0,66600.0,22254.65625,27800.0,35700.0,27000.0,40300.0,5311.60009765625
2026-03-03,21194.689453125,65000.0,42304.9453125,82100.0,36850.0,81454.546875,115400.0,42800.0,26950.0,25909.091796875,24043.478515625,78400.0,90000.0,61800.0,15500.0,47200.0,15650.0,13939.572265625,26541.666015625,67000.0,34650.0,17800.0,62900.0,50250.0,15433.7900390625,167200.0,130000.0,66600.0,22254.65625,27800.0,35700.0,26450.0,39750.0,5123.7001953125
2026-03-04,20530.97265625,60100.0,42679.32421875,80000.0,36400.0,77363.6328125,128700.0,43600.0,26350.0,25181.818359375,23434.783203125,76000.0,88800.0,69500.0,15450.0,46000.0,15500.0,13939.572265625,28083.333984375,66700.0,32500.0,17300.0,63000.0,46750.0,15388.1279296875,155600.0,125538.4609375,64900.0,21540.603515625,28000.0,34590.0,26060.0,38820.0,5134.7001953125
2026-03-05,20840.70703125,59000.0,41556.1875,76000.0,36200.0,76727.2734375,119700.0,40550.0,25950.0,24772.7265625,23521.73828125,75300.0,85200.0,64700.0,15150.0,45650.0,15250.0,14105.51953125,27916.666015625,64900.0,32200.0,17050.0,62500.0,47500.0,15388.1279296875,164800.0,120307.6953125,63200.0,21421.59375,27000.0,34890.0,26900.0,38200.0,5078.7001953125
2026-03-06,20619.46875,58600.0,40760.62890625,76600.0,35650.0,74181.8203125,112100.0,37750.0,25900.0,24772.7265625,23217.390625,73300.0,82700.0,62000.0,14550.0,45600.0,15400.0,14105.51953125,26250.0,63800.0,31450.0,16850.0,61600.0,47500.0,15251.1416015625,156500.0,120307.6953125,62400.0,21143.90625,26250.0,34100.0,26500.0,37680.0,5158.7001953125
2026-03-09,19203.5390625,54500.0,37952.77734375,71300.0,33200.0,69000.0,104300.0,35150.0,24100.0,23045.455078125,21608.6953125,68200.0,77000.0,57700.0,13550.0,42450.0,14350.0,13524.7041015625,24416.666015625,60800.0,29250.0,15700.0,57300.0,44200.0,14292.2373046875,145600.0,117692.3046875,58100.0,19676.130859375,24450.0,32800.0,25750.0,35050.0,5103.7001953125
2026-03-10,20486.7265625,54000.0,39122.71484375,71300.0,35050.0,72272.7265625,97000.0,33350.0,25150.0,24636.36328125,23086.95703125,68300.0,81000.0,53700.0,13100.0,44750.0,14500.0,13690.6513671875,24708.333984375,65000.0,30300.0,16000.0,60400.0,44900.0,14703.1962890625,141800.0,119230.765625,62100.0,20231.505859375,24050.0,33890.0,26000.0,36890.0,5242.10009765625
2026-03-11,20530.97265625,56300.0,39029.12109375,74500.0,35100.0,72909.09375,103000.0,35650.0,25750.0,24909.091796875,23304.34765625,73000.0,86500.0,55200.0,13550.0,44800.0,14750.0,13773.625,25208.333984375,66300.0,31100.0,16450.0,60400.0,47950.0,15570.7763671875,146000.0,122846.15625,63000.0,20985.228515625,25600.0,33990.0,26330.0,37520.0,5179.10009765625
2026-03-12,20486.7265625,55300.0,38139.96875,72300.0,34300.0,70636.3671875,98700.0,35800.0,25700.0,24363.63671875,22826.087890625,73100.0,84600.0,52000.0,13400.0,43750.0,14950.0,13732.1376953125,24291.666015625,65700.0,30000.0,16050.0,59800.0,47950.0,15205.4794921875,145000.0,117538.4609375,61600.0,20429.853515625,25900.0,32900.0,25600.0,36860.0,5125.7998046875
2026-03-13,20752.212890625,53700.0,38046.37109375,72700.0,34000.0,70000.0,91800.0,34000.0,25600.0,24227.2734375,22739.130859375,73900.0,82000.0,48400.0,13300.0,44400.0,14950.0,13732.1376953125,23666.666015625,65800.0,30000.0,16000.0,59000.0,49000.0,15433.7900390625,144600.0,120615.3828125,63100.0,20350.513671875,25250.0,32890.0,25000.0,36850.0,5061.7001953125
2026-03-16,20752.212890625,53400.0,37718.7890625,72000.0,34150.0,71090.90625,87900.0,33050.0,25600.0,24318.181640625,22695.65234375,73500.0,80600.0,46700.0,13200.0,44500.0,15200.0,13732.1376953125,23666.666015625,66600.0,30200.0,16000.0,58800.0,50000.0,15525.1142578125,144700.0,118461.5390625,61800.0,20231.505859375,25900.0,32880.0,25460.0,37080.0,5002.2001953125
2026-03-17,21017.69921875,54100.0,37859.18359375,75700.0,34400.0,72181.8203125,86400.0,33300.0,25700.0,24454.544921875,22913.04296875,75400.0,82700.0,45650.0,13100.0,44350.0,15050.0,13815.111328125,23875.0,67600.0,30300.0,16100.0,60500.0,51000.0,15525.1142578125,146200.0,120769.234375,61500.0,20390.18359375,26450.0,33230.0,25000.0,37350.0,5008.2001953125
2026-03-18,21017.69921875,54100.0,38654.73828125,75200.0,35000.0,71454.546875,91700.0,34000.0,25700.0,24363.63671875,22869.564453125,75300.0,83700.0,48450.0,13300.0,44450.0,15100.0,13939.572265625,23333.333984375,63300.0,30300.0,16050.0,60500.0,51000.0,15616.4384765625,146000.0,123076.921875,61700.0,20310.845703125,26100.0,33250.0,25360.0,37300.0,4896.2001953125
2026-03-19,20884.955078125,52800.0,38046.37109375,74400.0,34650.0,69818.1796875,88100.0,32450.0,25650.0,24272.7265625,22956.521484375,75400.0,82400.0,46000.0,12950.0,44350.0,15000.0,14064.0322265625,22500.0,63400.0,30050.0,16000.0,59800.0,51150.0,15342.4658203125,145000.0,122076.921875,61000.0,20310.845703125,26050.0,32800.0,25000.0,37110.0,4605.7001953125
2026-03-20,20353.982421875,52800.0,37204.015625,76000.0,33600.0,67818.1796875,82000.0,30750.0,25000.0,23545.455078125,22565.216796875,71300.0,79700.0,42800.0,13150.0,42600.0,14900.0,14022.5458984375,22458.333984375,63400.0,29850.0,15800.0,58000.0,50000.0,15342.4658203125,135000.0,121000.0,60000.0,19874.478515625,26150.0,31980.0,25050.0,36550.0,4574.89990234375
2026-03-23,19911.50390625,50500.0,35987.28125,75100.0,32500.0,66454.546875,80500.0,28600.0,24300.0,23181.818359375,21739.130859375,70800.0,74200.0,41000.0,12700.0,42900.0,14400.0,13939.572265625,21166.666015625,60000.0,28900.0,15100.0,57600.0,49000.0,14885.8447265625,125600.0,116769.234375,60800.0,19041.416015625,25350.0,31140.0,24850.0,35250.0,4407.2998046875
2026-03-24,20442.478515625,51500.0,36595.6484375,80300.0,33550.0,68545.453125,80700.0,28700.0,24300.0,23590.908203125,22260.869140625,72100.0,76000.0,39800.0,12700.0,45100.0,14450.0,13939.572265625,21583.333984375,60800.0,29850.0,15800.0,58200.0,49500.0,15251.1416015625,124000.0,117692.3046875,61200.0,20033.158203125,25300.0,31330.0,24760.0,35300.0,4402.0
2026-03-25,21061.947265625,52900.0,36970.03125,85900.0,34050.0,70000.0,82500.0,30500.0,24900.0,23954.544921875,22608.6953125,73200.0,79200.0,41300.0,13350.0,44750.0,14757.775390625,13898.0849609375,22375.0,62200.0,30800.0,16150.0,58400.0,52100.0,15753.4248046875,128700.0,117692.3046875,62100.0,20866.21875,26350.0,32170.0,24770.0,36600.0,4552.2998046875
2026-03-26,20884.955078125,52800.0,36408.4609375,81500.0,33800.0,67454.546875,80300.0,30000.0,24550.0,23545.455078125,22434.783203125,72100.0,78500.0,39900.0,13100.0,43750.0,14905.3525390625,13898.0849609375,21958.333984375,60600.0,30150.0,15900.0,57900.0,50550.0,15479.4521484375,130000.0,119230.765625,61000.0,20786.880859375,25550.0,31800.0,24730.0,36110.0,4376.2998046875
2026-03-27,21061.947265625,54300.0,37297.61328125,84000.0,34800.0,69181.8203125,82100.0,32100.0,25300.0,24090.908203125,22739.130859375,73300.0,81000.0,42250.0,13050.0,44150.0,15151.3154296875,14022.5458984375,22541.666015625,59900.0,30650.0,16250.0,58800.0,51500.0,15525.1142578125,132600.0,120769.234375,61500.0,20985.228515625,25750.0,32310.0,24670.0,36870.0,4492.5
2026-03-30,21017.69921875,53600.0,36923.234375,84500.0,34050.0,67272.7265625,80800.0,33100.0,25200.0,24454.544921875,22391.3046875,74800.0,80800.0,41400.0,13050.0,44150.0,15200.5087890625,14022.5458984375,22125.0,61200.0,30500.0,15950.0,58000.0,51500.0,15433.7900390625,129500.0,120846.15625,60600.0,20707.541015625,25650.0,32000.0,24790.0,36400.0,4526.0
2026-03-31,20840.70703125,53100.0,36876.43359375,82500.0,34600.0,67909.09375,78300.0,31700.0,25450.0,24454.544921875,23000.0,75500.0,81800.0,40400.0,13000.0,44300.0,15298.8935546875,14064.0322265625,22458.333984375,62200.0,30700.0,16300.0,58100.0,51500.0,15479.4521484375,135000.0,120000.0,60500.0,21183.576171875,25750.0,32440.0,24730.0,36670.0,4647.60009765625
2026-04-01,21061.947265625,54100.0,37671.9921875,83800.0,34750.0,68454.546875,80000.0,32500.0,25600.0,24681.818359375,23043.478515625,76900.0,82400.0,40700.0,13050.0,44500.0,14954.5458984375,14105.51953125,23250.0,62200.0,30800.0,16350.0,59000.0,55100.0,15707.7626953125,141000.0,128384.6171875,61300.0,21262.916015625,27550.0,32920.0,24730.0,37460.0,4813.10009765625
2026-04-02,20884.955078125,53600.0,37157.21875,82500.0,34300.0,67909.09375,78700.0,32100.0,25600.0,24863.63671875,22869.564453125,76100.0,81800.0,40400.0,12850.0,44200.0,14610.197265625,14022.5458984375,22958.333984375,61100.0,30350.0,16000.0,58200.0,58950.0,15433.7900390625,139900.0,127307.6953125,60800.0,20826.55078125,27200.0,32900.0,24640.0,36310.0,4679.7001953125
2026-04-03,20796.4609375,53200.0,36548.8515625,85000.0,33800.0,67272.7265625,79700.0,32050.0,25600.0,24227.2734375,22565.216796875,75300.0,79300.0,40200.0,12650.0,44100.0,14900.0,13939.572265625,22500.0,60800.0,29750.0,16000.0,57700.0,59600.0,15205.4794921875,141000.0,123923.078125,60000.0,20469.5234375,26500.0,32700.0,24500.0,35810.0,4679.7001953125
2026-04-06,20575.220703125,52500.0,36829.63671875,81200.0,33700.0,67181.8203125,78500.0,31450.0,25600.0,24409.091796875,22304.34765625,75300.0,78300.0,38900.0,12400.0,44400.0,14500.0,13898.0849609375,22458.333984375,61200.0,29050.0,15850.0,58000.0,58500.0,15205.4794921875,141600.0,125615.3828125,60900.0,20310.845703125,25750.0,32700.0,23800.0,35530.0,4684.7001953125
2026-04-07,20530.97265625,53200.0,36876.43359375,79900.0,33700.0,67272.7265625,77300.0,31500.0,25100.0,24363.63671875,22260.869140625,75100.0,78000.0,38600.0,12500.0,44050.0,14700.0,13939.572265625,22916.666015625,61700.0,28700.0,15750.0,58000.0,57500.0,15251.1416015625,143400.0,125769.234375,61000.0,20667.87109375,25800.0,32690.0,24200.0,35330.0,4684.7001953125
2026-04-08,21327.43359375,55000.0,38795.1328125,83500.0,35500.0,71909.09375,79900.0,33200.0,26350.0,25454.544921875,23130.435546875,77700.0,81900.0,40500.0,13000.0,45400.0,15300.0,14105.51953125,24500.0,66000.0,30700.0,16500.0,60200.0,61500.0,15844.7490234375,153400.0,130384.6171875,62600.0,21897.62890625,27600.0,34960.0,25400.0,37050.0,4777.2001953125
2026-04-09,21106.1953125,55200.0,37999.57421875,79800.0,35000.0,71181.8203125,78400.0,32800.0,26050.0,25681.818359375,23043.478515625,78000.0,80700.0,39500.0,13000.0,45100.0,15500.0,14229.9794921875,23958.333984375,66300.0,30900.0,16250.0,59400.0,61000.0,15662.1005859375,149200.0,127692.3046875,61800.0,21500.93359375,27600.0,34100.0,25300.0,36920.0,4818.0
2026-04-10,21106.1953125,55500.0,38186.765625,76400.0,35000.0,70636.3671875,80700.0,33650.0,26150.0,25454.544921875,23217.390625,78000.0,81500.0,41150.0,13000.0,45800.0,15400.0,14229.9794921875,23833.333984375,66900.0,32250.0,16300.0,59800.0,60550.0,15936.0732421875,151700.0,128461.5390625,62800.0,21659.611328125,27500.0,34200.0,25320.0,37290.0,4787.39990234375
2026-04-13,21017.69921875,55400.0,37765.5859375,75100.0,34800.0,69090.90625,80700.0,32600.0,25900.0,25272.7265625,23000.0,77000.0,81300.0,40700.0,13100.0,45450.0,15000.0,14188.4931640625,23666.666015625,67300.0,31900.0,16350.0,59200.0,61450.0,16210.0458984375,160000.0,128307.6953125,62800.0,21342.25390625,27550.0,34050.0,25350.0,37140.0,4767.39990234375
2026-04-14,21238.9375,55500.0,37812.38671875,75200.0,34900.0,69272.7265625,79300.0,32700.0,26100.0,25954.544921875,23217.390625,77600.0,81600.0,40150.0,13150.0,45150.0,15100.0,14105.51953125,23916.666015625,66100.0,32050.0,16450.0,59300.0,64450.0,16073.0595703125,165500.0,128307.6953125,62000.0,21699.28125,27900.0,34380.0,25470.0,37060.0,4850.10009765625
2026-04-15,21061.947265625,54600.0,37718.7890625,74000.0,35050.0,68272.7265625,79200.0,33000.0,26350.0,25500.0,23130.435546875,77200.0,80000.0,39800.0,13050.0,46150.0,15400.0,14022.5458984375,23916.666015625,64300.0,31850.0,16400.0,59900.0,68500.0,15844.7490234375,177000.0,137076.921875,61300.0,21699.28125,29300.0,34640.0,25900.0,37000.0,4823.60009765625
2026-04-16,20929.203125,55000.0,37625.1953125,73500.0,34600.0,67363.6328125,78400.0,32200.0,26100.0,25409.091796875,22869.564453125,78000.0,81300.0,39100.0,13350.0,45750.0,15550.0,13815.111328125,24041.666015625,63800.0,31900.0,16250.0,59400.0,71550.0,15662.1005859375,189300.0,137076.921875,61100.0,21897.62890625,29600.0,34900.0,25800.0,36850.0,4808.2998046875
2026-04-17,21017.69921875,55700.0,37718.7890625,72600.0,34850.0,69090.90625,80100.0,33500.0,26200.0,25454.544921875,23000.0,79500.0,86900.0,39950.0,13250.0,45500.0,15300.0,13981.05859375,23791.666015625,64000.0,32250.0,16250.0,59500.0,67850.0,15844.7490234375,187900.0,136769.234375,61300.0,22413.333984375,28600.0,35000.0,25900.0,37410.0,4879.60009765625
2026-04-20,21194.689453125,57300.0,37952.77734375,72300.0,35100.0,69909.09375,79200.0,33000.0,26900.0,25863.63671875,22913.04296875,79800.0,87300.0,39450.0,13150.0,45500.0,15300.0,13981.05859375,24125.0,64200.0,32600.0,16400.0,60100.0,72550.0,15981.7353515625,191000.0,134846.15625,61500.0,22254.65625,29450.0,35330.0,26000.0,37640.0,4828.7998046875
2026-04-21,21017.69921875,55600.0,37812.38671875,71200.0,34850.0,68272.7265625,78700.0,32650.0,26700.0,25954.544921875,22869.564453125,79000.0,85600.0,39350.0,13100.0,45150.0,15150.0,13939.572265625,23583.333984375,67700.0,32700.0,16250.0,59600.0,72900.0,15707.7626953125,193700.0,135153.84375,61600.0,21857.958984375,29300.0,35430.0,26360.0,37650.0,4719.60009765625
2026-04-22,20884.955078125,55200.0,37671.9921875,70800.0,34900.0,67818.1796875,78100.0,32750.0,26550.0,25636.36328125,22782.609375,79000.0,86400.0,39000.0,13000.0,45050.0,15200.0,13939.572265625,23458.333984375,66500.0,33000.0,16300.0,59400.0,75150.0,15799.0869140625,207200.0,135153.84375,61800.0,21857.958984375,29950.0,35500.0,26100.0,37240.0,4753.0
2026-04-23,20796.4609375,54300.0,38935.5234375,71000.0,35500.0,67545.453125,77400.0,32600.0,26600.0,25272.7265625,22956.521484375,78200.0,84500.0,39300.0,12750.0,48200.0,14800.0,13856.5986328125,23291.666015625,65400.0,33300.0,16300.0,62800.0,74500.0,15707.7626953125,214500.0,134538.46875,62000.0,21738.951171875,29050.0,35970.0,26400.0,36980.0,4724.0
2026-04-24,20707.96484375,54200.0,38139.96875,71800.0,35000.0,66727.2734375,78300.0,33350.0,26900.0,25363.63671875,22782.609375,77200.0,83500.0,39700.0,12800.0,47000.0,14750.0,13815.111328125,23083.333984375,64900.0,34250.0,16300.0,60600.0,70600.0,15753.4248046875,212100.0,138846.15625,61400.0,21619.94140625,28800.0,35770.0,26200.0,37200.0,4740.89990234375
2026-04-27,20707.96484375,54200.0,38139.96875,71800.0,35000.0,66727.2734375,78300.0,33350.0,26900.0,25363.63671875,22782.609375,77200.0,83500.0,39700.0,12800.0,47000.0,14750.0,13815.111328125,23083.333984375,64900.0,34250.0,16300.0,60600.0,70600.0,15753.4248046875,212100.0,138846.15625,61400.0,21619.94140625,28800.0,35770.0,26200.0,37200.0,4693.7001953125
2026-04-28,20796.4609375,53600.0,37578.3984375,71000.0,34800.0,67636.3671875,73500.0,33000.0,26600.0,25227.2734375,22608.6953125,77400.0,85600.0,36950.0,12650.0,48500.0,14450.0,13815.111328125,23041.666015625,68100.0,34600.0,16250.0,59800.0,75500.0,15844.7490234375,225500.0,137461.53125,61200.0,21421.59375,30800.0,35800.0,26290.0,36900.0,4608.39990234375
2026-04-29,20796.4609375,53200.0,37531.6015625,70500.0,34950.0,68636.3671875,75200.0,33700.0,26600.0,25227.2734375,22652.173828125,76800.0,84000.0,37150.0,12650.0,47500.0,14550.0,13856.5986328125,23041.666015625,67500.0,33850.0,16250.0,59800.0,73000.0,14885.8447265625,214000.0,138461.53125,60900.0,21024.8984375,32300.0,35870.0,26410.0,36820.0,4561.5
2026-04-30,20796.4609375,53200.0,37531.6015625,70500.0,34950.0,68636.3671875,75200.0,33700.0,26600.0,25227.2734375,22652.173828125,76800.0,84000.0,37150.0,12650.0,47500.0,14550.0,13856.5986328125,23041.666015625,67500.0,33850.0,16250.0,59800.0,73000.0,14885.8447265625,214000.0,138461.53125,60900.0,21024.8984375,32300.0,35870.0,26410.0,36820.0,4629.60009765625
2026-05-01,20796.4609375,53200.0,37531.6015625,70500.0,34950.0,68636.3671875,75200.0,33700.0,26600.0,25227.2734375,22652.173828125,76800.0,84000.0,37150.0,12650.0,47500.0,14550.0,13856.5986328125,23041.666015625,67500.0,33850.0,16250.0,59800.0,73000.0,14885.8447265625,214000.0,138461.53125,60900.0,21024.8984375,32300.0,35870.0,26410.0,36820.0,4644.5
2026-05-04,20442.478515625,53400.0,38233.5625,70200.0,35350.0,67000.0,76500.0,36050.0,26500.0,25090.908203125,22695.65234375,76800.0,84900.0,38700.0,13300.0,47350.0,14350.0,13898.0849609375,23083.333984375,66200.0,33550.0,16300.0,60700.0,71000.0,14748.8583984375,212000.0,138384.609375,60900.0,21381.923828125,33700.0,35870.0,26390.0,37100.0,4533.2998046875
2026-05-05,20000.0,53300.0,37952.77734375,69200.0,35300.0,67545.453125,77700.0,35200.0,26400.0,24818.181640625,22565.216796875,76600.0,84800.0,39250.0,13650.0,47050.0,14000.0,13898.0849609375,22750.0,66600.0,33300.0,16250.0,59900.0,75600.0,14566.2099609375,219500.0,139230.765625,61100.0,22214.986328125,35200.0,36000.0,26260.0,36930.0,4568.5
2026-05-06,20442.478515625,53800.0,38280.359375,68500.0,35550.0,66636.3671875,79200.0,35800.0,26600.0,25090.908203125,22652.173828125,78400.0,86000.0,39000.0,14350.0,47800.0,14100.0,13939.572265625,23750.0,68900.0,33900.0,16250.0,60500.0,75500.0,14794.5205078125,219500.0,139615.390625,61500.0,22214.986328125,36600.0,36270.0,26500.0,36850.0,4694.2998046875
2026-05-07,20265.486328125,53400.0,38233.5625,67200.0,35800.0,66363.6328125,76000.0,35850.0,27500.0,25227.2734375,22695.65234375,81000.0,86000.0,37700.0,14350.0,46650.0,14100.0,13939.572265625,23625.0,73700.0,33700.0,16050.0,60300.0,80750.0,14703.1962890625,224000.0,140000.0,61500.0,22333.99609375,36500.0,36690.0,26790.0,37250.0,4710.89990234375
2026-05-08,20221.23828125,53000.0,39684.28515625,66000.0,36200.0,65363.63671875,74700.0,35700.0,27350.0,25318.181640625,22739.130859375,80200.0,84600.0,37600.0,14000.0,46250.0,14250.0,13939.572265625,23583.333984375,73500.0,33850.0,16000.0,60700.0,82000.0,14657.5341796875,226000.0,135538.46875,60900.0,22175.31640625,35900.0,36680.0,26700.0,37040.0,4730.7001953125
2026-05-11,20132.744140625,52000.0,38841.9296875,63700.0,35600.0,63636.36328125,73600.0,34750.0,26900.0,24545.455078125,22608.6953125,77500.0,83500.0,36800.0,13950.0,47600.0,14150.0,13856.5986328125,23583.333984375,72200.0,33800.0,15750.0,60300.0,80500.0,14566.2099609375,223000.0,131153.84375,60600.0,22056.30859375,33600.0,36260.0,26750.0,36600.0,4728.7001953125
2026-05-12,20088.49609375,52100.0,39075.91796875,66600.0,35250.0,64181.81640625,76500.0,36300.0,27350.0,24454.544921875,22521.73828125,77700.0,83800.0,37800.0,14050.0,47000.0,14000.0,13732.1376953125,23375.0,76800.0,33800.0,15800.0,59900.0,80100.0,14611.8720703125,222000.0,134615.390625,60100.0,22095.978515625,35450.0,36350.0,26980.0,36600.0,4686.7001953125
2026-05-13,19911.50390625,53100.0,40058.6640625,68700.0,35550.0,64272.7265625,81800.0,36800.0,27700.0,24636.36328125,22434.783203125,78900.0,83700.0,40350.0,14200.0,46550.0,14000.0,13815.111328125,23166.666015625,73500.0,33600.0,15600.0,60100.0,76250.0,14566.2099609375,221000.0,133153.84375,59300.0,22016.638671875,33000.0,36350.0,26900.0,36600.0,4706.7001953125
2026-05-14,20176.990234375,53400.0,40760.62890625,67900.0,35950.0,67181.8203125,83600.0,36200.0,27800.0,24590.908203125,22478.26171875,79100.0,84200.0,39850.0,14000.0,47000.0,14000.0,13856.5986328125,23416.666015625,73600.0,34000.0,15850.0,61000.0,78500.0,14657.5341796875,229800.0,133153.84375,60100.0,22730.69140625,34150.0,36680.0,27050.0,36820.0,4685.2998046875
2026-05-15,20619.46875,54000.0,40199.05859375,67100.0,35800.0,66272.7265625,89400.0,37750.0,27550.0,24136.36328125,22304.34765625,77500.0,82000.0,42200.0,14100.0,48550.0,13900.0,13690.6513671875,23250.0,72900.0,34050.0,15700.0,60700.0,79000.0,14703.1962890625,228000.0,131769.234375,59800.0,21857.958984375,34000.0,36520.0,26440.0,36650.0,4561.89990234375
2026-05-18,20353.982421875,56200.0,42398.5390625,71700.0,36300.0,68090.90625,93000.0,39300.0,27450.0,24045.455078125,22173.912109375,76500.0,79000.0,45150.0,14300.0,48400.0,13800.0,13732.1376953125,23458.333984375,72100.0,34000.0,15500.0,63200.0,77000.0,14703.1962890625,225000.0,131615.390625,60500.0,21778.62109375,33100.0,36420.0,26990.0,36300.0,4558.0
2026-05-19,20176.990234375,54000.0,41415.79296875,71000.0,35800.0,67727.2734375,86500.0,36550.0,26700.0,23863.63671875,21782.609375,76500.0,78200.0,42000.0,14000.0,48500.0,13650.0,13690.6513671875,23166.666015625,72300.0,32600.0,15350.0,64400.0,78500.0,14429.2236328125,225100.0,132307.6875,59800.0,21223.24609375,33500.0,36170.0,26910.0,36290.0,4511.2001953125
2026-05-20,20044.248046875,55300.0,41088.2109375,70500.0,35200.0,70636.3671875,89700.0,37600.0,25800.0,23818.181640625,21391.3046875,75600.0,77200.0,43850.0,13850.0,47700.0,13550.0,13649.1640625,22708.333984375,71600.0,32450.0,15500.0,64600.0,79950.0,14337.8994140625,226700.0,131230.765625,59100.0,21183.576171875,33500.0,35930.0,26770.0,35820.0,4535.2998046875
2026-05-21,20176.990234375,54500.0,40994.6171875,72200.0,34950.0,69545.453125,87300.0,36200.0,25850.0,24136.36328125,21565.216796875,76200.0,79500.0,42950.0,13500.0,48000.0,13600.0,13732.1376953125,22583.333984375,70800.0,32250.0,15600.0,64900.0,79900.0,14520.5478515625,218700.0,133461.53125,59000.0,21421.59375,32800.0,36000.0,26780.0,35840.0,4542.5
2026-05-22,20221.23828125,54100.0,40245.85546875,72000.0,34800.0,68272.7265625,84900.0,35300.0,25850.0,23954.544921875,21434.783203125,76000.0,79400.0,41950.0,13600.0,48100.0,13550.0,13856.5986328125,22958.333984375,71200.0,32200.0,15550.0,63500.0,76900.0,14337.8994140625,216500.0,130846.15625,59500.0,21262.916015625,31700.0,35820.0,26600.0,35900.0,4523.2001953125
2026-05-25,20840.70703125,53300.0,40245.85546875,70100.0,34800.0,66818.1796875,82000.0,34300.0,26400.0,24100.0,21565.216796875,77200.0,78700.0,39700.0,13650.0,47900.0,13700.0,14271.466796875,22875.0,70000.0,32550.0,15600.0,63700.0,79350.0,14520.5478515625,218800.0,133692.3125,59100.0,21421.59375,32800.0,35890.0,26800.0,36120.0,4523.2001953125
2026-05-26,21946.90234375,54600.0,40807.42578125,69200.0,35250.0,67727.2734375,82500.0,35150.0,26500.0,24250.0,22173.912109375,77000.0,78500.0,40000.0,13650.0,47200.0,13800.0,14478.900390625,23333.333984375,69600.0,32900.0,15800.0,64400.0,76900.0,14840.1826171875,213000.0,132769.234375,59100.0,21897.62890625,32700.0,36040.0,26850.0,36450.0,4502.2998046875
2026-05-27,22300.884765625,55400.0,40526.640625,68100.0,35350.0,66909.09375,81500.0,34800.0,26700.0,24150.0,22086.95703125,76500.0,80000.0,39450.0,14050.0,47750.0,14000.0,14852.2822265625,23250.0,68300.0,33650.0,16250.0,64200.0,73700.0,15251.1416015625,210800.0,132384.609375,58800.0,22254.65625,31250.0,35900.0,26940.0,36500.0,4448.39990234375
2026-05-28,21814.16015625,54100.0,39777.87890625,67000.0,34850.0,64727.2734375,81700.0,34350.0,25850.0,24000.0,21739.130859375,75500.0,77700.0,39450.0,13850.0,47200.0,13800.0,14450.0,22958.333984375,68000.0,32600.0,15900.0,62800.0,78850.0,14885.8447265625,210800.0,131076.921875,59000.0,21659.611328125,32250.0,35790.0,26800.0,36000.0,4499.2998046875
2026-05-29,22035.3984375,55100.0,39309.90625,67700.0,34800.0,65090.91015625,87400.0,34900.0,25900.0,24000.0,21739.130859375,74700.0,76300.0,41000.0,13700.0,46950.0,13800.0,14000.0,22916.666015625,68000.0,32750.0,15900.0,62000.0,78000.0,14703.1962890625,211300.0,132230.765625,59200.0,21500.93359375,32250.0,35750.0,26770.0,35930.0,4593.0
2026-06-01,22035.3984375,54700.0,39216.30859375,67100.0,34550.0,66272.7265625,84200.0,35050.0,25750.0,24050.0,21826.087890625,74700.0,79100.0,39750.0,13800.0,47200.0,13750.0,14200.0,22875.0,67000.0,32350.0,15700.0,62200.0,76000.0,14703.1962890625,204900.0,131538.46875,59100.0,21381.923828125,31200.0,35600.0,26900.0,36100.0,4506.2998046875
2026-06-02,22212.388671875,53300.0,39029.12109375,69700.0,33850.0,68000.0,82200.0,34600.0,24900.0,23700.0,21434.783203125,73200.0,77900.0,38850.0,13550.0,47000.0,13600.0,14400.0,22500.0,66600.0,31900.0,15600.0,61600.0,75400.0,14429.2236328125,204900.0,130846.15625,58600.0,20985.228515625,31000.0,35390.0,26750.0,36280.0,4519.89990234375
2026-06-03,23008.849609375,53700.0,39216.30859375,69700.0,33950.0,69545.453125,84500.0,34650.0,25200.0,24150.0,21913.04296875,75100.0,78500.0,39150.0,13550.0,47500.0,13800.0,14400.0,22750.0,66100.0,31550.0,15700.0,61900.0,74200.0,14520.5478515625,197600.0,131384.609375,58300.0,20985.228515625,30050.0,35130.0,26800.0,36160.0,4466.89990234375
2026-06-04,23230.087890625,54800.0,39918.2734375,70000.0,34100.0,69181.8203125,85200.0,35350.0,25450.0,23950.0,21739.130859375,74000.0,78400.0,41850.0,13700.0,47800.0,13800.0,14350.0,22583.333984375,70400.0,31450.0,15950.0,62200.0,75000.0,14840.1826171875,200200.0,132769.234375,58600.0,21024.8984375,31100.0,35490.0,26590.0,36250.0,4505.0
2026-06-05,23141.59375,54100.0,39309.90625,69700.0,33900.0,68181.8203125,85000.0,34800.0,25500.0,23750.0,21739.130859375,73100.0,78000.0,42000.0,13450.0,47800.0,14000.0,14350.0,22500.0,69800.0,31700.0,16200.0,61700.0,76000.0,14748.8583984375,207000.0,142000.0,58400.0,20985.228515625,31200.0,35490.0,26750.0,36300.0,4365.2998046875
2026-06-08,22345.1328125,53000.0,38373.95703125,66600.0,33250.0,66272.7265625,83900.0,33500.0,25100.0,23300.0,21391.3046875,70800.0,76400.0,41700.0,13450.0,47000.0,13700.0,14300.0,21958.333984375,69800.0,30850.0,15800.0,61300.0,73350.0,14383.5615234375,195000.0,136000.0,58000.0,20310.845703125,29600.0,34940.0,25760.0,36050.0,4363.39990234375
2026-06-09,23451.328125,52900.0,38514.34765625,67500.0,33400.0,67000.0,82400.0,33400.0,25100.0,23550.0,21434.783203125,72400.0,77400.0,40500.0,13650.0,47150.0,13800.0,14350.0,22083.333984375,72000.0,30900.0,16000.0,61500.0,73000.0,14429.2236328125,193200.0,137692.3125,58300.0,20548.86328125,29100.0,34980.0,25540.0,35720.0,4286.39990234375
2026-06-10,23451.328125,52700.0,38982.32421875,66200.0,33500.0,67454.546875,82500.0,33950.0,25300.0,23600.0,21478.26171875,71900.0,78200.0,40050.0,13650.0,47550.0,13800.0,14400.0,22125.0,70600.0,30950.0,15950.0,61700.0,73400.0,14520.5478515625,196000.0,140000.0,58900.0,20667.87109375,29650.0,35000.0,25970.0,35910.0,4133.2998046875
2026-06-11,23451.328125,53200.0,38748.3359375,67500.0,33350.0,66454.546875,82500.0,35400.0,25100.0,23300.0,21521.73828125,71000.0,76900.0,39850.0,13600.0,48600.0,13650.0,14500.0,21916.666015625,71300.0,30850.0,15850.0,61600.0,72250.0,14566.2099609375,196000.0,136538.46875,59200.0,20628.201171875,29150.0,34950.0,25790.0,35750.0,4114.0
2026-06-12,23451.328125,52600.0,38420.75390625,65600.0,33400.0,66818.1796875,85100.0,35000.0,25200.0,23200.0,21608.6953125,71100.0,76400.0,40050.0,13500.0,48600.0,13800.0,14550.0,21791.666015625,70900.0,31250.0,16350.0,61600.0,69350.0,14748.8583984375,195500.0,139076.921875,59000.0,20628.201171875,28600.0,34940.0,25760.0,35950.0,4238.7998046875
2026-06-15,22750.0,53500.0,38935.5234375,65200.0,33700.0,66909.09375,82600.0,35300.0,25200.0,24350.0,21913.04296875,72200.0,79400.0,38500.0,13900.0,48500.0,13900.0,14850.0,22541.666015625,71800.0,31700.0,16450.0,61600.0,68050.0,14840.1826171875,192600.0,141307.6875,59700.0,20826.55078125,28550.0,35100.0,25750.0,36250.0,4351.60009765625
2026-06-16,22300.0,53300.0,39216.30859375,65500.0,33700.0,66545.453125,81800.0,35300.0,25250.0,24200.0,21826.087890625,73000.0,79400.0,38600.0,14150.0,49100.0,13900.0,14850.0,23000.0,71300.0,31750.0,16450.0,61800.0,68250.0,14794.5205078125,194000.0,138000.0,59100.0,20905.888671875,28650.0,35150.0,25990.0,36570.0,4354.39990234375
2026-06-17,22000.0,54500.0,40199.05859375,66900.0,34300.0,65727.2734375,80900.0,35550.0,25250.0,24000.0,21913.04296875,72500.0,79100.0,38650.0,14150.0,48800.0,14000.0,14900.0,23083.333984375,72100.0,31450.0,16450.0,62200.0,67500.0,14977.1689453125,192000.0,143900.0,59000.0,21024.8984375,28150.0,34980.0,25960.0,36450.0,4381.39990234375
2026-06-18,22400.0,54100.0,40011.8671875,67000.0,33950.0,65090.91015625,81800.0,35550.0,25150.0,23650.0,21956.521484375,72100.0,78700.0,39000.0,14200.0,48200.0,13900.0,14850.0,22916.666015625,70900.0,31200.0,16200.0,61600.0,72200.0,14840.1826171875,205400.0,138400.0,59200.0,20945.55859375,30100.0,35330.0,25950.0,36690.0,4245.89990234375
2026-06-19,22200.0,53300.0,39122.71484375,66800.0,33750.0,65000.0,81200.0,35100.0,25150.0,23600.0,21739.130859375,72000.0,78000.0,38650.0,13900.0,48150.0,13750.0,14900.0,22625.0,72300.0,30950.0,16200.0,61700.0,72650.0,14657.5341796875,205500.0,140500.0,59000.0,20548.86328125,29350.0,35300.0,25960.0,36380.0,4245.89990234375
2026-06-22,22000.0,53500.0,39731.08203125,66000.0,33850.0,64181.81640625,81700.0,34500.0,25250.0,23600.0,21565.216796875,71500.0,77200.0,38650.0,14500.0,48200.0,13700.0,14950.0,22666.666015625,71200.0,30900.0,16250.0,61300.0,77700.0,14657.5341796875,219800.0,139500.0,58600.0,20628.201171875,30700.0,35470.0,26390.0,35810.0,4202.7001953125
2026-06-23,22350.0,52800.0,39918.2734375,64900.0,34000.0,64363.63671875,78900.0,33550.0,25650.0,23300.0,21565.216796875,71500.0,76000.0,37700.0,14300.0,47800.0,13700.0,15150.0,22375.0,71700.0,32050.0,16150.0,61300.0,78000.0,14703.1962890625,229000.0,137500.0,58400.0,21064.568359375,29800.0,35500.0,26250.0,36060.0,4149.39990234375
2026-06-24,22500.0,52800.0,39403.5,64300.0,33900.0,64363.63671875,79300.0,33650.0,25700.0,23500.0,21565.216796875,71500.0,77800.0,37800.0,14100.0,47800.0,13650.0,15150.0,22250.0,71200.0,32500.0,16000.0,61000.0,79800.0,14657.5341796875,230500.0,136400.0,58300.0,21064.568359375,30300.0,35850.0,26360.0,35800.0,4008.800048828125
2026-06-25,22400.0,52600.0,39216.30859375,63600.0,33500.0,64545.453125,77500.0,33100.0,25600.0,23400.0,21478.26171875,71500.0,77200.0,37250.0,14500.0,48600.0,13650.0,15200.0,22083.333984375,72200.0,33400.0,16000.0,60800.0,78250.0,14611.8720703125,225000.0,139400.0,58300.0,21183.576171875,29600.0,35790.0,26420.0,36000.0,4047.60009765625
2026-06-26,22600.0,52300.0,39029.12109375,63400.0,33600.0,64363.63671875,77000.0,32100.0,25400.0,23500.0,21521.73828125,71400.0,78500.0,36800.0,14800.0,48700.0,13650.0,16100.0,22000.0,73700.0,33400.0,16100.0,61400.0,81000.0,14748.8583984375,228000.0,139500.0,56300.0,21223.24609375,30000.0,36000.0,26540.0,35990.0,4096.2998046875
2026-06-29,22900.0,52300.0,39684.28515625,64900.0,33900.0,64000.0,77700.0,32600.0,25800.0,23650.0,21826.087890625,72100.0,79000.0,37250.0,14800.0,48000.0,13600.0,16150.0,22166.666015625,74900.0,33800.0,16350.0,62000.0,75150.0,15114.1552734375,217200.0,138800.0,56100.0,21461.263671875,29200.0,35870.0,26670.0,36180.0,4038.89990234375
2026-06-30,22650.0,52400.0,39684.28515625,64600.0,33950.0,63818.18359375,77400.0,32800.0,25850.0,23300.0,21913.04296875,72100.0,78100.0,36950.0,14700.0,48500.0,13550.0,16200.0,22291.666015625,73800.0,33500.0,16600.0,62200.0,75900.0,15068.4931640625,220000.0,139500.0,54800.0,21421.59375,28500.0,35870.0,26620.0,36260.0,4038.5
2026-07-01,22650.0,52400.0,39684.28515625,64600.0,33950.0,63818.18359375,77400.0,32800.0,25850.0,23300.0,21913.04296875,72100.0,78100.0,36950.0,14700.0,48500.0,13550.0,16200.0,22291.666015625,73800.0,33500.0,16600.0,62200.0,75900.0,15068.4931640625,220000.0,139500.0,54800.0,21421.59375,28500.0,35870.0,26670.0,36450.0,4082.39990234375
2026-07-02,22650.0,52400.0,39824.6796875,63300.0,34250.0,65909.09375,77300.0,33000.0,26600.0,23400.0,22304.34765625,72400.0,79700.0,37200.0,14900.0,48600.0,13700.0,16500.0,22583.333984375,72600.0,33850.0,16500.0,62100.0,75200.0,15205.4794921875,220300.0,139000.0,55500.0,21976.96875,28150.0,36000.0,26670.0,36500.0,4125.7001953125
2026-07-03,22650.0,51100.0,39543.89453125,62300.0,34150.0,65727.2734375,75300.0,32500.0,26950.0,23250.0,22260.869140625,71800.0,78900.0,36550.0,14900.0,47900.0,13650.0,16500.0,22791.666015625,72000.0,33600.0,16550.0,62000.0,75800.0,15022.8310546875,220300.0,141800.0,54900.0,22056.30859375,28150.0,35990.0,26680.0,36540.0,4125.7001953125
2026-07-06,22200.0,50300.0,38701.5390625,60000.0,34150.0,66363.6328125,74000.0,31000.0,27200.0,23100.0,22000.0,70500.0,78000.0,35100.0,14800.0,47150.0,13350.0,16400.0,22291.666015625,70800.0,33750.0,16200.0,61200.0,77050.0,14703.1962890625,220300.0,140600.0,55300.0,21778.62109375,27700.0,35750.0,26250.0,35970.0,4167.5
2026-07-07,22600.0,50700.0,38982.32421875,59500.0,34250.0,66545.453125,73800.0,31450.0,27700.0,23100.0,22391.3046875,68600.0,77500.0,34900.0,14700.0,47250.0,13400.0,16400.0,22625.0,70800.0,33850.0,16200.0,61300.0,75050.0,14840.1826171875,220300.0,139700.0,55100.0,21897.62890625,27350.0,35770.0,26360.0,35690.0,4157.39990234375
2026-07-08,22700.0,50700.0,39122.71484375,60400.0,34500.0,65545.453125,74800.0,31500.0,27550.0,23200.0,22608.6953125,69000.0,78800.0,35250.0,14700.0,47200.0,13400.0,16400.0,22666.666015625,70900.0,33750.0,16300.0,61600.0,75000.0,14840.1826171875,220700.0,138900.0,55700.0,22016.638671875,27050.0,35800.0,26660.0,36000.0,4082.39990234375
2026-07-09,22800.0,50400.0,38607.94140625,60100.0,34050.0,65545.453125,77000.0,31500.0,27300.0,23200.0,21391.3046875,68900.0,78500.0,36000.0,14200.0,47150.0,13350.0,15950.0,22458.333984375,71000.0,33150.0,16200.0,61100.0,74350.0,14703.1962890625,221000.0,139000.0,55700.0,21619.94140625,26900.0,35740.0,26510.0,35600.0,4140.7998046875
2026-07-10,22550.0,48700.0,38373.95703125,59000.0,33700.0,64181.81640625,75200.0,30600.0,27000.0,22950.0,21434.783203125,68800.0,76600.0,36000.0,14100.0,47150.0,13150.0,16250.0,22125.0,70100.0,32400.0,15950.0,60500.0,73500.0,14566.2099609375,223000.0,138000.0,56600.0,21183.576171875,26350.0,35570.0,26200.0,35200.0,4113.7001953125
2026-07-13,22450.0,46000.0,37391.20703125,57500.0,32600.0,64090.91015625,75400.0,29500.0,26700.0,22400.0,21260.869140625,67900.0,76000.0,35550.0,13800.0,46150.0,12600.0,15650.0,21375.0,68500.0,32350.0,15550.0,58900.0,71500.0,14155.2509765625,221500.0,134400.0,55400.0,20945.55859375,25900.0,34990.0,25940.0,34910.0,4005.699951171875
2026-07-14,22850.0,47050.0,37671.9921875,58600.0,32600.0,63909.08984375,78500.0,30500.0,26800.0,22500.0,21347.826171875,68400.0,76800.0,36800.0,14100.0,46800.0,12800.0,15900.0,21291.666015625,70400.0,32200.0,15500.0,59200.0,70400.0,14383.5615234375,219000.0,133300.0,56000.0,21024.8984375,25600.0,34930.0,25890.0,34740.0,4069.699951171875
2026-07-15,23100.0,45100.0,36970.03125,59000.0,32150.0,60727.2734375,77600.0,30100.0,26350.0,22400.0,20826.087890625,68000.0,76200.0,36050.0,13900.0,46050.0,12600.0,15800.0,20583.333984375,69800.0,31500.0,15300.0,59200.0,68000.0,14109.5888671875,217000.0,129700.0,56200.0,20469.5234375,24800.0,34680.0,25810.0,34500.0,4051.800048828125
2026-07-16,23750.0,44100.0,36782.83984375,60500.0,32300.0,61818.18359375,77400.0,30250.0,27150.0,22200.0,21000.0,68000.0,76700.0,35900.0,14100.0,46350.0,12700.0,16000.0,20833.333984375,71800.0,31900.0,15400.0,59400.0,71400.0,14109.5888671875,223000.0,132500.0,56200.0,20628.201171875,25050.0,34850.0,25900.0,34370.0,3992.10009765625
2026-07-17,23550.0,44000.0,36314.86328125,60000.0,32000.0,60909.08984375,76200.0,29700.0,27250.0,21850.0,20652.173828125,68000.0,76700.0,35200.0,13900.0,46900.0,12650.0,15950.0,20208.333984375,73500.0,31450.0,15200.0,58500.0,70250.0,14063.9267578125,220000.0,131300.0,59000.0,20509.193359375,24550.0,34670.0,25900.0,34470.0,4018.800048828125
2026-07-20,22850.0,40950.0,34630.15625,58100.0,30800.0,61000.0,73100.0,27900.0,26850.0,20600.0,19826.087890625,64800.0,75200.0,34300.0,13550.0,47300.0,11800.0,15750.0,18916.666015625,73000.0,29950.0,14550.0,56700.0,68450.0,13652.9677734375,220000.0,132000.0,58500.0,19834.80859375,23250.0,34100.0,25550.0,33550.0,4015.89990234375
2026-07-21,22850.0,39650.0,34442.96484375,58300.0,30900.0,58909.08984375,68000.0,27350.0,26950.0,20800.0,19739.130859375,64900.0,75900.0,32650.0,13550.0,47000.0,11800.0,15650.0,19333.333984375,72700.0,29800.0,14550.0,56700.0,68200.0,13698.6298828125,217300.0,130800.0,58400.0,20112.49609375,23050.0,34000.0,25190.0,33480.0,4076.39990234375
2026-07-22,22400.0,37900.0,33553.8125,57100.0,29700.0,58727.2734375,64400.0,27150.0,25800.0,20700.0,19434.783203125,63900.0,70600.0,32750.0,13200.0,46950.0,11700.0,15650.0,18875.0,71000.0,29000.0,14100.0,54500.0,63450.0,13196.3466796875,202100.0,126000.0,59100.0,19834.80859375,21750.0,33200.0,24770.0,32000.0,4151.89990234375
2026-07-23,22500.0,38400.0,33694.203125,57200.0,29050.0,58818.18359375,66800.0,27100.0,25950.0,20800.0,19173.912109375,64000.0,71500.0,33400.0,13550.0,47000.0,12000.0,15650.0,19625.0,72000.0,29250.0,14000.0,54000.0,66000.0,13333.3330078125,214000.0,127600.0,57800.0,19834.80859375,22000.0,33250.0,24690.0,31950.0,4050.199951171875
2026-07-24,22500.0,37700.0,33694.203125,57000.0,29000.0,57181.81640625,67200.0,26200.0,25850.0,20800.0,19043.478515625,63900.0,68000.0,33800.0,13350.0,46500.0,11800.0,15400.0,19000.0,73500.0,28600.0,14200.0,54100.0,65000.0,13150.6845703125,213100.0,127400.0,58900.0,19795.140625,21900.0,33000.0,24860.0,31730.0,4070.800048828125
2026-07-27,22300.0,35100.0,32477.46875,57500.0,28750.0,56545.453125,66900.0,26000.0,25300.0,20350.0,18826.087890625,63900.0,63300.0,32800.0,13200.0,46600.0,11450.0,15550.0,18333.333984375,72500.0,28250.0,13900.0,54000.0,65500.0,12922.3740234375,213500.0,126000.0,57900.0,19477.783203125,21350.0,32690.0,24790.0,31450.0,4077.0
2026-07-28,22500.0,35550.0,32851.84765625,56600.0,29000.0,57272.7265625,67000.0,26350.0,25100.0,21000.0,19260.869140625,65700.0,65200.0,32700.0,13300.0,43150.0,11400.0,15550.0,19166.666015625,72500.0,28500.0,14050.0,54100.0,65950.0,13150.6845703125,213800.0,123400.0,59600.0,19517.453125,21300.0,32880.0,25150.0,31400.0,4038.699951171875
2026-07-29,22300.0,35000.0,33179.43359375,59000.0,29350.0,59181.81640625,67900.0,26750.0,25500.0,21650.0,19217.390625,66300.0,66500.0,32950.0,13350.0,43000.0,11200.0,15400.0,19375.0,71500.0,28400.0,14100.0,54600.0,70000.0,13150.6845703125,219400.0,125500.0,60000.0,19319.103515625,22750.0,33310.0,24900.0,31480.0,4036.300048828125
2026-07-30,22350.0,36300.0,34864.140625,61100.0,30450.0,60909.08984375,68700.0,27550.0,25700.0,21800.0,19565.216796875,67900.0,69800.0,33850.0,13700.0,43400.0,11750.0,15550.0,20000.0,71600.0,29300.0,14400.0,56500.0,73950.0,13470.3193359375,220000.0,124200.0,61200.0,19834.80859375,24300.0,34000.0,25300.0,32480.0,4100.10009765625
2026-07-31,21900.0,35700.0,35566.10546875,60100.0,30800.0,61000.0,68600.0,27500.0,25200.0,21700.0,19565.216796875,66100.0,69900.0,33300.0,13600.0,43550.0,11500.0,15550.0,19625.0,71300.0,28950.0,14100.0,59300.0,74050.0,13242.0087890625,214100.0,125000.0,60900.0,19676.130859375,24800.0,33700.0,25600.0,32440.0,4107.0
2026-08-03,22550.0,36900.0,35800.09375,64300.0,31800.0,65181.81640625,71200.0,28200.0,26000.0,22550.0,20869.564453125,68200.0,72500.0,34700.0,13950.0,44800.0,11900.0,15550.0,20458.333984375,71500.0,29950.0,14400.0,60800.0,74000.0,13561.6435546875,213000.0,126600.0,60300.0,20231.505859375,25200.0,34400.0,25500.0,33490.0,4090.5
2026-08-04,22450.0,37000.0,35566.10546875,63000.0,31850.0,65000.0,69900.0,28500.0,26700.0,22150.0,21217.390625,68400.0,72100.0,33450.0,13900.0,45100.0,11800.0,15450.0,20458.333984375,74100.0,29650.0,14550.0,60000.0,76450.0,13515.9814453125,218000.0,126500.0,59500.0,20350.513671875,26400.0,34530.0,25240.0,33580.0,4152.60009765625
2026-08-05,22450.0,36600.0,35566.10546875,63900.0,31850.0,63909.08984375,70500.0,28150.0,26550.0,22000.0,21130.435546875,67200.0,72200.0,34250.0,13800.0,44400.0,11800.0,15350.0,20333.333984375,73200.0,29650.0,14750.0,59300.0,76500.0,13515.9814453125,220000.0,126100.0,58600.0,20231.505859375,26450.0,34400.0,25590.0,33550.0,4305.2001953125
2026-08-06,22150.0,36100.0,35472.5078125,62800.0,31350.0,64272.7265625,69800.0,27850.0,26550.0,21850.0,20782.609375,66500.0,71200.0,33700.0,13400.0,43700.0,11800.0,15200.0,20250.0,72200.0,29200.0,14500.0,59000.0,76500.0,13287.6708984375,218800.0,126000.0,59000.0,19953.818359375,25300.0,34290.0,25570.0,33250.0,4299.60009765625
2026-08-07,22400.0,38600.0,36548.8515625,66900.0,32500.0,64363.63671875,74600.0,29750.0,26550.0,22000.0,21000.0,67400.0,71000.0,35950.0,13600.0,44750.0,11700.0,15050.0,20375.0,74600.0,29700.0,14600.0,59700.0,73000.0,13378.9951171875,215000.0,125500.0,62000.0,19834.80859375,24950.0,34250.0,25600.0,33390.0,4399.7001953125
2026-08-10,22650.0,41300.0,36970.03125,67500.0,32800.0,65272.7265625,79800.0,31800.0,26950.0,22100.0,21086.95703125,67700.0,73000.0,37500.0,13850.0,46500.0,12000.0,15250.0,20916.666015625,74600.0,31350.0,14750.0,60300.0,71600.0,13561.6435546875,208500.0,125500.0,62100.0,20509.193359375,25550.0,34490.0,25590.0,33340.0,4419.7001953125
2026-08-11,22650.0,41150.0,36595.6484375,66000.0,32300.0,64727.2734375,77500.0,31400.0,26900.0,22050.0,20350.0,67100.0,73200.0,36600.0,13750.0,45650.0,11900.0,15400.0,20958.333984375,74300.0,31000.0,14700.0,59800.0,72100.0,13515.9814453125,208500.0,127200.0,62000.0,20231.505859375,25450.0,34500.0,25590.0,33780.0,4441.10009765625
2026-08-12,22750.0,44000.0,36736.04296875,66800.0,32200.0,64363.63671875,80000.0,32250.0,27200.0,22100.0,20450.0,67200.0,74000.0,36650.0,13750.0,46300.0,11850.0,15450.0,21083.333984375,74100.0,31500.0,14700.0,59700.0,73800.0,13515.9814453125,215500.0,127700.0,61800.0,20390.18359375,25450.0,34710.0,25580.0,33660.0,4467.5
2026-08-13,22200.0,45500.0,36361.6640625,65500.0,32150.0,62909.08984375,77900.0,32650.0,26700.0,21700.0,20150.0,67600.0,73600.0,35600.0,13500.0,45850.0,11800.0,15200.0,20833.333984375,73100.0,31700.0,14450.0,59500.0,71800.0,13287.6708984375,207900.0,124900.0,61600.0,20112.49609375,24600.0,34540.0,25520.0,33650.0,4420.39990234375
2026-08-14,22150.0,43050.0,35800.09375,65000.0,31450.0,62090.91015625,76000.0,31200.0,26450.0,21250.0,20000.0,66300.0,72400.0,35050.0,13250.0,45300.0,11750.0,15050.0,20416.666015625,72300.0,32000.0,14400.0,58500.0,68200.0,13150.6845703125,200400.0,123200.0,61600.0,19914.1484375,23950.0,33900.0,25190.0,33500.0,4437.2998046875
2026-08-17,21850.0,42000.0,35900.0,68500.0,31500.0,62545.453125,79100.0,31350.0,26850.0,21200.0,19900.0,66900.0,73500.0,35500.0,13350.0,45750.0,11650.0,15200.0,19800.0,74200.0,31800.0,14450.0,58200.0,68200.0,13059.3603515625,198000.0,123500.0,62200.0,19636.4609375,24400.0,33800.0,24900.0,33880.0,4473.7001953125
2026-08-18,21650.0,42600.0,36000.0,67500.0,31550.0,62727.2734375,83500.0,32000.0,26950.0,21000.0,19950.0,66800.0,72800.0,37950.0,13350.0,46300.0,11600.0,15050.0,19500.0,75200.0,30850.0,14350.0,58000.0,69200.0,13150.6845703125,200000.0,123500.0,62100.0,19755.470703125,24400.0,33800.0,24710.0,33150.0,4420.60009765625
2026-08-19,21800.0,41400.0,35700.0,66800.0,31000.0,62636.36328125,83700.0,31700.0,26700.0,21200.0,19950.0,66400.0,72200.0,38100.0,13350.0,45900.0,11500.0,15050.0,19400.0,74800.0,31000.0,14500.0,57400.0,69100.0,13105.0224609375,200000.0,123100.0,63100.0,19715.80078125,24100.0,33780.0,24850.0,33370.0,4545.2998046875
2026-08-20,21950.0,40600.0,35850.0,66600.0,31400.0,63454.546875,83500.0,31450.0,26850.0,21150.0,20300.0,68100.0,72700.0,38200.0,13400.0,46800.0,11600.0,15100.0,19400.0,74500.0,31000.0,14500.0,57800.0,69500.0,13150.6845703125,202000.0,123400.0,64000.0,19755.470703125,24150.0,33800.0,24850.0,33500.0,4571.39990234375
2026-08-21,22750.0,42650.0,36900.0,65900.0,32150.0,65454.546875,83500.0,32100.0,27300.0,21700.0,20850.0,69800.0,75000.0,37950.0,13600.0,46800.0,11900.0,15300.0,20750.0,74700.0,31650.0,14800.0,59100.0,71700.0,13470.3193359375,205000.0,124500.0,63800.0,20390.18359375,25300.0,34750.0,25260.0,34200.0,4680.60009765625
2026-08-24,22500.0,42200.0,36900.0,64500.0,31800.0,64909.08984375,85000.0,32200.0,27400.0,22250.0,20750.0,70000.0,75100.0,38050.0,13550.0,46100.0,12100.0,15500.0,21250.0,74900.0,31450.0,14600.0,59200.0,73400.0,13470.3193359375,214500.0,124500.0,63200.0,20905.888671875,25300.0,34850.0,25580.0,34530.0,4697.7998046875
2026-08-25,22200.0,41550.0,36700.0,63600.0,31500.0,64272.7265625,83500.0,32500.0,27000.0,21800.0,20650.0,69500.0,73900.0,37500.0,13300.0,46100.0,12050.0,15850.0,21250.0,74200.0,31300.0,14450.0,59400.0,73600.0,13378.9951171875,220500.0,124700.0,62600.0,20945.55859375,25200.0,34940.0,25650.0,34510.0,4694.5
2026-08-26,22250.0,44450.0,36900.0,63000.0,31850.0,66000.0,84100.0,33400.0,27750.0,22050.0,21050.0,70100.0,75500.0,37400.0,13300.0,46150.0,12050.0,16000.0,21650.0,74600.0,33450.0,14500.0,60300.0,73600.0,13378.9951171875,230000.0,127000.0,62800.0,21223.24609375,25600.0,35290.0,25750.0,34850.0,4653.2998046875
2026-08-27,22600.0,43350.0,36950.0,63800.0,31900.0,65636.3671875,84300.0,32950.0,27800.0,22200.0,21050.0,70200.0,75900.0,36400.0,13150.0,45750.0,11900.0,16000.0,21400.0,73500.0,34100.0,14700.0,60100.0,73800.0,13607.3056640625,236000.0,126500.0,62500.0,21738.951171875,26000.0,35500.0,25970.0,34980.0,4664.0
2026-08-28,22650.0,43350.0,36850.0,64000.0,31950.0,66545.453125,84200.0,32350.0,27800.0,22100.0,21050.0,70200.0,75000.0,36250.0,13100.0,45600.0,12200.0,17100.0,21350.0,75500.0,33400.0,14650.0,60100.0,73000.0,13652.9677734375,236000.0,125000.0,62300.0,22056.30859375,26100.0,35670.0,26150.0,34980.0,4529.89990234375
2026-08-31,22650.0,43350.0,36850.0,64000.0,31950.0,66545.453125,84200.0,32350.0,27800.0,22100.0,21050.0,70200.0,75000.0,36250.0,13100.0,45600.0,12200.0,17100.0,21350.0,75500.0,33400.0,14650.0,60100.0,73000.0,13652.9677734375,236000.0,125000.0,62300.0,22056.30859375,26100.0,35670.0,26150.0,34980.0,4481.5
2026-09-01,22650.0,43350.0,36850.0,64000.0,31950.0,66545.453125,84200.0,32350.0,27800.0,22100.0,21050.0,70200.0,75000.0,36250.0,13100.0,45600.0,12200.0,17100.0,21350.0,75500.0,33400.0,14650.0,60100.0,73000.0,13652.9677734375,236000.0,125000.0,62300.0,22056.30859375,26100.0,35670.0,26150.0,34980.0,4396.39990234375
2026-09-02,22650.0,43350.0,36850.0,64000.0,31950.0,66545.453125,84200.0,32350.0,27800.0,22100.0,21050.0,70200.0,75000.0,36250.0,13100.0,45600.0,12200.0,17100.0,21350.0,75500.0,33400.0,14650.0,60100.0,73000.0,13652.9677734375,236000.0,125000.0,62300.0,22056.30859375,26100.0,35670.0,26150.0,34980.0,4414.60009765625
2026-09-03,22200.0,42350.0,36450.0,64100.0,31500.0,65636.3671875,84000.0,31700.0,27200.0,21600.0,20600.0,69000.0,73200.0,36200.0,12950.0,45000.0,11950.0,18250.0,20900.0,74500.0,32100.0,14500.0,58700.0,73400.0,13424.6572265625,244500.0,125600.0,61200.0,21381.923828125,26300.0,35240.0,25940.0,34000.0,4539.89990234375
2026-09-04,22200.0,42300.0,36500.0,65400.0,31400.0,66181.8203125,84000.0,31500.0,27200.0,21700.0,20550.0,69000.0,73100.0,36000.0,12850.0,45350.0,12050.0,17450.0,21050.0,77300.0,32600.0,14700.0,58900.0,75200.0,13744.2919921875,256100.0,124500.0,61900.0,22056.30859375,26500.0,35340.0,25910.0,34450.0,4476.60009765625
2026-09-07,22250.0,42400.0,36000.0,64100.0,30800.0,65818.1796875,82800.0,31700.0,27350.0,21550.0,20200.0,68600.0,72000.0,35150.0,12850.0,44850.0,11900.0,17850.0,20850.0,76600.0,31900.0,14550.0,58000.0,74500.0,13607.3056640625,245000.0,125000.0,60700.0,21659.611328125,27000.0,35400.0,25920.0,34100.0,4476.60009765625
2026-09-08,22300.0,42400.0,36200.0,63000.0,30750.0,65636.3671875,84400.0,31800.0,27350.0,21850.0,20150.0,68400.0,72300.0,35750.0,12750.0,44950.0,11850.0,18000.0,21000.0,76100.0,31950.0,14500.0,58100.0,73600.0,13744.2919921875,249600.0,126000.0,61000.0,21738.951171875,26200.0,35250.0,25800.0,34040.0,4439.0
2026-09-09,22300.0,42400.0,36200.0,63000.0,30750.0,65636.3671875,84400.0,31800.0,27350.0,21850.0,20150.0,68400.0,72300.0,35750.0,12750.0,44950.0,11850.0,18000.0,21000.0,76100.0,31950.0,14500.0,58100.0,73600.0,13744.2919921875,249600.0,126000.0,61000.0,21738.951171875,26200.0,35250.0,25860.0,33800.0,4460.7001953125
2026-09-10,22400.0,40700.0,36350.0,63000.0,30550.0,67727.2734375,84600.0,31700.0,27450.0,21850.0,20100.0,68700.0,72900.0,35500.0,12850.0,44850.0,11750.0,18000.0,21000.0,78000.0,32400.0,14450.0,59000.0,73100.0,13700.0,247700.0,125200.0,61600.0,21818.291015625,26450.0,35450.0,25980.0,34240.0,4407.2998046875
2026-09-11,22050.0,38850.0,35600.0,64000.0,29950.0,66090.90625,82900.0,30000.0,26800.0,21300.0,19750.0,66500.0,71300.0,35200.0,12600.0,43850.0,11550.0,18300.0,20300.0,77300.0,31600.0,14150.0,58200.0,72000.0,13250.0,243300.0,124700.0,59900.0,21381.923828125,25600.0,34850.0,25580.0,33520.0,4408.89990234375
2026-09-14,22050.0,39000.0,35750.0,68000.0,29850.0,65818.1796875,85700.0,29950.0,26800.0,20900.0,19700.0,66600.0,69800.0,35250.0,12400.0,44750.0,11400.0,19550.0,20300.0,76400.0,31850.0,14000.0,58500.0,71700.0,13250.0,241400.0,122900.0,59300.0,21580.2734375,25750.0,34800.0,25370.0,33500.0,4351.89990234375
2026-09-15,22100.0,40000.0,36800.0,70200.0,30550.0,66090.90625,91400.0,30950.0,27100.0,21200.0,20000.0,67400.0,71200.0,37350.0,12450.0,44550.0,11550.0,20900.0,20650.0,76000.0,32200.0,14150.0,60000.0,71400.0,13500.0,241300.0,124400.0,59700.0,21937.298828125,25700.0,35000.0,25500.0,33760.0,4332.7998046875
2026-09-16,22600.0,40400.0,36350.0,71000.0,30850.0,67090.90625,89400.0,32100.0,27100.0,20950.0,20300.0,67400.0,71500.0,38200.0,12650.0,44100.0,11500.0,22350.0,20550.0,75800.0,32450.0,14000.0,59300.0,71000.0,13550.0,241200.0,124400.0,59600.0,21897.62890625,25500.0,35000.0,25540.0,33900.0,4387.5
2026-09-17,22800.0,40450.0,36700.0,69400.0,31400.0,67545.453125,88600.0,32200.0,27600.0,21200.0,20550.0,67700.0,73100.0,37800.0,12600.0,44300.0,11600.0,23450.0,21150.0,76200.0,32650.0,14050.0,59600.0,71300.0,13600.0,241200.0,126800.0,60200.0,22373.6640625,25800.0,35350.0,25580.0,34100.0,4399.7001953125
2026-09-18,21900.0,40250.0,35750.0,68500.0,30250.0,65181.81640625,88000.0,31900.0,27500.0,21550.0,19900.0,68400.0,72500.0,37400.0,12600.0,44300.0,11800.0,24100.0,21400.0,78200.0,31600.0,14100.0,59900.0,71000.0,13600.0,241200.0,129000.0,61200.0,21778.62109375,25500.0,35500.0,25800.0,34200.0,4424.89990234375
2026-09-21,22400.0,39800.0,36200.0,70500.0,31000.0,65181.81640625,88600.0,32200.0,27600.0,21100.0,20200.0,67700.0,71700.0,36850.0,12550.0,43850.0,11600.0,22450.0,20900.0,76700.0,32250.0,14000.0,58900.0,68100.0,13350.0,235000.0,138000.0,60300.0,22572.013671875,24750.0,34890.0,25490.0,33810.0,4383.89990234375
2026-09-22,22000.0,40200.0,36200.0,69700.0,30950.0,66400.0,86000.0,32200.0,27550.0,21150.0,20100.0,70300.0,72800.0,36500.0,12800.0,44650.0,11650.0,20900.0,20950.0,76700.0,32300.0,14250.0,58900.0,69400.0,13400.0,243800.0,135900.0,61200.0,22214.986328125,25100.0,35200.0,25760.0,33900.0,4376.39990234375
2026-09-23,21800.0,40550.0,36350.0,69300.0,30700.0,66100.0,84800.0,32150.0,28000.0,21050.0,20000.0,69800.0,73200.0,36400.0,12750.0,44200.0,11700.0,20500.0,20850.0,76900.0,33150.0,14750.0,58500.0,68200.0,13550.0,236000.0,135000.0,60500.0,22214.986328125,24900.0,35180.0,25600.0,34030.0,4318.39990234375
2026-09-24,21400.0,40950.0,35900.0,69200.0,30150.0,65300.0,82000.0,32800.0,27650.0,20800.0,19850.0,70800.0,72900.0,35000.0,12500.0,44150.0,11600.0,20000.0,20850.0,76900.0,32950.0,14700.0,58100.0,65400.0,13450.0,230000.0,132000.0,60600.0,22100.0,24150.0,34930.0,25460.0,33560.0,4298.0
2026-09-25,21400.0,40200.0,35750.0,68800.0,30150.0,64700.0,80500.0,32900.0,27800.0,20650.0,19900.0,70100.0,73400.0,35000.0,12450.0,43900.0,11600.0,19450.0,20700.0,76500.0,33250.0,14600.0,58000.0,69100.0,13400.0,232000.0,132800.0,59800.0,23000.0,24500.0,34600.0,25350.0,33720.0,4321.2001953125
2026-09-28,21100.0,39050.0,35750.0,73600.0,29850.0,63700.0,83500.0,32200.0,27500.0,20200.0,19800.0,69000.0,72000.0,35600.0,12650.0,43350.0,11500.0,18850.0,20150.0,77200.0,32850.0,14600.0,58300.0,69500.0,13150.0,231900.0,132900.0,60300.0,22950.0,24400.0,34480.0,25200.0,33040.0,4168.39990234375
2026-09-29,21050.0,39600.0,35900.0,74200.0,29750.0,63200.0,84900.0,33300.0,27400.0,20300.0,19600.0,69400.0,71900.0,36450.0,12700.0,43050.0,11450.0,19100.0,20150.0,75800.0,32600.0,14500.0,58000.0,69800.0,13400.0,230000.0,133500.0,60300.0,22950.0,24150.0,34390.0,24900.0,33120.0,4179.7001953125
2026-09-30,21100.0,39700.0,35950.0,74500.0,30000.0,63000.0,82000.0,33300.0,27500.0,20150.0,19650.0,69000.0,72400.0,35600.0,13000.0,42900.0,11450.0,18250.0,20100.0,74000.0,32550.0,14450.0,58000.0,68500.0,13350.0,227900.0,132000.0,59400.0,23400.0,24350.0,34390.0,25410.0,33140.0,4186.7001953125
2026-10-01,21100.0,39500.0,35450.0,74500.0,30050.0,62700.0,82000.0,32750.0,28000.0,20050.0,19550.0,70900.0,72600.0,36650.0,12900.0,43300.0,11350.0,17750.0,20150.0,70300.0,33000.0,14400.0,57600.0,68400.0,13400.0,220000.0,129600.0,58600.0,23300.0,24150.0,34220.0,24840.0,32990.0,4214.7998046875
